id,title,genres,vote_average,vote_count,popularity,release_date,budget,revenue,cast,keywords
1007757,Swapped,"['Adventure', 'Animation', 'Family', 'Fantasy']",8.944,598,444.1758,2026-05-01,0,0,"['Michael B. Jordan', 'Juno Temple', 'Tracy Morgan', 'Cedric the Entertainer', 'Justina Machado', 'Nate Torrence']","['wolf', 'buddy', 'forest fire', 'woodlands', 'forest lore', 'relaxed', 'bird', '3d animation']"
1226863,The Super Mario Galaxy Movie,"['Family', 'Comedy', 'Adventure', 'Fantasy', 'Animation']",6.711,812,411.1512,2026-04-01,110000000,940914435,"['Chris Pratt', 'Anya Taylor-Joy', 'Charlie Day', 'Jack Black', 'Donald Glover', 'Benny Safdie']","['galaxy', 'friendship', 'sibling relationship', 'space travel', 'turtle', 'sequel', 'slapstick comedy', 'robot']"
1318447,Apex,"['Action', 'Thriller']",6.584,869,327.8417,2026-04-24,0,0,"['Charlize Theron', 'Taron Egerton', 'Eric Bana', 'Caitlin Stasey', 'Bessie Holland', 'Zachary Garred']","['canoe trip', 'rock climbing', 'nutcase', 'survival instinct', 'australian wilderness', 'missing persons case', 'cat‑and‑mouse chase', 'dangerous threat']"
687163,Project Hail Mary,"['Science Fiction', 'Adventure']",8.313,2383,308.2764,2026-03-15,200000000,656302282,"['Ryan Gosling', 'Sandra Hüller', 'James Ortiz', 'Lionel Boyce', 'Milana Vayntrub', 'Ken Leung']","['friendship', 'coma', 'based on novel or book', 'bravery', 'sun', 'language barrier', 'space travel', 'space mission']"
350,The Devil Wears Prada,"['Drama', 'Comedy']",7.399,13305,284.2322,2006-06-29,35000000,326588371,"['Meryl Streep', 'Anne Hathaway', 'Emily Blunt', 'Stanley Tucci', 'Simon Baker', 'Adrian Grenier']","['new york city', 'journalist', 'paris, france', 'based on novel or book', 'journalism', 'fashion journal', 'assistant', 'job entrant']"
1198994,Send Help,"['Horror', 'Thriller', 'Comedy']",7.03,1331,246.0221,2026-01-22,40000000,94041481,"['Rachel McAdams', ""Dylan O'Brien"", 'Edyll Ismail', 'Dennis Haysbert', 'Xavier Samuel', 'Chris Pang']","['bullying', 'role reversal', 'survival', 'struggle for survival', 'survival horror', 'deserted island', 'power struggle', 'colleagues']"
1523145,Your Heart Will Be Broken,"['Romance', 'Drama']",6.9,76,235.0864,2026-03-26,3716000,7578000,"['Daniel Vegas', 'Veronika Zhuravleva', 'Ivan Trushin', 'Maksim Saprykin', 'Alya Mayer', 'Evgeniya Loza']","['based on novel or book', 'appreciative']"
931285,Mortal Kombat II,"['Action', 'Fantasy', 'Adventure']",7.191,118,223.5434,2026-05-06,80000000,60001177,"['Karl Urban', 'Adeline Rudolph', 'Jessica McNamee', 'Ludi Lin', 'Mehcad Brooks', 'Josh Lawson']","['martial arts', 'magic', 'ninja fighter', 'gore', 'sequel', 'god', 'alternate dimension', 'ninja']"
1630423,My Dearest Assassin,"['Action', 'Drama', 'Romance']",8.321,70,206.6206,2026-05-06,0,0,"['Pimchanok Luevisadpaibul', 'Thanapob Leeratanakachorn', 'Sivakorn Adulsuttikul', 'Chartayodom Hiranyatithi', 'Theerachai Wimolchaireuk', 'Teerawat Mulvilai']","['cynical', 'brisk']"
318256,Hot Girls Wanted,['Documentary'],6.1,718,229.8024,2015-01-24,0,0,"['Stella May', 'Brian Omally', 'Ava Taylor', 'John Anthony', 'Kelly Silguero', 'Emeterio Silguero']","['porn star', 'softcore', 'craigslist', 'woman director', 'adult filmmaking', 'sex trade', 'adult']"
10867,Malena,['Drama'],7.4,2532,158.5324,2000-10-27,0,14493284,"['Monica Bellucci', 'Giuseppe Sulfaro', 'Luciano Federico', 'Matilde Piana', 'Pietro Notarianni', 'Gaetano Aronica']","['prostitute', 'jealousy', 'sicily, italy', 'widow', 'world war ii', 'longing', 'coming of age', 'beautiful woman']"
1266127,Ready or Not 2: Here I Come,"['Horror', 'Comedy']",7.44,580,190.3458,2026-03-19,14000000,42212563,"['Samara Weaving', 'Kathryn Newton', 'Elijah Wood', 'Sarah Michelle Gellar', 'Shawn Hatosy', 'Varun Saranga']","['escape', 'ritual', 'dark comedy', 'satanism', 'gore', 'pact with the devil', 'sequel', 'game']"
936075,Michael,"['Music', 'Drama']",7.56,647,168.4406,2026-04-22,250000000,581020270,"['Jaafar Jackson', 'Colman Domingo', 'Nia Long', 'Juliano Krue Valdi', 'Miles Teller', 'KeiLyn Durrel Jones']","['child abuse', 'sibling relationship', '1970s', 'abusive father', 'ambition', 'biography', 'singer', 'period drama']"
83533,Avatar: Fire and Ash,"['Science Fiction', 'Adventure', 'Fantasy']",7.418,2940,162.5228,2025-12-17,350000000,1490477656,"['Sam Worthington', 'Zoe Saldaña', 'Sigourney Weaver', 'Stephen Lang', 'Oona Chaplin', 'Jack Champion']","['witch', 'clone', 'space war', 'tribe', 'sequel', 'alien', 'transhumanism', 'family']"
1327819,Hoppers,"['Animation', 'Adventure', 'Comedy', 'Family', 'Science Fiction']",7.905,920,162.295,2026-03-04,150000000,380239139,"['Piper Curda', 'Bobby Moynihan', 'Jon Hamm', 'Kathy Najimy', 'Dave Franco', 'Eduardo Franco']","['human vs nature', 'spy', 'beaver', 'oregon, usa', 'transhumanism', 'consciousness', 'aftercreditsstinger', 'duringcreditsstinger']"
1669050,Tayuan 2,['Drama'],3.7,3,143.6367,2026-04-17,0,0,"['Ashley Lopez', 'Marco Mora', 'Chester Grecia', 'Dara Lima', 'Adriana Roces', 'Princess Flores']",['sexy']
1330021,Remarkably Bright Creatures,"['Drama', 'Mystery']",8.2,113,140.2924,2026-05-07,0,0,"['Sally Field', 'Lewis Pullman', 'Colm Meaney', 'Joan Chen', 'Kathy Baker', 'Beth Grant']","['aquarium', 'octopus', 'british columbia', 'washington', 'loss of child', 'based on young adult novel', 'fictional town']"
1613798,Vengeance,"['Action', 'Thriller']",7.123,154,122.5138,2026-02-26,0,0,"['Omar Chaparro', 'Alejandro Speitzer', 'Paola Nuñez', 'Natalia Solián', 'Luis Alberti', 'Iazua Larios']","['revenge', 'betrayal', 'manhunt', 'vengeance', 'action thriller', 'revenge mission', 'relentless pursuit', 'corrupt officials']"
1297842,GOAT,"['Animation', 'Comedy', 'Family']",7.993,535,119.8602,2026-02-11,90000000,190564590,"['Caleb McLaughlin', 'Gabrielle Union', 'Stephen Curry', 'Aaron Pierre', 'Nicola Coughlan', 'David Harbour']","['underdog', 'friendship', 'sports', 'allies', 'ambition', 'bullying', 'challenge', 'basketball']"
1292695,They Will Kill You,"['Action', 'Comedy', 'Horror']",6.817,443,117.3888,2026-03-25,20000000,18982152,"['Zazie Beetz', ""Myha'la"", 'Patricia Arquette', 'Paterson Joseph', 'Heather Graham', 'Tom Felton']","['new york city', 'ritual', 'abusive father', 'gore', 'cult', 'survival', 'disappearance', 'housekeeper']"
1292415,Beast,"['Action', 'Drama']",6.6,16,125.2547,2026-04-10,0,0,"['Daniel MacPherson', 'Luke Hemsworth', 'Russell Crowe', 'Mojean Aria', 'Kelly Gale', 'George Burgess']","['mixed martial arts (mma)', 'sports drama']"
1314481,The Devil Wears Prada 2,"['Comedy', 'Drama']",6.763,447,115.0143,2026-04-29,100000000,433251638,"['Meryl Streep', 'Anne Hathaway', 'Emily Blunt', 'Stanley Tucci', 'Justin Theroux', 'Kenneth Branagh']","['new york city', 'based on novel or book', 'sequel', 'fashion', 'fashion magazine', 'dramedy', 'magazine editor', 'fashion industry']"
980431,Avatar Aang: The Last Airbender,"['Animation', 'Action', 'Adventure', 'Fantasy']",0.0,0,112.0215,2026-10-09,0,0,"['Eric Nam', 'Dave Bautista', 'Jessica Matten', 'Román Zaragoza', 'Steven Yeun', 'Dionne Quan']","['martial arts', 'extinction', 'cultural identity', 'based on tv series']"
1241752,Rita,['Drama'],6.1,21,118.0678,2024-03-22,0,0,"['Christine Bermas', 'Gold Aceron', 'VR Relosa', 'Josh Ivan Morales', 'Sahil Khan', 'Amabella De Leon']","['threesome', 'lgbt', 'gay theme', 'sexy']"
1510745,Bodycam,['Horror'],5.183,41,98.9451,2026-03-12,0,0,"['Jaime M. Callica', 'Sean Rogerson', 'Catherine Lough Haggquist', 'Angel Prater', 'Keegan Connor Tracy', 'Chris Casson']","['paranormal phenomena', 'police corruption', 'macabre', 'found footage', 'pov (point of view)', 'police murders', 'bodycam', 'absurd']"
1038918,Magistrate Woman Prison Collection II,"['Drama', 'History']",6.0,1,84.0245,1995-09-21,0,0,"[""Shin'ya Ohwada"", 'Ayako Takaishi', 'Kyōko Aizome']",[]
1290821,Shelter,"['Action', 'Crime', 'Thriller']",7.186,789,101.0727,2026-01-28,50000000,53899517,"['Jason Statham', 'Bodhi Rae Breathnach', 'Naomi Ackie', 'Daniel Mays', 'Harriet Walter', 'Bill Nighy']","['home invasion', 'mysterious girl', 'ghosts of the past', 'isolated island', 'child protection', 'suspenseful', 'solitary life', 'hidden secret']"
1311031,Demon Slayer: Kimetsu no Yaiba Infinity Castle,"['Animation', 'Action', 'Fantasy']",7.705,823,97.6435,2025-07-18,20000000,733030221,"['Natsuki Hanae', 'Takahiro Sakurai', 'Akira Ishida', 'Hiro Shimono', 'Yoshimasa Hosoya', 'Saori Hayami']","['supernatural', 'sequel', 'based on manga', 'demon', 'shounen', 'anime', 'brother sister relationship', 'taisho period']"
1084242,Zootopia 2,"['Adventure', 'Animation', 'Comedy', 'Family', 'Mystery']",7.626,2711,93.9661,2025-11-26,150000000,1868208796,"['Ginnifer Goodwin', 'Jason Bateman', 'Ke Huy Quan', 'Fortune Feimster', 'Andy Samberg', 'David Strathairn']","['snake', 'bunny', 'fox', 'cop', 'sequel', 'anthropomorphism', 'animals', 'displacement']"
1325734,The Drama,"['Romance', 'Comedy', 'Drama']",6.968,712,94.3487,2026-03-26,28000000,122350874,"['Zendaya', 'Robert Pattinson', 'Mamoudou Athie', 'Alana Haim', 'Jordyn Curet', 'Hailey Benton Gates']","['infidelity', 'boston, massachusetts', 'dark comedy', 'romcom', 'engaged couple', 'trust issues', 'cautionary', 'tense']"
1426822,Mortal Game,"['Horror', 'Action']",7.667,3,99.543,2025-02-03,0,0,"['Deniella Alexis', 'Kevin Lloyd Reid', 'Mark Ettlinger', 'Madison Caan', 'Reece Presley', 'Joey Harlem']",[]
460465,Mortal Kombat,"['Action', 'Fantasy', 'Adventure']",7.002,6423,103.5703,2021-04-07,20000000,84426031,"['Lewis Tan', 'Jessica McNamee', 'Mehcad Brooks', 'Josh Lawson', 'Ludi Lin', 'Max Huang']","['saving the world', 'magic', 'ninja fighter', 'gore', 'god', 'alternate dimension', 'shaolin monk', 'fighting']"
1414413,Brothers Under Fire,"['Action', 'Thriller', 'Mystery', 'Drama']",6.237,19,82.6008,2026-04-15,0,0,"['Kiefer Sutherland', 'Tommy Martinez', 'Ashton Sanders', 'Solly McLeod', 'Laura Osma', 'Omar Chaparro']","['survival', 'military', 'cartel', 'action', 'méxico']"
1242898,Predator: Badlands,"['Action', 'Science Fiction', 'Adventure']",7.697,2782,85.0637,2025-11-05,105000000,184500000,"['Elle Fanning', 'Dimitrius Schuster-Koloamatangi', 'Ravi Narayan', 'Michael Homick', 'Stefan Grube', 'Reuben De Jong']","['outcast', 'alien planet', 'team up', 'vibrant', 'survival mission', 'hostile alien wilderness', 'relentless hunt', 'intense creature combat']"
1235192,Wormtown,"['Science Fiction', 'Horror', 'Adventure']",5.8,11,90.8193,2025-09-27,0,0,"['Caitlin McWethy', 'Rachel Ryu', 'Emily Soppe', 'Maggie Lou Rader', 'A.J. Baldwin', 'Jordan Mullins']",[]
755898,War of the Worlds,"['Science Fiction', 'Thriller']",4.139,981,76.3991,2025-07-29,10000000,0,"['Ice Cube', 'Eva Longoria', 'Clark Gregg', 'Iman Benson', 'Henry Hunter Hall', 'Devon Bostick']","['government', 'attack', 'privacy', 'surveillance', 'found footage', 'cybersecurity', 'district', 'online privacy']"
1173559,Insidious Inferno,['Horror'],6.133,15,68.6923,2024-11-29,0,0,"['Stephanie Leet', 'Neil Green', 'Chynna Rae Shurts', 'Steve Larkin', 'Erik Skybak', 'Tim Coyle']",[]
1171145,Crime 101,"['Crime', 'Thriller']",7.0,900,67.5785,2026-02-11,90000000,72824188,"['Chris Hemsworth', 'Mark Ruffalo', 'Halle Berry', 'Barry Keoghan', 'Monica Barbaro', 'Nick Nolte']","['robbery', 'based on novel or book', 'jewelry', 'heist', 'police chase', 'los angeles, california', 'police detective', 'diamond heist']"
1419406,The Shadow's Edge,"['Action', 'Crime', 'Drama', 'Thriller']",7.265,621,69.009,2025-08-16,0,174400000,"['Jackie Chan', 'Zhang Zifeng', 'Tony Leung Ka-fai', 'Ci Sha', 'Jun', 'Zhou Zhengjie']","['race against time', 'ex-cop', 'betrayal', 'macau', 'hand to hand combat', 'manhunt', 'hidden agenda', 'hacked camera system']"
1579,Apocalypto,"['Action', 'Drama', 'History']",7.606,6249,66.8851,2006-12-07,40000000,120654337,"['Rudy Youngblood', 'Raoul Max Trujillo', 'Gerardo Taracena', 'Iazua Larios', 'Antonio Monroy', 'María Isabel Díaz Lago']","['loss of loved one', 'maya civilization', 'village', 'solar eclipse', 'affectation', 'slavery', 'tribe', 'native american']"
440249,After Porn Ends 2,['Documentary'],5.4,251,65.5531,2017-03-28,500000,0,"['Ginger Lynn', 'Lisa Ann', 'Janine Lindemulder', 'Chasey Lain', 'Tabitha Stevens', 'Georgina Spelvin']","['interview', 'porn actress', 'observational documentary', 'adult industry workers', 'porno', 'adult film actress', 'informative', 'adult']"
840464,Greenland 2: Migration,"['Adventure', 'Thriller', 'Science Fiction']",6.4,1009,67.2103,2026-01-07,90000000,44856736,"['Gerard Butler', 'Morena Baccarin', 'Roman Griffin Davis', 'Tommie Earl Jenkins', 'Trond Fausa Aurvåg', 'Amber Rose Revah']","['natural disaster', 'shelter', 'protective father', 'traumatized child', 'audacious', 'human resilience', 'emotional trauma', 'post‑apocalyptic journey']"
1368166,The Housemaid,"['Mystery', 'Thriller']",7.237,2056,67.5628,2025-12-18,35000000,399644671,"['Sydney Sweeney', 'Amanda Seyfried', 'Brandon Sklenar', 'Michele Morrone', 'Elizabeth Perkins', 'Indiana Elle']","['based on novel or book', 'manipulation', 'psychological thriller', 'housekeeper', 'dominance', 'attic', 'housemaid', 'enigmatic']"
7451,xXx,"['Action', 'Adventure', 'Thriller', 'Crime', 'Drama']",5.986,4883,64.837,2002-08-09,70000000,277448382,"['Vin Diesel', 'Asia Argento', 'Marton Csokas', 'Samuel L. Jackson', 'Michael Roof', 'Richy Müller']","['mission', 'biological weapon', 'sports car', 'cold war', 'prague, czech republic', 'nsa agent', 'adrenaline junkie', 'thrill seeker']"
249397,Nymphomaniac: Vol. II,"['Drama', 'Mystery']",6.706,3128,74.6389,2013-12-25,2350000,4934725,"['Charlotte Gainsbourg', 'Stellan Skarsgård', 'Stacy Martin', 'Shia LaBeouf', 'Willem Dafoe', 'Udo Kier']","['bondage', 'whip', 'sexuality', 'masochism', 'sex therapy', 'chapter', 'sadomasochism', 'sequel']"
510657,Wellwood,"['Science Fiction', 'Horror', 'Drama', 'Thriller']",5.6,9,67.6389,2025-03-24,0,0,"['Keisha Castle-Hughes', 'Lance E. Nichols', 'Camille Balsamo', 'Reid Collums', ""Siena D'Addario""]",[]
1301421,The Sheep Detectives,"['Comedy', 'Family', 'Mystery']",7.7,30,63.7158,2026-04-30,75000000,27187796,"['Hugh Jackman', 'Emma Thompson', 'Nicholas Braun', 'Nicholas Galitzine', 'Molly Gordon', 'Hong Chau']","['shepherd', 'based on novel or book', 'investigation', 'murder', 'murder mystery', 'investigate', 'talking animal']"
1159559,Scream 7,"['Horror', 'Mystery', 'Crime']",6.072,865,60.4388,2026-02-25,45000000,213835967,"['Neve Campbell', 'Courteney Cox', 'Isabel May', 'Jasmin Savoy Brown', 'Mason Gooding', 'Roger L. Jackson']","['mask', 'artificial intelligence (a.i.)', 'sequel', 'murder', 'serial killer', 'slasher', 'whodunit', 'killing spree']"
157336,Interstellar,"['Adventure', 'Drama', 'Science Fiction']",8.471,39624,61.6878,2014-11-05,165000000,746606706,"['Matthew McConaughey', 'Anne Hathaway', 'Michael Caine', 'Jessica Chastain', 'Casey Affleck', 'Wes Bentley']","['rescue', 'future', 'spacecraft', 'race against time', 'artificial intelligence (a.i.)', 'nasa', 'time warp', 'dystopia']"
1383731,Protector,"['Action', 'Thriller']",6.3,50,57.8643,2026-02-20,0,1969113,"['Milla Jovovich', 'Matthew Modine', 'Isabel Myers', 'D. B. Sweeney', 'Don Harvey', 'Michael Stahl-David']","['kidnapping', 'rescue mission', 'war hero', 'underworld', 'action']"
78192,Michael Jackson: The Life of an Icon,"['Documentary', 'Music']",8.026,155,58.3011,2011-11-02,0,0,"['Michael Jackson', 'David Gest', 'Tito Jackson', 'Rebbie Jackson', 'Katherine Jackson', 'Frank DiLeo']",[]
1352874,The Crucifix: Blood of the Exorcist,['Horror'],5.925,40,49.0958,2025-01-09,100000,82873,"['Hannaj Bang Bendz', 'Dean Kilbey', 'Nicholas Anscombe', 'Tom Carter', 'Darren Le Fevre', 'Alex Walton']","['scotland', 'exorcism', 'possession', 'evil spirit', 'priest', 'couple', 'tomb', 'backyard']"
609681,The Marvels,"['Science Fiction', 'Adventure', 'Action']",5.941,3354,43.4366,2023-11-08,274800000,206136825,"['Brie Larson', 'Teyonah Parris', 'Iman Vellani', 'Samuel L. Jackson', 'Zawe Ashton', 'Gary Lewis']","['hero', 'superhero', 'space travel', 'based on comic', 'sequel', 'teenage girl', 'aftercreditsstinger', 'duringcreditsstinger']"
82023,Hotel Desire,"['Drama', 'Romance']",6.171,146,47.8621,2011-12-07,230758,0,"['Saralisa Volm', 'Clemens Schick', 'Jan-Gregor Kremp', 'Herbert Knaup', 'Palina Rojinski', 'Frederick Lau']","['hotel', 'sexuality', 'kiss', 'maid', 'single mother', 'softcore', 'blind man', 'caress']"
458293,Michael Jackson: Searching for Neverland,"['Drama', 'TV Movie']",6.541,111,51.6392,2017-05-29,2000000,0,"['Navi', 'Chad L. Coleman', 'Sam Adegoke', 'Aidan Hanlon Smith', 'Taegen Burns', 'Michael Mourra']","['melancholy', 'nervous', 'adoring', 'foreboding']"
1084577,Balls Up,"['Comedy', 'Action', 'Adventure']",5.808,203,50.2567,2026-04-15,0,0,"['Mark Wahlberg', 'Paul Walter Hauser', 'Sacha Baron Cohen', 'Benjamin Bratt', 'Luciano Szafir', 'Eva De Dominici']","['world cup', 'brazil']"
1265609,War Machine,"['Action', 'Science Fiction', 'Thriller']",7.273,1645,50.2403,2026-02-12,73000000,0,"['Alan Ritchson', 'Dennis Quaid', 'Stephan James', 'Jai Courtney', 'Esai Morales', 'Blake Richardson']","['struggle for survival', 'military training', 'hostile', 'afghanistan veteran', 'alien hunters', 'alien arrival', 'military sci-fi', 'u.s. army ranger']"
1534530,The Whisper,['Horror'],6.875,4,48.8171,2026-01-22,0,0,"['Ana Clara Guanco', 'Marcelo Michinaux', 'Luciano Cáceres']",[]
848116,Rocky Aur Rani Kii Prem Kahaani,"['Comedy', 'Drama', 'Family', 'Romance']",6.1,85,53.1128,2023-07-28,0,0,"['Alia Bhatt', 'Ranveer Singh', 'Jaya Bachchan', 'Shabana Azmi', 'Dharmendra', 'Aamir Bashir']","['musical', 'nostalgia', 'love interest', 'nostalgic', 'wealthy family']"
1601797,¿Quieres ser mi novia?,"['Comedy', 'Romance']",8.5,81,47.09,2026-02-12,0,197388,"['Ludwika Paleta', 'Juanpa Zurita', 'Harold Azuara', 'Yuriria del Valle', 'Moisés Arizmendi', 'Claudette Maillé']","['love', 'relación']"
1207162,Rise of the Conqueror,"['History', 'Action', 'Adventure', 'War']",5.9,10,55.417,2026-04-09,30000000,0,"['Christian Mortensen', 'Mahesh Jadu', 'Joshua Jo', 'Sayed Badreya', 'Yulduz Rajabova', 'Arazou Baker']","['historical drama', 'warrior', 'physical disability', 'uzbekistan', '14th century', 'historical epic', 'central asia', 'based on real person']"
441168,From Straight A's to XXX,"['Drama', 'TV Movie']",5.8,160,51.2621,2017-02-11,0,0,"['Haley Pullos', 'Sasha Clements', 'Judd Nelson', 'Alyson Bath', 'Jacky Lai', 'Jessica Lu']",['adult filmmaking']
1641319,Sniper: No Nation,"['Action', 'Thriller']",6.179,42,46.275,2026-04-07,0,0,"['Chad Michael Collins', 'Ryan Robbins', 'Manuel Rodriguez-Saenz', 'Josh Brener', 'Tom Berenger', 'Sizo Mahlangu']","['special operation', 'hostile territory', 'extraction mission', 'terrorist cell', 'tactical action', 'military thriller', 'ambush operation', 'geopolitical tension']"
502356,The Super Mario Bros. Movie,"['Family', 'Comedy', 'Adventure', 'Fantasy', 'Animation']",7.593,10621,48.9096,2023-04-05,100000000,1360879735,"['Chris Pratt', 'Anya Taylor-Joy', 'Charlie Day', 'Jack Black', 'Keegan-Michael Key', 'Seth Rogen']","['gorilla', 'plumber', 'villain', 'anthropomorphism', 'based on video game', 'nostalgic', 'toad', 'aftercreditsstinger']"
744275,After We Fell,"['Drama', 'Romance']",7.0,2728,45.7512,2021-09-01,14000000,21753705,"['Josephine Langford', 'Hero Fiennes Tiffin', 'Carter Jenkins', 'Louise Lombard', 'Chance Perdomo', 'Rob Estes']","['based on novel or book', 'family history', 'love', 'teenage crush', 'woman director', 'family tension', 'zealous', 'mischievous']"
24428,The Avengers,"['Science Fiction', 'Action', 'Adventure']",8.019,37712,48.5949,2012-04-25,220000000,1518815515,"['Robert Downey Jr.', 'Chris Evans', 'Mark Ruffalo', 'Chris Hemsworth', 'Scarlett Johansson', 'Jeremy Renner']","['new york city', 'superhero', 'shield', 'based on comic', 'alien invasion', 'superhero team', 'aftercreditsstinger', 'duringcreditsstinger']"
299536,Avengers: Infinity War,"['Adventure', 'Action', 'Science Fiction']",8.234,31886,46.8469,2018-04-25,300000000,2052415039,"['Robert Downey Jr.', 'Chris Evans', 'Chris Hemsworth', 'Josh Brolin', 'Mark Ruffalo', 'Scarlett Johansson']","['sacrifice', 'magic', 'superhero', 'based on comic', 'space', 'battlefield', 'genocide', 'magical object']"
976912,Graphic Desires,"['Thriller', 'Crime']",6.879,58,43.9528,2023-08-31,0,0,"['David Wayman', 'Sian Altman', 'May Kelly', 'Ocean M Harris', 'Valis Volkova', 'Jack Edwards']","['infidelity', 'cheating', 'killing', 'murder', 'erotic thriller', 'murdered', 'dating app']"
1177445,Cannibal Mukbang,"['Horror', 'Comedy', 'Romance']",4.45,10,48.9333,2025-09-25,0,0,"['April Consalo', 'Nate Wise', 'Clay von Carlowitz', 'Randall Bowlin', 'Benjamin Frankenberg', 'Dwayne Steeler']",[]
278,The Shawshank Redemption,"['Drama', 'Crime']",8.72,30299,50.8475,1994-09-23,25000000,28341469,"['Tim Robbins', 'Morgan Freeman', 'Bob Gunton', 'William Sadler', 'Clancy Brown', 'Gil Bellows']","['prison', 'friendship', 'police brutality', 'corruption', 'based on novel or book', 'freedom', 'hope', 'prison cell']"
1087040,Money Shot: The Pornhub Story,['Documentary'],5.8,353,42.7278,2023-03-15,0,0,"['Noelle Perdue', 'Michael Stabile', 'Siri Dahl', 'Wolf Hudson', 'Martin Patriquin', 'Bree Mills']","['porn industry', 'porn actress', 'adult filmmaking', 'onlyfans', 'porn']"
1110034,Kraken,"['Horror', 'Action', 'Thriller']",6.044,34,44.9275,2026-02-06,1000000,14329678,"['Sara Khorami', 'Mikkel Bratt Silset', 'Ingvild Holthe Bygdnes', 'Øyvind Brandtzæg', 'Jenny Evensen', 'Steinar Klouman Hallert']","['sea monster', 'norwegian folklore', 'cautionary']"
1316092,"""Wuthering Heights""","['Romance', 'Drama']",6.564,922,46.9681,2026-02-11,80000000,241701072,"['Margot Robbie', 'Jacob Elordi', 'Hong Chau', 'Alison Oliver', 'Shazad Latif', 'Martin Clunes']","['dying and death', 'infidelity', 'based on novel or book', 'forbidden love', 'grief', 'orphan', 'period drama', 'biting']"
1470130,The Mortuary Assistant,"['Horror', 'Mystery']",5.423,91,40.5362,2026-02-13,0,1300011,"['Willa Holland', 'Paul Sparks', 'John Adams', 'Mark Steger', 'Shelly Gibson', 'Emily Bennett']","['night shift', 'based on video game', 'mortuary', 'macabre', 'desperate', 'supernatural horror', 'psychological horror', 'callous']"
184314,Young & Beautiful,['Drama'],6.506,1317,48.2826,2013-08-21,4650000,9757417,"['Marine Vacth', 'Géraldine Pailhas', 'Charlotte Rampling', 'Frédéric Pierrot', 'Nathalie Richard', 'Johan Leysen']","['sexuality', 'teenage girl', 'prostitution', 'teenage sexuality', 'exploring sexuality', 'adolescent sexuality']"
1038392,The Conjuring: Last Rites,['Horror'],6.885,1788,40.0026,2025-09-03,55000000,499256445,"['Patrick Wilson', 'Vera Farmiga', 'Mia Tomlinson', 'Ben Hardy', 'Rebecca Calder', 'Tilly Walker']","['pennsylvania, usa', 'supernatural', 'exorcism', 'haunted house', 'sequel', 'priest', 'religion', 'wedding']"
44980,Zero Woman 2,"['Action', 'Thriller']",5.0,8,24.786,1995-09-05,0,0,"['Natsuki Ozawa', 'Saori Iwama', 'Kane Kosugi', 'Hiroyuki Watari', 'Tomomi Miyauchi', 'Hiromitsu Kiho']",['female assassin']
1317448,No Place to Be Single,"['Romance', 'Comedy']",6.786,28,45.7723,2026-05-08,0,0,"['Matilde Gioli', 'Cristiano Caccamo', 'Amanda Campana', 'Sebastiano Pigazzi', 'Cecilia Dazzi', 'Margherita Rebeggiani']","['based on novel or book', 'romcom', 'second chance']"
73353,Man in the Mirror: The Michael Jackson Story,"['Drama', 'TV Movie']",6.3,13,38.3183,2004-08-06,1200000,0,"['Flex Alexander', 'Krista Rae', 'Eugene Clark', 'Peter Onorati', 'Lynne Cormack', 'Brendan Prost']",[]
1368337,The Odyssey,"['Adventure', 'Action', 'Fantasy']",0.0,0,44.7349,2026-07-15,250000000,0,"['Matt Damon', 'Tom Holland', 'Anne Hathaway', 'Robert Pattinson', ""Lupita Nyong'o"", 'Charlize Theron']","['greek mythology', 'based on song, poem or rhyme', 'greek history', 'voyage', 'peplum', 'ancient', 'mythical']"
911430,F1,"['Action', 'Drama']",7.756,3851,41.3764,2025-06-25,250000000,631627111,"['Brad Pitt', 'Damson Idris', 'Javier Bardem', 'Kerry Condon', 'Tobias Menzies', 'Kim Bodnia']","['sports', 'comeback', 'racing', 'race car driver', 'sport competition', 'aftercreditsstinger', 'beforecreditsstinger', 'rookie']"
1688652,Gary,"['Drama', 'Comedy']",7.0,13,42.42,2026-05-05,0,0,"['Ebon Moss-Bachrach', 'Jon Bernthal', 'Marin Ireland', 'Gillian Jacobs', 'Nation Sage Henrikson', 'T.J. Jagodowski']","['prequel', 'gary, indiana', 'dramedy']"
91478,Minnesota Clay,['Western'],6.1,37,39.0206,1964-11-12,0,0,"['Cameron Mitchell', 'Georges Rivière', 'Ethel Rojo', 'Diana Martín', 'Fernando Sancho', 'Antonio Casas']","['spaghetti western', 'crooked sheriff', 'wrongful conviction', 'double vision', 'quarry']"
334535,The Ticket,['Drama'],5.679,95,38.556,2016-10-09,1200000,0,"['Dan Stevens', 'Malin Åkerman', 'Kerry Bishé', 'Oliver Platt', 'Peter Mark Kendall', 'Liza J. Bennett']","['regret', 'obsession', 'greed', 'loss', 'betrayal', 'blindness', 'blind man', 'life lessons']"
680493,Return to Silent Hill,"['Mystery', 'Drama', 'Horror']",5.4,491,34.1313,2026-01-21,23000000,47976996,"['Jeremy Irvine', 'Hannah Emily Anderson', 'Evie Templeton', 'Pearse Egan', 'Nicola Alexis', 'Robert Strange']","['monster', 'wife', 'supernatural', 'letter', 'painter', 'sequel', 'punishment', 'love']"
1196067,Worldbreaker,"['Science Fiction', 'Action', 'Horror']",5.924,152,38.6543,2025-10-30,0,0,"['Milla Jovovich', 'Luke Evans', 'Billie Boullet', 'Meadow Williams', 'Mila Harris', 'Kevin Glynn']","['monster', 'climate change', 'global warming', 'near future', 'front-line soldier', 'environmental collapse', 'dystopian', 'unknown danger']"
1234731,Anaconda,"['Adventure', 'Comedy', 'Horror']",5.878,1115,40.1855,2025-12-24,45000000,135148320,"['Jack Black', 'Paul Rudd', 'Steve Zahn', 'Thandiwe Newton', 'Daniela Melchior', 'Selton Mello']","['snake', 'animal attack', 'amazon rainforest', 'film in film', 'jungle', 'reptile', 'anaconda', 'reboot']"
1476740,Influencers,"['Horror', 'Thriller']",6.53,84,34.4856,2025-07-26,0,0,"['Cassandra Naud', 'Emily Tennant', 'Georgina Campbell', 'Lisa Delamar', 'Jonathan Whitesell', 'Veronica Long']","['revenge', 'serial killer', 'slasher', 'violent death', 'bali', 'identity theft', 'murder mystery', 'social media influencer']"
1010581,My Fault,"['Drama', 'Romance', 'Thriller']",7.742,4051,40.7779,2023-06-08,0,0,"['Nicole Wallace', 'Gabriel Guevara', 'Marta Hazas', 'Iván Sánchez', 'Eva Ruiz', 'Víctor Varona']","['first time', 'forbidden love', 'stepbrother', 'female protagonist', 'underage sex', 'stepsister', 'disturbed', 'based on young adult novel']"
425274,Now You See Me: Now You Don't,"['Crime', 'Thriller']",6.515,1464,34.8491,2025-11-12,90000000,242431024,"['Jesse Eisenberg', 'Dominic Sessa', 'Ariana Greenblatt', 'Justice Smith', 'Rosamund Pike', 'Woody Harrelson']","['diamond', 'antwerp', 'sequel', 'diamond heist', 'misdirection', 'hidden agenda', 'sleight of hand', 'team up']"
1292662,Slaughterhouse On The Hill,['Horror'],5.889,9,32.3388,2024-05-03,0,0,"['Kristy Adams', 'Steve Hansen', 'Ashley Ballou', 'Kiki Daire', 'Chris Arredondo', 'Jason Wallace']",[]
80175,Entre sábanas,"['Drama', 'Romance']",4.7,13,43.5867,2008-04-04,0,0,"['Karina Mora', 'Marlon Moreno']","['hotel room', 'sex']"
1266992,Balinsasayaw,['Drama'],6.833,6,38.0438,2024-05-17,0,0,"['Apple Dy', 'Aiko Garcia', 'Benz Sangalang', 'Jonica Lazo', 'Aria Bench', 'Izza Watanabe']","['threesome', 'lgbt', 'lesbian', ""girls' love (gl)"", 'sexy']"
803796,KPop Demon Hunters,"['Fantasy', 'Music', 'Comedy', 'Animation']",8.019,2724,38.1917,2025-06-20,100000000,24619953,"['Arden Cho', 'May Hong', 'Ji-young Yoo', 'Ahn Hyo-seop', 'Yunjin Kim', 'Ken Jeong']","['double life', 'loyalty', 'supernatural', 'affectation', 'musical', 'female friendship', 'female protagonist', 'demon']"
1304313,Lee Cronin's The Mummy,"['Horror', 'Mystery']",6.714,194,34.8973,2026-04-15,22000000,86221000,"['Jack Reynor', 'Laia Costa', 'May Calamawy', 'Natalie Grace', 'Shylo Molina', 'Billie Roy']","['journalist', 'egypt', 'monster', 'ritual', 'kidnapping', 'new mexico', 'pyramid', 'investigation']"
1084187,Pretty Lethal,"['Music', 'Thriller', 'Action', 'Horror']",6.742,345,36.2353,2026-03-13,0,0,"['Maddie Ziegler', 'Lana Condor', 'Iris Apatow', 'Millicent Simmonds', 'Avantika', 'Michael Culkin']","['hungary', 'dance competition', 'ballerina', 'prima ballerina', 'remote inn', 'admiring', 'fight for survival', 'dance troupe']"
238,The Godfather,"['Drama', 'Crime']",8.7,22864,39.5886,1972-03-14,6000000,245066411,"['Marlon Brando', 'Al Pacino', 'James Caan', 'Robert Duvall', 'Richard S. Castellano', 'Diane Keaton']","['based on novel or book', 'loss of loved one', 'love at first sight', 'italy', 'gangster', 'symbolism', 'patriarch', 'europe']"
27205,Inception,"['Action', 'Science Fiction', 'Adventure']",8.372,39157,38.0562,2010-07-15,160000000,839030630,"['Leonardo DiCaprio', 'Joseph Gordon-Levitt', 'Ken Watanabe', 'Tom Hardy', 'Elliot Page', 'Dileep Rao']","['mission', 'dreams', 'kidnapping', 'spy', 'allegory', 'intellectual', 'manipulation', 'heist']"
10693,Peter Pan,"['Animation', 'Family', 'Adventure', 'Fantasy']",7.189,5729,35.2149,1953-02-05,4000000,87400000,"['Bobby Driscoll', 'Kathryn Beaumont', 'Hans Conried', 'Bill Thompson', 'Heather Angel', 'Paul Collins']","['london, england', 'sibling relationship', 'flying', 'becoming an adult', 'magic', 'crocodile', 'clock', 'bravery']"
1115544,Mike & Nick & Nick & Alice,"['Comedy', 'Science Fiction', 'Crime']",6.789,308,33.6009,2026-03-14,0,0,"['James Marsden', 'Vince Vaughn', 'Eiza González', 'Keith David', 'Jimmy Tatro', 'Stephen Root']","['love triangle', 'hitman', 'gangster', 'time travel', 'time machine', 'shootout', 'mob boss', 'loan shark']"
967998,Fatal Conspiracy,['Horror'],7.0,3,38.8121,2022-05-26,0,0,"['Aline Mineiro', 'Ricardo Ramory', 'Ruben Espinoza', 'Renato Siqueira', 'Priscila Castello Branco', 'Léo Lins']",[]
1367642,Reminders of Him,"['Romance', 'Drama']",7.302,199,30.7378,2026-03-11,30000000,88753688,"['Maika Monroe', 'Tyriq Withers', 'Rudy Pankow', 'Bradley Whitford', 'Lauren Graham', 'Zoe Kosovic']","['wyoming, usa', 'based on novel or book', 'loss of loved one', 'release from prison', 'mistake', 'car accident', 'second chance', 'ex-con']"
11013,Secretary,"['Romance', 'Drama', 'Comedy']",6.791,1888,36.2537,2002-09-20,4000000,9300000,"['James Spader', 'Maggie Gyllenhaal', 'Jeremy Davies', 'Lesley Ann Warren', 'Stephen McHattie', 'Patrick Bauchau']","['suicide', 'clerk', 'fetish', 'sadomasochism', 'secretary', 'lawyer', 'hospital', 'typewriter']"
1272837,28 Years Later: The Bone Temple,"['Horror', 'Thriller', 'Science Fiction']",7.122,1149,35.0569,2026-01-14,63000000,58522222,"['Ralph Fiennes', ""Jack O'Connell"", 'Alfie Williams', 'Erin Kellyman', 'Chi Lewis-Parry', 'Emma Laird']","['england', 'post-apocalyptic future', 'satanism', 'satanist', 'sequel', 'satan', 'survival', 'zombie']"
798645,The Running Man,"['Action', 'Thriller', 'Science Fiction']",6.765,1475,32.7896,2025-11-11,110000000,69486523,"['Glen Powell', 'William H. Macy', 'Lee Pace', 'Michael Cera', 'Emilia Jones', 'Daniel Ezra']","['based on novel or book', 'game show', 'survival', 'on the run', 'media manipulation', 'desperate', 'near future', 'pretentious']"
1075175,How to Have Sex,['Drama'],6.239,495,32.8671,2023-11-02,0,1216642,"['Mia McKenna-Bruce', 'Lara Peake', 'Enva Lewis', 'Samuel Bottomley', 'Shaun Thomas', 'Laura Ambler']","['female friendship', 'crete', 'coming of age', 'teenage girl', 'female protagonist', 'summer', 'woman director', 'sexual assault']"
603,The Matrix,"['Action', 'Science Fiction']",8.244,27796,37.1082,1999-03-31,63000000,463517383,"['Keanu Reeves', 'Laurence Fishburne', 'Carrie-Anne Moss', 'Hugo Weaving', 'Gloria Foster', 'Joe Pantoliano']","['man vs machine', 'martial arts', 'kung fu', 'dreams', 'fortune teller', 'artificial intelligence (a.i.)', 'saving the world', 'hacker']"
155,The Dark Knight,"['Action', 'Crime', 'Thriller']",8.53,35664,34.1578,2008-07-16,185000000,1004558444,"['Christian Bale', 'Heath Ledger', 'Aaron Eckhart', 'Michael Caine', 'Maggie Gyllenhaal', 'Gary Oldman']","['sadism', 'chaos', 'secret identity', 'crime fighter', 'superhero', 'anti hero', 'scarecrow', 'based on comic']"
12476,The Hidden,"['Action', 'Science Fiction', 'Horror', 'Thriller']",6.899,478,32.6636,1987-10-30,5000000,9747988,"['Kyle MacLachlan', 'Michael Nouri', ""Ed O'Ross"", 'Claudia Christian', 'William Boyett', 'Chris Mulkey']","['mind control', 'robbery', 'fbi', 'surrealism', 'heavy metal', 'human body', 'alien life-form', 'parasite']"
496243,Parasite,"['Comedy', 'Thriller', 'Drama']",8.494,20556,33.5964,2019-05-30,11363000,257591776,"['Song Kang-ho', 'Lee Sun-kyun', 'Cho Yeo-jeong', 'Choi Woo-shik', 'Park So-dam', 'Lee Jung-eun']","['dark comedy', 'con artist', 'social commentary', 'working class', 'infiltration', 'psychological thriller', 'class differences', 'family']"
662707,Starbright,"['Adventure', 'Action']",6.5,16,30.8838,2026-02-27,30000000,0,"['John Rhys-Davies', 'Ted Levine', 'Elisabeth Röhm', 'Diego Boneta', 'Alexandra Dowling', 'Becky Ann Baker']","['fairy tale', 'condescending', 'disgusted']"
39924,Exposé,"['Thriller', 'Horror']",4.951,41,38.0769,1976-03-01,0,0,"['Udo Kier', 'Linda Hayden', 'Fiona Richmond', 'Patsy Smart', 'Vic Armstrong', 'Karl Howman']","['rape', 'sadism', 'psychopath', 'country house', 'controversy', ""writer's block"", 'revenge', 'murder']"
299534,Avengers: Endgame,"['Adventure', 'Science Fiction', 'Action']",8.235,27650,33.8028,2019-04-24,356000000,2799439100,"['Robert Downey Jr.', 'Chris Evans', 'Mark Ruffalo', 'Chris Hemsworth', 'Scarlett Johansson', 'Jeremy Renner']","['superhero', 'time travel', 'space travel', 'time machine', 'based on comic', 'sequel', 'alien invasion', 'superhero team']"
680,Pulp Fiction,"['Thriller', 'Crime', 'Comedy']",8.484,30114,33.1974,1994-09-10,8000000,213928762,"['John Travolta', 'Samuel L. Jackson', 'Uma Thurman', 'Bruce Willis', 'Ving Rhames', 'Harvey Keitel']","['drug dealer', 'drug crime', 'dark comedy', 'stolen money', 'crime boss', 'redemption', 'los angeles, california', 'theft']"
1234821,Jurassic World Rebirth,"['Science Fiction', 'Adventure', 'Action']",6.267,3291,31.5422,2025-07-01,180000000,869146189,"['Scarlett Johansson', 'Mahershala Ali', 'Jonathan Bailey', 'Rupert Friend', 'Manuel Garcia-Rulfo', 'Luna Blaise']","['island', 'secret mission', 'tyrannosaurus rex', 'spinosaurus', 'sequel', 'stranded', 'dinosaur', 'family']"
1306368,The Rip,"['Action', 'Thriller', 'Crime']",7.1,1565,31.7704,2026-01-13,100000000,0,"['Matt Damon', 'Ben Affleck', 'Teyana Taylor', 'Steven Yeun', 'Catalina Sandino Moreno', 'Sasha Calle']","['miami, florida', 'police', 'investigation', 'cover-up', 'betrayal', 'shootout', 'dirty cop', 'trust']"
1290417,Thrash,"['Horror', 'Thriller']",5.962,535,29.7522,2026-04-10,0,0,"['Phoebe Dynevor', 'Whitney Peak', 'Djimon Hounsou', 'Alyla Browne', 'Stacy Clausen', 'Dante Ubaldi']","['hurricane', 'natural disaster', 'shark attack', 'survival horror', 'flood', 'animal horror', 'fight for survival', 'ocean horror']"
1168190,The Wrecking Crew,"['Action', 'Comedy', 'Crime', 'Mystery']",6.894,962,32.6394,2026-01-28,78500000,89000000,"['Dave Bautista', 'Jason Momoa', 'Temuera Morrison', 'Morena Baccarin', 'Roimata Fox', 'Frankie Adams']","['brotherhood', 'reunion', 'family conflict', 'power struggle', 'hand to hand combat', 'family legacy', 'helicopter chase', 'brother brother relationship']"
122,The Lord of the Rings: The Return of the King,"['Adventure', 'Fantasy', 'Action']",8.5,26448,34.1587,2003-12-17,94000000,1118888979,"['Elijah Wood', 'Ian McKellen', 'Viggo Mortensen', 'Sean Astin', 'Andy Serkis', 'Dominic Monaghan']","['army', 'based on novel or book', 'elves', 'dwarf', 'magic', 'kingdom', 'obsession', 'allegory']"
634649,Spider-Man: No Way Home,"['Action', 'Adventure', 'Science Fiction']",7.934,21909,32.7324,2021-12-15,200000000,1921847111,"['Tom Holland', 'Zendaya', 'Benedict Cumberbatch', 'Jacob Batalon', 'Jon Favreau', 'Jamie Foxx']","['new york city', 'hero', 'showdown', 'magic', 'loss of loved one', 'secret identity', 'superhero', 'villain']"
1270125,Monster on a Plane,"['Horror', 'Comedy']",4.561,41,28.7661,2024-11-07,0,0,"['Eva Habermann', 'Robin Czerny', 'Philippe Brenninkmeyer', 'Dieter Landuris', 'Fred Aaron Blake', 'Anthony Straeger']",[]
1214931,Nuremberg,"['History', 'Drama']",7.474,949,28.1936,2025-11-06,11800000,37009109,"['Russell Crowe', 'Rami Malek', 'Michael Shannon', 'Leo Woodall', 'John Slattery', 'Richard E. Grant']","['based on novel or book', 'world war ii', 'nuremberg trials', 'based on true story', 'nuremberg, germany', 'post world war ii', 'historical drama', '1940s']"
950396,The Gorge,"['Romance', 'Science Fiction', 'Thriller']",7.619,3655,30.4933,2025-02-13,70000000,0,"['Miles Teller', 'Anya Taylor-Joy', 'Sigourney Weaver', 'Ṣọpẹ́ Dìrísù', 'William Houston', 'Kobna Holdbrook-Smith']","['isolation', 'fog', 'tower', 'elite sniper', 'trust issues', 'snipers', 'long-term observation', 'paranoïa']"
1651233,Son-in-Law,"['Comedy', 'Drama']",5.1,8,28.1398,2026-04-18,0,0,"['Adrián Vázquez', 'Jero Medina', 'David Gaitán', 'Verónica Bravo', 'Eduardo España', 'Rodrigo Virago']","['politics', 'tragicomedy', 'méxico']"
858024,Hamnet,"['Drama', 'Romance', 'History']",7.744,1313,25.2439,2025-11-26,30000000,107756183,"['Jessie Buckley', 'Paul Mescal', 'Emily Watson', 'Joe Alwyn', 'Jacobi Jupe', 'Noah Jupe']","['based on novel or book', 'grief', 'historical fiction', 'death in family', 'motherhood', 'woman director', '16th century', 'period film']"
1010755,The Strangers: Chapter 3,"['Horror', 'Thriller']",5.616,151,30.3632,2026-02-05,8500000,9191988,"['Madelaine Petsch', 'Richard Brake', 'Ema Horvath', 'Gabriel Basso', 'Pedro Leandro', 'Rachel Shenton']","['sequel', 'slasher', 'struggle for survival', 'reboot', 'masked killer', 'stalkers', 'serial killers', 'violent confrontations']"
533535,Deadpool & Wolverine,"['Action', 'Comedy', 'Science Fiction']",7.56,8571,31.4733,2024-07-24,200000000,1338073645,"['Ryan Reynolds', 'Hugh Jackman', 'Emma Corrin', 'Matthew Macfadyen', 'Dafne Keen', 'Jon Favreau']","['hero', 'superhero', 'anti hero', 'mutant', 'breaking the fourth wall', 'aftercreditsstinger', 'duringcreditsstinger', 'marvel cinematic universe (mcu)']"
120,The Lord of the Rings: The Fellowship of the Ring,"['Adventure', 'Fantasy', 'Action']",8.433,27452,30.5824,2001-12-18,93000000,871368364,"['Elijah Wood', 'Ian McKellen', 'Viggo Mortensen', 'Sean Astin', 'Ian Holm', 'Liv Tyler']","['based on novel or book', 'elves', 'dwarf', 'magic', 'obsession', 'allegory', 'bravery', 'fireworks']"
567609,Ready or Not,"['Horror', 'Comedy']",7.059,5381,29.9762,2019-08-21,6000000,57615777,"['Samara Weaving', 'Adam Brody', ""Mark O'Brien"", 'Henry Czerny', 'Andie MacDowell', 'Melanie Scrofano']","['escape', 'ritual', 'marriage', 'satanism', 'gore', 'pact with the devil', 'wealth', 'murder']"
1336770,Vaazha II,"['Comedy', 'Drama']",7.2,4,35.4848,2026-04-02,1079884,21181760,"['Hashir', 'Alan Bin Siraj', 'Ajin Joy', 'Vinayak V', 'Alphonse Puthren', 'Sudheesh']",[]
1383519,Wolf Beach,"['Comedy', 'Thriller']",5.0,4,30.2831,2025-10-24,0,0,"['Guillermo Francella', 'Dani Rovira', 'Antonia San Juan', 'Denisse Peña', 'Marta Hazas', 'Javier Veiga']",[]
361743,Top Gun: Maverick,"['Action', 'Drama']",8.154,10856,31.5207,2022-05-21,170000000,1488732821,"['Tom Cruise', 'Miles Teller', 'Jennifer Connelly', 'Bashir Salahuddin', 'Jon Hamm', 'Charles Parnell']","['fighter pilot', 'u.s. navy', 'sequel', 'nuclear weapons', 'military', 'aircraft carrier', 'naval aviation', 'war']"
214756,Ted 2,"['Comedy', 'Fantasy']",6.318,7957,29.2379,2015-06-25,68000000,215863606,"['Mark Wahlberg', 'Seth MacFarlane', 'Amanda Seyfried', 'Jessica Barth', 'Giovanni Ribisi', 'Morgan Freeman']","['sperm bank', 'sequel', 'buddy', 'courthouse', 'teddy bear', 'aftercreditsstinger', 'toy comes to life', 'provocative']"
10729,Quick Change,"['Comedy', 'Crime']",6.691,411,28.377,1990-07-13,15000000,15260154,"['Bill Murray', 'Geena Davis', 'Randy Quaid', 'Jason Robards', 'Stanley Tucci', 'Phil Hartman']","['new york city', 'heist', 'bank robbery', 'jousting', 'getaway', 'crime gone awry', 'bumbler', 'hostage negotiator']"
1446616,Tu Yaa Main,"['Thriller', 'Romance']",6.4,33,28.1873,2026-02-11,0,0,"['Adarsh Gourav', 'Shanaya Kapoor', 'Kshitee Jog', 'Parul Gulati', 'Ansh Chopra', 'Amrutha Srinivasan']","['hip-hop', 'rapper', 'creature feature', 'based on movie', 'content creators', 'survival thriller', 'official adaptation']"
1160946,Animalicious,"['Documentary', 'TV Movie']",9.0,2,26.4056,1999-01-01,0,0,[],[]
1539104,JUJUTSU KAISEN: Execution,"['Animation', 'Action', 'Fantasy']",5.975,99,29.6471,2025-11-07,0,44457030,"['Junya Enoki', 'Megumi Ogata', 'Koji Yusa', 'Daisuke Namikawa', 'Yuma Uchida', 'Asami Seto']","['compilation', 'based on manga', 'edited from tv series', 'shounen', 'anime', 'distressing']"
807,Se7en,"['Crime', 'Mystery', 'Thriller']",8.381,23001,29.8802,1995-09-22,33000000,327311859,"['Morgan Freeman', 'Brad Pitt', 'Gwyneth Paltrow', 'John Cassini', 'Peter Crombie', 'Reg E. Cathey']","['rage and hate', 'police', 's.w.a.t.', 'sadism', 'self-fulfilling prophecy', 'psychopath', 'detective', 'investigation']"
1430077,Hokum,['Horror'],6.786,28,23.6118,2026-04-29,5000000,14558218,"['Adam Scott', 'Peter Coonan', 'David Wilmot', 'Florence Ordesh', ""Will O'Connell"", 'Michael Patric']","['witch', 'novelist', 'folk horror', 'haunted', 'supernatural horror', 'remote inn', 'rural ireland']"
1214361,Bad Men Must Bleed,"['Western', 'Crime', 'Thriller']",0.0,0,23.9001,2026-03-12,1000000,0,"['Chad Michael Murray', 'Willie Robertson', 'Bruce Dern', 'Zach Roerig', 'Lexi Rabe', 'Tristan Riggs']","['brother against brother', 'family dynamics', 'brother brother relationship', 'independent film', 'old west']"
1022789,Inside Out 2,"['Animation', 'Adventure', 'Comedy', 'Family']",7.545,6638,29.8398,2024-06-11,200000000,1698863816,"['Amy Poehler', 'Maya Hawke', 'Kensington Tallman', 'Liza Lapira', 'Tony Hale', 'Lewis Black']","['sadness', 'disgust', 'sequel', 'computer animation', 'teenage girl', 'fear', 'anger', 'envy']"
1246049,Dracula,"['Horror', 'Fantasy', 'Romance']",7.091,1155,29.0224,2025-07-30,52000000,42404858,"['Caleb Landry Jones', 'Zoë Bleu Sidel', 'Christoph Waltz', 'Matilda De Angelis', 'Ewens Abid', 'Guillaume de Tonquédec']","['paris, france', 'vampire', 'beheading', 'parfum', 'gargoyle', 'gothic horror', 'music box', 'eternal love']"
1658216,Stepdaddy,['Drama'],5.0,2,27.6707,2026-04-04,0,0,"['Astrid Lee', 'Christy Imperial', 'Jamilla Obispo', 'Marlon Marcia']",['sexy']
808,Shrek,"['Animation', 'Comedy', 'Fantasy', 'Adventure', 'Family']",7.76,18675,29.2204,2001-05-18,60000000,488977919,"['Mike Myers', 'Eddie Murphy', 'Cameron Diaz', 'John Lithgow', 'Vincent Cassel', 'Peter Dennis']","['princess', 'based on novel or book', 'magic', 'fairy tale', 'donkey', 'liberation', 'lordship', 'prince']"
129,Spirited Away,"['Animation', 'Family', 'Fantasy']",8.534,18252,28.8568,2001-07-20,19000000,274925095,"['Rumi Hiiragi', 'Miyu Irino', 'Mari Natsuki', 'Takashi Naito', 'Yasuko Sawaguchi', 'Tatsuya Gashûin']","['witch', 'parent child relationship', 'darkness', 'bath house', 'magic', 'spirit', 'parallel world', 'amusement park']"
1002398,Donselya,"['Drama', 'Romance']",6.45,20,28.1118,2024-10-29,0,0,"['Dyessa Garcia', 'Arnold Reyes', 'Anthony Dabao', 'Allan Paule', 'Tanya Gomez', 'Vern Kaye']",['sexy']
550,Fight Club,"['Drama', 'Thriller']",8.438,31942,29.2267,1999-10-15,63000000,100853753,"['Edward Norton', 'Brad Pitt', 'Helena Bonham Carter', 'Meat Loaf', 'Jared Leto', 'Zach Grenier']","['dual identity', 'rage and hate', 'based on novel or book', 'nihilism', 'fight', 'support group', 'dystopia', 'insomnia']"
13,Forrest Gump,"['Comedy', 'Drama', 'Romance']",8.464,29668,30.0401,1994-06-23,55000000,677387716,"['Tom Hanks', 'Robin Wright', 'Gary Sinise', 'Sally Field', 'Mykelti Williamson', 'Michael Conner Humphreys']","[""new year's eve"", 'vietnam war', 'vietnam veteran', 'mentally disabled', 'friendship', 'usa president', 'washington dc, usa', 'post-traumatic stress disorder (ptsd)']"
1159831,The Bride!,"['Science Fiction', 'Horror', 'Fantasy']",6.217,404,24.5978,2026-03-04,80000000,23844025,"['Jessie Buckley', 'Christian Bale', 'Peter Sarsgaard', 'John Magaro', 'Jeannie Berlin', 'Annette Bening']","['chicago, illinois', 'new york city', 'prostitute', 'based on novel or book', 'musical', 'mad scientist', 'niagara falls', 'murder']"
106098,Egyptian Melodies,['Animation'],6.059,34,26.7972,1931-08-21,10461,0,[],"['cartoon', 'short film']"
1088434,Hellfire,"['Action', 'Thriller']",6.641,78,25.6328,2026-02-05,0,0,"['Stephen Lang', 'Harvey Keitel', 'Scottie Thompson', 'Dolph Lundgren', 'Chris Mullinax', 'Michael Sirow']",[]
1193501,Whistle,"['Horror', 'Mystery']",6.294,352,25.6899,2026-01-20,2000000,4686337,"['Dafne Keen', 'Sophie Nélisse', 'Sky Yang', 'Jhaleil Swaby', 'Alissa Skovbye', 'Percy Hynes White']","['high school', 'grave', 'evil spirit', 'school', 'death', 'whistle', 'based on short story', 'supernatural horror']"
17741,Stoned,['Drama'],5.125,52,26.7844,2005-11-18,0,0,"['Leo Gregory', 'Paddy Considine', 'David Morrissey', 'Ben Whishaw', 'Tuva Novotny', 'Amelia Warner']","['musician', 'rock star', 'drugs', 'death', '1960s']"
979,Irreversible,"['Drama', 'Thriller', 'Crime']",7.182,3267,28.2608,2002-05-22,3500000,6500000,"['Monica Bellucci', 'Vincent Cassel', 'Albert Dupontel', 'Jo Prestia', 'Philippe Nahon', 'Stéphane Drouot']","['prostitute', 'rape', 'paris, france', 'police', 'nihilism', 'homophobia', 'homicide', 'insanity']"
1321179,The King's Warden,"['History', 'Drama']",7.1,15,24.9375,2026-02-04,6900000,111782570,"['Yoo Hai-jin', 'Park Ji-hoon', 'Yoo Ji-tae', 'Jeon Mi-do', 'Kim Min', 'Park Ji-hwan']","[""coup d'etat"", 'exile', 'based on true story', 'king', 'period drama', 'middle ages (476-1453)', 'historical drama', 'depose']"
769,GoodFellas,"['Drama', 'Crime']",8.453,14282,28.5948,1990-09-12,25000000,47072327,"['Robert De Niro', 'Ray Liotta', 'Joe Pesci', 'Lorraine Bracco', 'Paul Sorvino', 'Frank Sivero']","['prison', 'florida', 'new york city', 'based on novel or book', 'gangster', 'mass murder', 'drug trafficking', '1970s']"
1011985,Kung Fu Panda 4,"['Action', 'Adventure', 'Animation', 'Comedy', 'Family', 'Fantasy']",7.002,3474,25.7867,2024-03-02,80000000,548040835,"['Jack Black', 'Awkwafina', 'Viola Davis', 'Dustin Hoffman', 'Bryan Cranston', 'James Hong']","['martial arts', 'kung fu', 'china', 'villain', 'sequel', 'panda', 'anthropomorphism', 'chameleon']"
1317288,Marty Supreme,"['Drama', 'Thriller']",7.385,1685,23.5479,2025-12-19,65000000,274459312,"['Timothée Chalamet', 'Gwyneth Paltrow', ""Odessa A'zion"", ""Kevin O'Leary"", 'Tyler, The Creator', 'Fran Drescher']","['new york city', 'sports', 'capitalism', 'hustler', 'narcissism', 'ping pong', 'scheming', '1950s']"
1236153,Mercy,"['Science Fiction', 'Action', 'Thriller']",7.006,1232,26.6074,2026-01-20,60000000,54708061,"['Chris Pratt', 'Rebecca Ferguson', 'Kali Reis', 'Kylie Rogers', 'Chris Sullivan', 'Jeff Pierre']","['race against time', 'mission', 'artificial intelligence (a.i.)', 'bomb', 'kidnapping', 'cop', 'los angeles, california', 'false accusations']"
28322,Madness,"['Thriller', 'Action', 'Crime']",5.0,29,24.7031,1980-03-20,0,0,"['Joe Dallesandro', 'Patrizia Behn', 'Gianni Macchia', 'Lorraine De Selle', 'Omero Capanna']","['rape', 'escaped convict', 'murder', 'home invasion']"
1499885,The Red Book Ritual: Gates of Hell,['Horror'],6.577,26,22.7525,2025-09-18,0,0,"['Mario González Martí', 'Lizzie Gómez', 'Matias Miranda', 'Tainá Lipinski', 'Bianca Vacchetta', 'Lucia Baez']",[]
805681,Deepfrozen,['Comedy'],9.0,1,25.6464,2006-09-07,0,0,"['Peter Lohmeyer', 'Lale Yavaş', 'Thierry van Werveke', 'Marco Lorenzini', 'Ingrid Caven', 'Marja-Leena Junker']","['femme fatale', 'luxembourg']"
597,Titanic,"['Drama', 'Romance']",7.9,27081,27.4916,1997-12-18,200000000,2264162353,"['Leonardo DiCaprio', 'Kate Winslet', 'Billy Zane', 'Kathy Bates', 'Frances Fisher', 'Gloria Stuart']","['ship', 'soulmates', 'shipwreck', 'atlantic ocean', 'evacuation', 'iceberg', 'titanic', 'forbidden love']"
1061474,Superman,"['Science Fiction', 'Adventure', 'Action']",7.34,4701,27.8939,2025-07-09,225000000,618723803,"['David Corenswet', 'Rachel Brosnahan', 'Nicholas Hoult', 'Edi Gathegi', 'Nathan Fillion', 'Isabela Merced']","['dual identity', 'superhero', 'based on comic', 'super power', 'reboot', 'modern day adaptation', 'aftercreditsstinger', 'duringcreditsstinger']"
774444,Cinematographer,['Documentary'],0.0,0,27.5582,2020-12-04,0,0,"['Donald M. Morgan', 'Owen Roizman', 'Jack N. Green', 'George Dibbe']","['addiction', 'filmmaking', 'recovery', 'mentoring']"
9823,Mortal Kombat: Annihilation,"['Action', 'Fantasy', 'Science Fiction']",4.532,1321,29.5029,1997-11-11,30000000,51376861,"['Robin Shou', 'Talisa Soto', 'James Remar', 'Brian Thompson', 'Sandra Hess', ""Lynn 'Red' Williams""]","['martial arts', 'saving the world', 'magic', 'authority', 'transformation', 'villain', 'sequel', 'alternate dimension']"
258216,Nymphomaniac: Vol. I,['Drama'],6.845,3632,28.2413,2013-12-25,2350000,13545832,"['Charlotte Gainsbourg', 'Stellan Skarsgård', 'Stacy Martin', 'Shia LaBeouf', 'Christian Slater', 'Uma Thurman']","['uniform', 'virgin', 'sexual obsession', 'fly fishing', 'sex addiction', 'sin', 'beating', 'sexual promiscuity']"
137051,Midnight Matinee,"['Horror', 'Mystery', 'Thriller', 'TV Movie']",5.4,7,26.5185,1988-10-12,0,0,"['Ron White', 'Gillian Barber', 'Jeff Schultz', 'Beatrice Boepple', 'Timothy Webber', 'Don S. Davis']",[]
1233413,Sinners,"['Horror', 'Action', 'Thriller']",7.5,4451,27.1712,2025-04-16,90000000,369425281,"['Michael B. Jordan', 'Hailee Steinfeld', 'Miles Caton', ""Jack O'Connell"", 'Wunmi Mosaku', 'Jayme Lawson']","['chicago, illinois', 'capitalism', 'ku klux klan', 'musician', 'immortality', 'vampire', 'cousin', 'surrealism']"
866398,The Beekeeper,"['Action', 'Crime', 'Thriller']",7.242,4162,25.0532,2024-01-08,35000000,162619535,"['Jason Statham', 'Emmy Raver-Lampman', 'Josh Hutcherson', 'Jeremy Irons', 'Bobby Naderi', 'David Witts']","['massachusetts', 'secret government organization', 'government conspiracy', 'hand to hand combat', 'vengeance', 'fbi agent', 'beekeepers', 'scam call center']"
1268127,Humint,"['Thriller', 'Action', 'Drama']",7.377,122,24.715,2026-02-11,16000000,13207600,"['Zo In-sung', 'Park Jeong-min', 'Park Hae-joon', 'Shin Sae-kyeong', 'Robert Maaser', 'Jung Yoo-jin']","['double agent', 'double cross', 'undercover operation', 'south korea', 'north korea', 'inter-korean relations', 'national intelligence service (nis)', 'political conspiracy']"
372058,Your Name.,"['Animation', 'Romance', 'Drama']",8.477,12494,25.3218,2016-08-26,7500000,405320132,"['Ryunosuke Kamiki', 'Mone Kamishiraishi', 'Ryo Narita', 'Aoi Yuuki', 'Nobunaga Shimazaki', 'Kaito Ishikawa']","['high school', 'race against time', 'dreams', 'afterlife', 'natural disaster', 'supernatural', 'time travel', 'comet']"
240,The Godfather Part II,"['Drama', 'Crime']",8.571,13864,26.0612,1974-12-20,13000000,102600000,"['Al Pacino', 'Robert Duvall', 'Diane Keaton', 'Robert De Niro', 'John Cazale', 'Talia Shire']","[""new year's eve"", 'new york city', 'based on novel or book', 'italian american', 'cuba', 'italy', 'gangster', 'praise']"
1228710,Star Wars: The Mandalorian and Grogu,"['Adventure', 'Science Fiction', 'Action']",0.0,0,25.1013,2026-05-20,165000000,0,"['Pedro Pascal', 'Jeremy Allen White', 'Sigourney Weaver', 'Jonny Coyne', 'Dave Filoni', 'Steve Blum']","['galaxy', 'bounty hunter', 'space opera', 'based on tv series', 'western']"
269955,Obsessed,['Drama'],6.681,80,25.8486,2014-05-14,0,0,"['Song Seung-heon', 'Lim Ji-yeon', 'Cho Yeo-jeong', 'On Ju-wan', 'Yoo Hai-jin', 'Park Hyuk-kwon']","['vietnam war', 'military base', 'love affair', '1960s', 'korean army']"
872585,Oppenheimer,"['Drama', 'History']",8.031,11701,28.1896,2023-07-19,100000000,952000000,"['Cillian Murphy', 'Emily Blunt', 'Matt Damon', 'Robert Downey Jr.', 'Florence Pugh', 'Josh Hartnett']","['husband wife relationship', 'based on novel or book', 'atomic bomb', 'patriotism', 'new mexico', 'world war ii', 'atomic bomb test', 'physics']"
11,Star Wars,"['Adventure', 'Action', 'Science Fiction']",8.204,22255,26.442,1977-05-25,11000000,775398007,"['Mark Hamill', 'Harrison Ford', 'Carrie Fisher', 'Peter Cushing', 'Alec Guinness', 'Anthony Daniels']","['empire', 'galaxy', 'rebellion', 'android', 'hermit', 'smuggling (contraband)', 'freedom', 'rebel']"
980477,Ne Zha 2,"['Animation', 'Action', 'Fantasy', 'Adventure']",8.134,669,25.5218,2025-01-29,80000000,2259822417,"['Lu Yanting', 'Joseph', 'Han Mo', 'Chen Hao', 'Lu Qi', 'Zhang Jiaming']","['fight', 'magic', 'dark fantasy', 'based on myths, legends or folklore', '3d animation', 'nezha', 'chinese mythology', 'donghua']"
81774,Exploits of a Young Don Juan,"['Comedy', 'Drama']",6.066,316,21.5315,1986-11-04,0,1300000,"['Serena Grandi', 'Claudine Auger', 'Marina Vlady', 'Fabrice Josso', 'François Perrot', 'Aurélien Recoing']","['virgin', 'based on novel or book', 'coming of age', 'spanking', 'maid', 'teenage boy', 'masturbation', 'incest']"
438631,Dune,"['Science Fiction', 'Adventure']",7.8,14813,25.452,2021-09-15,165000000,410668500,"['Timothée Chalamet', 'Rebecca Ferguson', 'Oscar Isaac', 'Jason Momoa', 'Stellan Skarsgård', 'Stephen McKinley Henderson']","['empire', 'future', 'army', 'based on novel or book', 'prophecy', 'dystopia', 'emperor', 'sand']"
671,Harry Potter and the Philosopher's Stone,"['Adventure', 'Fantasy']",7.898,29478,26.9886,2001-11-16,125000000,976475550,"['Daniel Radcliffe', 'Rupert Grint', 'Emma Watson', 'Richard Harris', 'Tom Felton', 'Alan Rickman']","['witch', 'school friend', 'friendship', 'london, england', 'based on novel or book', 'magic', 'boarding school', 'male friendship']"
1472638,Buen Camino,"['Comedy', 'Family', 'Adventure']",6.274,512,20.4811,2025-12-25,28100000,73797878,"['Checco Zalone', 'Beatriz Arjona', 'Letizia Arnò', 'Martina Colombari', 'Hossein Taheri', 'Alfonso Santagata']",['jakobsweg']
14836,Coraline,"['Animation', 'Family', 'Fantasy']",7.9,8910,26.3959,2009-02-05,60000000,185860104,"['Dakota Fanning', 'Teri Hatcher', 'Jennifer Saunders', 'Dawn French', 'Keith David', 'John Hodgman']","['friendship', 'dreams', 'based on novel or book', 'eye', 'stuffed animal', 'stop motion', 'parallel world', 'button']"
424,Schindler's List,"['Drama', 'History', 'War']",8.568,17405,26.1437,1993-12-15,22000000,321365567,"['Liam Neeson', 'Ben Kingsley', 'Ralph Fiennes', 'Caroline Goodall', 'Jonathan Sagall', 'Embeth Davidtz']","['factory', 'hero', 'nazi', 'concentration camp', 'ss (nazi schutzstaffel)', 'holocaust (shoah)', 'world war ii', 'ghetto']"
181808,Star Wars: The Last Jedi,"['Adventure', 'Action', 'Science Fiction']",6.752,16288,21.4993,2017-12-13,300000000,1334407706,"['Mark Hamill', 'Carrie Fisher', 'Adam Driver', 'Daisy Ridley', 'John Boyega', 'Oscar Isaac']","['bunker', 'space battle', 'defeat', 'failure', 'sequel', 'space opera', 'military operation', 'tuwaderalit']"
1173476,Michael Jackson: Faking It,"['Documentary', 'Crime']",5.2,2,21.6733,2023-09-10,0,0,"['Michael Jackson', 'Kerry Daynes', 'Martin Bashir', 'Macaulay Culkin', 'Paris Jackson', 'Prince Jackson']",[]
76600,Avatar: The Way of Water,"['Action', 'Adventure', 'Science Fiction']",7.592,14059,24.705,2022-12-14,350000000,2353096253,"['Sam Worthington', 'Zoe Saldaña', 'Sigourney Weaver', 'Stephen Lang', 'Kate Winslet', 'Cliff Curtis']","['dying and death', 'loss of loved one', 'alien life-form', 'resurrection', 'dysfunctional family', 'sequel', 'alien planet', 'distant future']"
1228710,Star Wars: The Mandalorian and Grogu,"['Adventure', 'Science Fiction', 'Action']",0.0,0,25.1013,2026-05-20,165000000,0,"['Pedro Pascal', 'Jeremy Allen White', 'Sigourney Weaver', 'Jonny Coyne', 'Dave Filoni', 'Steve Blum']","['galaxy', 'bounty hunter', 'space opera', 'based on tv series', 'western']"
1321179,The King's Warden,"['History', 'Drama']",7.1,15,24.9375,2026-02-04,6900000,111782570,"['Yoo Hai-jin', 'Park Ji-hoon', 'Yoo Ji-tae', 'Jeon Mi-do', 'Kim Min', 'Park Ji-hwan']","[""coup d'etat"", 'exile', 'based on true story', 'king', 'period drama', 'middle ages (476-1453)', 'historical drama', 'depose']"
1029529,Powerless King,[],6.5,2,14.2719,1981-08-29,0,0,"['Mio Takaki', 'Jinpachi Nezu', 'Junko Enjou', 'Namihiko Ohmura', 'Kazumi Sawada', 'Jiro Karasawa']",[]
519182,Despicable Me 4,"['Action', 'Animation', 'Comedy', 'Family', 'Science Fiction']",6.988,3178,24.1184,2024-06-20,100000000,972021410,"['Steve Carell', 'Kristen Wiig', 'Will Ferrell', 'Sofía Vergara', 'Miranda Cosgrove', 'Dana Gaier']","['superhero', 'villain', 'sequel', 'super villain', 'aftercreditsstinger', 'duringcreditsstinger', 'kids', 'calm']"
278986,Gangor,['Drama'],5.5,2,28.8823,2011-01-01,0,0,"['Priyanka Bose', 'Tillotama Shome', 'Adil Hussain', 'Samrat Chakrabarti', 'Seema Rahmani', 'Vikas Shrivastav']",[]
341054,Fool Japan: The ABCs of Tetsudon,"['Comedy', 'Horror', 'Animation']",0.0,0,22.4704,2014-03-01,0,0,"['Keisaku Kimura', 'Ryûki Kitaoka', 'Britani Sugawara']","['underground', 'anthology']"
1156594,Our Fault,"['Romance', 'Drama']",7.34,656,24.0177,2025-10-15,0,0,"['Nicole Wallace', 'Gabriel Guevara', 'Gabriela Andrada', 'Marta Hazas', 'Goya Toledo', 'Iván Sánchez']","['based on novel or book', 'sequel']"
1671548,Dear You,"['Drama', 'Family']",9.0,7,21.5516,2026-04-30,0,0,"['Li Sitong', '王彦桐', '吴少卿', 'Zheng Runqi', '王晓慧', '赵曙光']",[]
575265,Mission: Impossible - The Final Reckoning,"['Action', 'Thriller', 'Adventure']",7.162,2766,25.1942,2025-05-17,400000000,598767057,"['Tom Cruise', 'Hayley Atwell', 'Ving Rhames', 'Simon Pegg', 'Esai Morales', 'Pom Klementieff']","['mask', 'artificial intelligence (a.i.)', 'diving', 'submarine', 'espionage', 'spy', 'nuclear missile', 'fake identity']"
1228246,Five Nights at Freddy's 2,"['Horror', 'Thriller']",6.663,918,22.1193,2025-12-03,51000000,239502619,"['Josh Hutcherson', 'Piper Rubio', 'Elizabeth Lail', 'Matthew Lillard', 'Freddy Carter', 'Wayne Knight']","['killer robot', 'pizzeria', 'sequel', 'serial killer', 'security guard', 'based on video game', 'theme park', 'dead children']"
875828,Peaky Blinders: The Immortal Man,"['Crime', 'Drama']",7.216,898,20.8199,2026-03-05,0,0,"['Cillian Murphy', 'Barry Keoghan', 'Rebecca Ferguson', 'Tim Roth', 'Stephen Graham', 'Sophie Rundle']","['england', 'gangster', 'world war ii', 'betrayal', 'organized crime', 'period drama', 'gang warfare', '1940s']"
696393,Cold Storage,"['Horror', 'Science Fiction', 'Comedy']",6.751,410,22.7505,2026-01-22,10000000,4048606,"['Georgina Campbell', 'Joe Keery', 'Sosie Bacon', 'Vanessa Redgrave', 'Lesley Manville', 'Liam Neeson']","['australia', 'based on novel or book', 'mutation', 'vomit', 'deer', 'outbreak', 'survival', 'nuclear bomb']"
664767,Mortal Kombat Legends: Scorpion's Revenge,"['Animation', 'Action', 'Fantasy']",8.088,1463,24.4996,2020-04-12,0,0,"['Patrick Seitz', 'Jordan Rodrigues', 'Jennifer Carpenter', 'Joel McHale', 'Ike Amadi', 'Steve Blum']","['magic', 'ninja fighter', 'revenge', 'sorcerer', 'tournament', 'shaolin monk', 'fighting', 'based on video game']"
696393,Cold Storage,"['Horror', 'Science Fiction', 'Comedy']",6.751,410,22.7505,2026-01-22,10000000,4048606,"['Georgina Campbell', 'Joe Keery', 'Sosie Bacon', 'Vanessa Redgrave', 'Lesley Manville', 'Liam Neeson']","['australia', 'based on novel or book', 'mutation', 'vomit', 'deer', 'outbreak', 'survival', 'nuclear bomb']"
664767,Mortal Kombat Legends: Scorpion's Revenge,"['Animation', 'Action', 'Fantasy']",8.088,1463,24.4996,2020-04-12,0,0,"['Patrick Seitz', 'Jordan Rodrigues', 'Jennifer Carpenter', 'Joel McHale', 'Ike Amadi', 'Steve Blum']","['magic', 'ninja fighter', 'revenge', 'sorcerer', 'tournament', 'shaolin monk', 'fighting', 'based on video game']"
1049471,Outcome,"['Comedy', 'Drama']",5.293,176,22.328,2026-04-06,80000000,0,"['Keanu Reeves', 'Jonah Hill', 'Cameron Diaz', 'Matt Bomer', 'Susan Lucci', 'Laverne Cox']","['dark comedy', 'extortion', 'public humiliation', 'hollywood star', 'duringcreditsstinger', 'personal demons', 'cancel culture', 'baffled']"
1659087,180,"['Thriller', 'Crime', 'Drama', 'TV Movie']",5.67,91,21.6577,2026-04-16,0,0,"['Prince Grootboom', 'Noxolo Dlamini', 'Danica De La Rey', 'Warren Masemola', 'Desmond Dube', 'Fana Mokoena']",['revenge']
218,The Terminator,"['Action', 'Thriller', 'Science Fiction']",7.68,14532,19.6194,1984-10-26,6400000,78371200,"['Arnold Schwarzenegger', 'Michael Biehn', 'Linda Hamilton', 'Paul Winfield', 'Lance Henriksen', 'Rick Rossovich']","['man vs machine', 'artificial intelligence (a.i.)', 'saving the world', 'laser gun', 'cyborg', 'killer robot', 'shotgun', 'rebel']"
1218925,Chainsaw Man - The Movie: Reze Arc,"['Animation', 'Action', 'Romance', 'Fantasy']",8.3,836,28.8751,2025-09-19,4100000,174502910,"['Kikunosuke Toya', 'Tomori Kusunoki', 'Reina Ueda', 'Shogo Sakata', 'Karin Takahashi', 'Fairouz Ai']","['manipulation', 'melancholy', 'gore', 'sequel', 'tragedy', 'loneliness', 'chainsaw', 'star crossed lovers']"
19995,Avatar,"['Science Fiction', 'Action', 'Adventure']",7.603,33890,24.5552,2009-12-16,237000000,2923706026,"['Sam Worthington', 'Zoe Saldaña', 'Sigourney Weaver', 'Stephen Lang', 'Michelle Rodriguez', 'Giovanni Ribisi']","['paraplegic', 'attachment to nature', 'culture clash', 'indigenous', 'space travel', 'space colony', 'tribe', 'alien planet']"
617126,The Fantastic 4: First Steps,"['Science Fiction', 'Adventure', 'Action']",6.958,3290,21.7142,2025-07-23,200000000,521858728,"['Pedro Pascal', 'Vanessa Kirby', 'Ebon Moss-Bachrach', 'Joseph Quinn', 'Ralph Ineson', 'Julia Garner']","['strong woman', 'saving the world', 'superhero', 'based on comic', 'end of the world', 'super power', 'superhero team', 'alternative reality']"
348,Alien,"['Horror', 'Science Fiction']",8.171,16297,25.6906,1979-05-25,11000000,104931801,"['Tom Skerritt', 'Sigourney Weaver', 'Veronica Cartwright', 'Harry Dean Stanton', 'John Hurt', 'Ian Holm']","['android', 'spacecraft', 'space marine', 'biology', 'dystopia', 'countdown', 'space suit', 'beheading']"
1515899,Billie Eilish - Hit Me Hard and Soft: The Tour (Live in 3D),"['Music', 'Documentary']",7.6,9,23.4817,2026-05-06,65000000,19611311,"['Billie Eilish', 'James Cameron', 'FINNEAS', 'Maggie Baird', 'Charli xcx']","['concert film', 'documentary', 'comforting', 'enchant']"
1184918,The Wild Robot,"['Family', 'Animation', 'Science Fiction', 'Adventure']",8.307,6007,23.9898,2024-09-12,78000000,331982078,"[""Lupita Nyong'o"", 'Pedro Pascal', 'Kit Connor', 'Bill Nighy', 'Stephanie Hsu', 'Matt Berry']","['villain', 'robot', ""based on children's book"", 'female villain', 'aftercreditsstinger', 'duringcreditsstinger', 'kids', 'adopted son']"
121,The Lord of the Rings: The Two Towers,"['Adventure', 'Fantasy', 'Action']",8.417,23799,23.1125,2002-12-18,79000000,926287400,"['Elijah Wood', 'Ian McKellen', 'Viggo Mortensen', 'Sean Astin', 'Andy Serkis', 'John Rhys-Davies']","['mission', 'army', 'based on novel or book', 'elves', 'dwarf', 'magic', 'obsession', 'allegory']"
1408208,Exit 8,"['Horror', 'Mystery']",6.658,364,20.9948,2025-08-28,1400000,42911587,"['Kazunari Ninomiya', 'Yamato Kochi', 'Nana Komatsu', 'Naru Asanuma', 'Kotone Hanase', 'Hirota Otsuka']","['exit', 'based on video game', 'found footage', 'station', 'anomaly', 'cautionary', 'relaxed', 'introspective']"
939243,Sonic the Hedgehog 3,"['Action', 'Science Fiction', 'Comedy', 'Family']",7.613,3249,21.3311,2024-12-19,122000000,492162604,"['Jim Carrey', 'Ben Schwartz', 'Keanu Reeves', 'Idris Elba', ""Colleen O'Shaughnessey"", 'James Marsden']","['moon', 'sequel', 'based on video game', 'psychotic', 'dual role', 'aftercreditsstinger', 'duringcreditsstinger', 'hedgehog']"
991494,The SpongeBob Movie: Search for SquarePants,"['Adventure', 'Animation', 'Comedy', 'Family', 'Fantasy']",6.818,280,21.98,2025-12-16,64000000,163197450,"['Tom Kenny', 'Clancy Brown', 'Rodger Bumpass', 'Bill Fagerbakke', 'Carolyn Lawrence', 'Mr. Lawrence']","['based on cartoon', 'pirate', 'based on tv series', 'casual', 'underworld', 'adoring', 'amused', 'cheerful']"
10138,Iron Man 2,"['Adventure', 'Action', 'Science Fiction']",6.852,22316,21.5614,2010-04-28,200000000,623933331,"['Robert Downey Jr.', 'Gwyneth Paltrow', 'Don Cheadle', 'Scarlett Johansson', 'Sam Rockwell', 'Mickey Rourke']","['technology', 'superhero', 'malibu', 'based on comic', 'sequel', 'revenge', 'aftercreditsstinger', 'marvel cinematic universe (mcu)']"
269149,Zootopia,"['Animation', 'Adventure', 'Family', 'Comedy']",7.76,18013,23.2506,2016-02-11,150000000,1025521689,"['Ginnifer Goodwin', 'Jason Bateman', 'Idris Elba', 'Jenny Slate', 'Nate Torrence', 'Bonnie Hunt']","['sheep', 'allegory', 'lion', 'hippopotamus', 'cartoon', 'villain', 'bullying', 'polar bear']"
1726,Iron Man,"['Action', 'Science Fiction', 'Adventure']",7.658,28053,21.8535,2008-04-30,140000000,585174222,"['Robert Downey Jr.', 'Terrence Howard', 'Jeff Bridges', 'Gwyneth Paltrow', 'Leslie Bibb', 'Shaun Toub']","['middle east', 'kidnapping', 'superhero', 'arms dealer', 'based on comic', 'aftercreditsstinger', 'marvel cinematic universe (mcu)', 'counterterrorism']"
1241982,Moana 2,"['Adventure', 'Animation', 'Comedy', 'Family', 'Fantasy']",6.997,3047,21.9462,2024-11-21,150000000,1059242164,"['Auliʻi Cravalho', 'Dwayne Johnson', 'Hualālai Chung', 'Rose Matafeo', 'David Fane', 'Awhimai Fraser']","['sea', 'ocean', 'villain', 'musical', 'sequel', 'coming of age', 'explorer', 'duringcreditsstinger']"
1078605,Weapons,"['Horror', 'Mystery']",7.252,3326,21.2567,2025-08-04,38000000,269972492,"['Julia Garner', 'Josh Brolin', 'Alden Ehrenreich', 'Austin Abrams', 'Benedict Wong', 'Amy Madigan']","['witch', 'small town', 'pennsylvania, usa', 'ritual', 'junkie', 'teacher', 'trance', 'witchcraft']"
950387,A Minecraft Movie,"['Family', 'Fantasy', 'Comedy', 'Adventure']",6.261,2963,21.2104,2025-03-31,150000000,958287780,"['Jason Momoa', 'Jack Black', 'Sebastian Eugene Hansen', 'Emma Myers', 'Danielle Brooks', 'Jennifer Coolidge']","['friendship', 'surrealism', 'exploration', 'portal', 'miner', 'friends', 'survival', 'zombie']"
1054867,One Battle After Another,"['Thriller', 'Crime', 'Comedy']",7.368,3623,21.8303,2025-09-23,175000000,209377100,"['Leonardo DiCaprio', 'Sean Penn', 'Chase Infiniti', 'Benicio del Toro', 'Regina Hall', 'Teyana Taylor']","['rebellion', 'based on novel or book', 'resistance', 'usa–mexico border', 'riot', 'interracial relationship', 'on the run', 'xenophobia']"
429,"The Good, the Bad and the Ugly",['Western'],8.468,9599,22.983,1966-12-23,1200000,38900000,"['Clint Eastwood', 'Eli Wallach', 'Lee Van Cleef', 'Aldo Giuffrè', 'Luigi Pistilli', 'Rada Rassimov']","['gold', 'army', 'bounty hunter', 'hitman', 'refugee', 'anti hero', 'moral ambiguity', 'gallows']"
1317920,The Red Envelope,['Comedy'],7.267,15,21.1309,2025-03-20,0,3271089,"['Putthipong Assaratanakul', 'Krit Amnuaydechkorn', 'Arachaporn Pokinpakorn', 'Piyamas Monayakul', 'Teravat Anuvatudom', 'Jaturong Mokjok']","['remake', 'buddy', 'lgbt', 'gay theme']"
569094,Spider-Man: Across the Spider-Verse,"['Animation', 'Action', 'Adventure', 'Science Fiction']",8.333,8536,23.5612,2023-05-31,100000000,690897910,"['Shameik Moore', 'Hailee Steinfeld', 'Brian Tyree Henry', 'Luna Lauren Vélez', 'Jake Johnson', 'Oscar Isaac']","['new york city', 'hero', 'double life', 'sacrifice', 'secret identity', 'superhero', 'villain', 'portal']"
1167307,David,"['Animation', 'Drama', 'Family', 'History']",8.052,134,22.1516,2025-12-14,60900000,85865995,"['Brandon Engman', 'Brian Stivale', 'Shahar Taboch', 'Aaron Tavaler', 'Hector', 'Miri Mesika']","['aggression', 'bible', 'musical', 'religion', 'prophet', 'giant man', 'david vs. goliath', 'old testament']"
9312,Mortal Kombat,"['Action', 'Fantasy']",5.883,2518,22.4241,1995-08-18,18000000,122195920,"['Robin Shou', 'Cary-Hiroyuki Tagawa', 'Linden Ashby', 'Bridgette Wilson-Sampras', 'Christopher Lambert', 'Talisa Soto']","['island', 'martial arts', 'monster', 'saving the world', 'magic', 'villain', 'gore', 'god']"
1669057,Check-In,['Drama'],5.0,2,21.7893,2026-05-01,0,0,"['Aliya Raymundo', 'Anya Austria', 'VR Relosa', 'Chester Grecia']",['sexy']
99861,Avengers: Age of Ultron,"['Action', 'Adventure', 'Science Fiction']",7.27,24360,20.2105,2015-04-22,235000000,1405403694,"['Robert Downey Jr.', 'Chris Hemsworth', 'Mark Ruffalo', 'Chris Evans', 'Scarlett Johansson', 'Jeremy Renner']","['artificial intelligence (a.i.)', 'saving the world', 'superhero', 'based on comic', 'sequel', 'vision', 'robot', 'superhero team']"
346698,Barbie,"['Comedy', 'Adventure', 'Fantasy']",6.925,11045,28.2465,2023-07-19,145000000,1447138421,"['Margot Robbie', 'Ryan Gosling', 'America Ferrera', 'Ariana Greenblatt', 'Issa Rae', 'Kate McKinnon']","['feminism', 'satire', 'patriarchy', 'social satire', 'based on toy', 'female protagonist', 'fish out of water', 'womanhood']"
8587,The Lion King,"['Animation', 'Family', 'Drama']",8.253,19630,20.9369,1994-06-15,45000000,763455561,"['Matthew Broderick', 'Moira Kelly', 'Nathan Lane', 'Ernie Sabella', 'James Earl Jones', 'Jeremy Irons']","['father murder', 'loss of loved one', 'africa', 'lion', 'cartoon', 'manipulation', 'villain', 'redemption']"
1087192,How to Train Your Dragon,"['Fantasy', 'Family', 'Action', 'Adventure']",7.93,2773,21.8561,2025-06-06,150000000,636351148,"['Mason Thames', 'Nico Parker', 'Gerard Butler', 'Nick Frost', 'Gabriel Howell', 'Julian Dennison']","['flying', 'vikings (norsemen)', 'remake', 'dragon', 'battle', 'warrior', 'live action remake', 'reminiscent']"
106646,The Wolf of Wall Street,"['Crime', 'Drama', 'Comedy']",8.027,25838,22.1152,2013-12-25,100000000,407038432,"['Leonardo DiCaprio', 'Jonah Hill', 'Margot Robbie', 'Matthew McConaughey', 'Kyle Chandler', 'Rob Reiner']","['corruption', 'based on novel or book', 'drug addiction', 'anti hero', 'con man', 'fraud', 'wall street', 'biography']"
1209511,Love Insurance Kompany,"['Romance', 'Science Fiction', 'Comedy']",5.0,5,22.0105,2026-04-10,0,0,"['Pradeep Ranganathan', 'Krithi Shetty', 'S. J. Suryah', 'Yogi Babu', 'Gouri G Kishan', 'Anandaraj']","['artificial intelligence (a.i.)', 'futuristic society', 'robots']"
969681,Spider-Man: Brand New Day,"['Science Fiction', 'Action', 'Adventure']",0.0,0,21.9694,2026-07-29,230000000,262030663,"['Tom Holland', 'Zendaya', 'Sadie Sink', 'Jacob Batalon', 'Jon Bernthal', 'Tramell Tillman']","['superhero', 'based on comic', 'super power', 'marvel cinematic universe (mcu)', 'masked superhero']"
335984,Blade Runner 2049,"['Science Fiction', 'Drama']",7.592,15068,21.5678,2017-10-04,150000000,259239658,"['Ryan Gosling', 'Harrison Ford', 'Ana de Armas', 'Dave Bautista', 'Robin Wright', 'Sylvia Hoeks']","['future', 'android', 'bounty hunter', 'artificial intelligence (a.i.)', 'dystopia', 'sequel', 'cyberpunk', 'transhumanism']"
1223601,Sisu: Road to Revenge,"['Action', 'War', 'Thriller']",7.322,726,20.2596,2025-10-21,12200000,9811703,"['Jorma Tommila', 'Stephen Lang', 'Richard Brake', 'Tommi Korpela', 'Kaspar Velberg', 'Pääru Oja']","['sequel', '1940s', 'karelia', 'survival instinct', 'immortal hero', 'mythic war survival', 'relentless vengeance', 'primal brutality']"
150540,Inside Out,"['Animation', 'Family', 'Adventure', 'Drama', 'Comedy']",7.909,23394,21.8202,2015-06-17,175000000,857611174,"['Amy Poehler', 'Phyllis Smith', 'Richard Kind', 'Bill Hader', 'Lewis Black', 'Mindy Kaling']","['dreams', 'san francisco, california', 'minnesota', 'sadness', 'cartoon', 'disgust', 'ice hockey', 'imaginary friend']"
354912,Coco,"['Family', 'Animation', 'Music', 'Adventure']",8.197,20901,20.0592,2017-10-27,175000000,814641172,"['Anthony Gonzalez', 'Gael García Bernal', 'Benjamin Bratt', 'Alanna Ubach', 'Renée Victor', 'Jaime Camil']","['skeleton', 'mexico', 'guitar', 'afterlife', 'musician', 'holiday', 'villain', 'singer']"
50619,The Twilight Saga: Breaking Dawn - Part 1,"['Adventure', 'Fantasy', 'Romance']",6.188,9245,19.5507,2011-11-16,110000000,712171856,"['Kristen Stewart', 'Robert Pattinson', 'Taylor Lautner', 'Billy Burke', 'Peter Facinelli', 'Michael Sheen']","['based on novel or book', 'vampire', 'hybrid', 'teen movie', 'werewolf', 'supernatural creature', 'dead', 'duringcreditsstinger']"
39254,Real Steel,"['Action', 'Science Fiction', 'Drama']",7.072,9063,19.9391,2011-09-28,110000000,299300000,"['Hugh Jackman', 'Dakota Goyo', 'Evangeline Lilly', 'Kevin Durand', 'Anthony Mackie', 'Hope Davis']","['future', 'sports', 'parent child relationship', 'fight', 'robot', 'prizefight', 'father son reunion', 'robot fighting']"
1358280,Taboo: Family Secrets,"['Romance', 'Drama', 'Thriller']",5.7,7,21.6867,2024-10-22,0,0,"['Costas Mandylor', 'Deborah Twiss', 'Staffan Edenholm', 'Ashley Westover', 'Patricia McKenzie', 'Russ Camarda']",[]
1062722,Frankenstein,"['Drama', 'Fantasy', 'Horror']",7.643,3401,20.5271,2025-10-17,120000000,480678,"['Oscar Isaac', 'Jacob Elordi', 'Christoph Waltz', 'Mia Goth', 'Felix Kammerer', 'Charles Dance']","['monster', 'based on novel or book', 'supernatural', 'identity crisis', 'surgeon', 'mad scientist', 'reanimation', 'gothic horror']"
253376,In Darkness We Fall,"['Horror', 'Adventure']",5.9,183,21.3469,2014-01-24,0,0,"['Marta Castellote', 'Xoel Fernández', 'Eva García-Vacas', 'Marcos Ortiz', 'Jorge López Páez']","['island', 'darkness', 'cave', 'survival', 'found footage', 'starvation', 'exploring']"
1239198,My Dearest Señorita,"['Drama', 'Romance']",5.857,21,18.3715,2026-04-17,0,0,"['Elisabeth Martínez', 'Anna Castillo', 'Nagore Aranburu', 'Eneko Sagardoy', 'Manu Ríos', 'Lola Rodríguez']","['spain', 'madrid, spain', 'self-discovery', 'intersexuality', 'remake', 'pamplona', 'gender identity', 'intersex']"
315635,Spider-Man: Homecoming,"['Action', 'Adventure', 'Science Fiction']",7.331,23103,18.3372,2017-07-05,175000000,880978185,"['Tom Holland', 'Michael Keaton', 'Robert Downey Jr.', 'Marisa Tomei', 'Jon Favreau', 'Gwyneth Paltrow']","['high school', 'new york city', 'washington dc, usa', 'secret identity', 'superhero', 'based on comic', 'reboot', 'aftercreditsstinger']"
198663,The Maze Runner,"['Action', 'Mystery', 'Science Fiction', 'Thriller']",7.189,18052,20.6135,2014-09-10,34000000,348319861,"[""Dylan O'Brien"", 'Kaya Scodelario', 'Thomas Brodie-Sangster', 'Ki Hong Lee', 'Will Poulter', 'Aml Ameen']","['based on novel or book', 'escape', 'dystopia', 'maze', 'post-apocalyptic future', 'memory loss', 'trapped', 'based on young adult novel']"
12153,White Chicks,"['Comedy', 'Crime']",6.931,4494,21.1933,2004-06-23,37000000,113100000,"['Shawn Wayans', 'Marlon Wayans', 'Frankie Faison', 'Terry Crews', 'Faune Chambers Watkins', 'Rochelle Aytes']","['undercover', 'kidnapping', 'fbi', 'auction', 'nightclub', 'sleepover', 'cross dressing', 'car accident']"
1511417,Bāhubali: The Epic,"['Action', 'Drama']",6.095,37,19.4369,2025-10-29,65000000,3500000,"['Prabhas', 'Rana Daggubati', 'Anushka Shetty', 'Ramya Krishnan', 'Sathyaraj', 'Nassar']","['affectation', 'flashback', 'revenge', 'alternate history', 'historical fiction', 'fratricide', 'ancient india', 'regicide']"
62177,Brave,"['Animation', 'Family', 'Fantasy', 'Adventure']",7.023,14122,21.1865,2012-06-21,185000000,538983207,"['Kelly Macdonald', 'Emma Thompson', 'Billy Connolly', 'Julie Walters', 'Robbie Coltrane', 'Kevin McKidd']","['witch', 'kingdom', 'scotland', 'rebel', 'bravery', 'villain', 'wish', 'archer']"
1424965,Ice Skater,"['Drama', 'Thriller']",0.0,0,18.7234,2026-05-28,0,0,"['Thea Sofie Loch Næss', 'Nikos Koukas', 'Mimi Roivainen', 'Jasmin Simonen']","['lost at sea', 'ice skater', 'arctic survival']"
557,Spider-Man,"['Action', 'Science Fiction']",7.326,20584,21.3619,2002-05-01,139000000,821708551,"['Tobey Maguire', 'Willem Dafoe', 'Kirsten Dunst', 'James Franco', 'Cliff Robertson', 'Rosemary Harris']","['new york city', 'adolescence', 'photographer', 'loss of loved one', 'photography', 'secret identity', 'hostility', 'superhero']"
7131,Van Helsing,"['Horror', 'Adventure', 'Action']",6.4,6607,19.7109,2004-05-03,160000000,300257475,"['Hugh Jackman', 'Kate Beckinsale', 'Richard Roxburgh', 'Josie Maran', 'David Wenham', 'Shuler Hensley']","['transylvania', 'vampire', 'vatican (holy see)', 'bite', 'castle', 'steampunk', 'werewolf', 'gothic horror']"
402431,Wicked,"['Drama', 'Romance', 'Fantasy']",6.91,3002,19.8338,2024-10-16,150000000,758827029,"['Cynthia Erivo', 'Ariana Grande', 'Michelle Yeoh', 'Jonathan Bailey', 'Ethan Slater', 'Marissa Bode']","['witch', 'dancing', 'based on novel or book', 'fairy tale', 'college', 'wish', 'musical', 'female friendship']"
843527,The Idea of You,"['Music', 'Comedy', 'Romance', 'Drama']",7.3,1929,18.4867,2024-05-02,0,36178,"['Anne Hathaway', 'Nicholas Galitzine', 'Ella Rubin', 'Annie Mumolo', 'Reid Scott', 'Perry Mattfeld']","['based on novel or book', 'age difference', 'singer', 'forty something', 'single mother', 'older woman younger man relationship', 'boy band', 'cougar relationship']"
693134,Dune: Part Two,"['Science Fiction', 'Adventure']",8.126,7884,20.8323,2024-02-27,190000000,714844358,"['Timothée Chalamet', 'Zendaya', 'Rebecca Ferguson', 'Javier Bardem', 'Josh Brolin', 'Austin Butler']","['based on novel or book', 'sandstorm', 'chosen one', 'distant future', 'creature', 'planet', 'desert', 'destiny']"
1191876,From the Ashes,['Drama'],0.0,0,19.4317,2027-06-01,1000000,0,"['Jeanne Neilson', 'Paul du Toit', 'Syreeta Banks', 'Jeremy John Wells', 'Lucy Capri', 'Debbie Sutcliffe']","['riddle', 'false imprisonment', 'independent film']"
13192,Moonwalker,"['Fantasy', 'Music']",7.016,625,23.2903,1988-10-29,22000000,67000000,"['Michael Jackson', 'Joe Pesci', 'Sean Ono Lennon', 'Kelley Parker', 'Brandon Quintin Adams', 'Ben Aaron']","['dancing', 'drug crime', 'gangster', 'entertainer', 'parody', 'stop motion', 'live performance', 'robot']"
4935,Howl's Moving Castle,"['Fantasy', 'Animation', 'Adventure']",8.386,11021,23.8014,2004-09-09,24000000,236049757,"['Chieko Baisho', 'Takuya Kimura', 'Akihiro Miwa', 'Tatsuya Gashûin', 'Ryunosuke Kamiki', 'Mitsunori Isaki']","['witch', 'flying', 'rain', 'castle', 'scarecrow', 'body exchange', 'melancholy', 'hatter']"
384527,Dolce... calda Lisa,['Drama'],4.923,13,16.9534,1980-03-28,0,0,"['Luigina Rocchi', 'Francesco Parisi', 'Mario Cutini', 'Maruska Ferretti', 'Enzo Fisichella', 'Guia Lauri Filzi']","['sexual abuse', 'rome, italy', 'group sex', 'cheat on husband', 'beautiful woman', 'female homosexuality', 'sleaze']"
1215106,Ko Ga Loak Village,"['Comedy', 'Horror']",5.143,7,14.8503,2025-11-06,0,0,"['Padung Songsang', 'Yotsawat Tawapee', 'Noppavee Meesrisuk', 'Nachat Juntapun', 'Kapon Thongphlap', 'Ongart Cheamcharoenpornkul']",[]
101,Léon: The Professional,"['Crime', 'Drama', 'Action']",8.295,16042,21.1761,1994-09-14,16000000,45284974,"['Jean Reno', 'Natalie Portman', 'Gary Oldman', 'Danny Aiello', 'Peter Appel', 'Michael Badalucco']","['hotel room', 'new york city', 'immigrant', 'assassin', 'police brutality', 'corruption', 's.w.a.t.', 'hitman']"
58,Pirates of the Caribbean: Dead Man's Chest,"['Adventure', 'Fantasy', 'Action']",7.376,17084,18.8098,2006-07-06,200000000,1066179747,"['Johnny Depp', 'Orlando Bloom', 'Keira Knightley', 'Jack Davenport', 'Bill Nighy', 'Jonathan Pryce']","['witch', 'daughter', 'ship', 'exotic island', 'bondage', 'monster', 'fortune teller', 'compass']"
1480387,undertone,"['Horror', 'Mystery']",6.43,135,20.4794,2026-03-12,500000,21324330,"['Nina Kiri', 'Adam DiMarco', 'Michèle Duquet', 'Keana Bastidas', 'Jeff Yung', 'Ryan Turner']","['supernatural', 'haunted house', 'evil spirit', 'fear', 'demon', 'entity', 'death', 'caregiver']"
585,"Monsters, Inc.","['Animation', 'Comedy', 'Family']",7.848,19699,20.4299,2001-11-01,115000000,579700000,"['John Goodman', 'Billy Crystal', 'Mary Gibbs', 'Steve Buscemi', 'James Coburn', 'Jennifer Tilly']","['monster', 'panic', 'cheating', 'kidnapping', 'door', 'infant', 'villain', 'portal']"
389,12 Angry Men,['Drama'],8.56,9945,20.8093,1957-04-10,397751,4360000,"['Martin Balsam', 'John Fiedler', 'Lee J. Cobb', 'E.G. Marshall', 'Jack Klugman', 'Edward Binns']","['death penalty', 'anonymity', 'court case', 'judge', 'jurors', 'innocence', 'witness', 'knife']"
290098,The Handmaiden,"['Thriller', 'Drama', 'Romance']",8.187,4288,19.7285,2016-06-01,8575000,38600000,"['Kim Min-hee', 'Kim Tae-ri', 'Ha Jung-woo', 'Cho Jin-woong', 'Kim Hae-sook', 'Moon So-ri']","['jealousy', 'based on novel or book', 'library', 'pickpocket', 'eroticism', 'con man', 'swindler', 'lesbian relationship']"
414906,The Batman,"['Crime', 'Mystery', 'Thriller']",7.661,11869,20.3036,2022-03-01,185000000,772775278,"['Robert Pattinson', 'Zoë Kravitz', 'Jeffrey Wright', 'Colin Farrell', 'Paul Dano', 'John Turturro']","['police', 'psychopath', 'secret identity', 'crime fighter', 'superhero', 'nightclub', 'politician', 'based on comic']"
673,Harry Potter and the Prisoner of Azkaban,"['Adventure', 'Fantasy']",8.007,23074,20.017,2004-05-31,130000000,789804554,"['Daniel Radcliffe', 'Rupert Grint', 'Emma Watson', 'Robbie Coltrane', 'Michael Gambon', 'Gary Oldman']","['witch', 'school friend', 'friendship', 'flying', 'magic', 'bus', 'traitor', 'child hero']"
10681,WALL·E,"['Animation', 'Family', 'Science Fiction']",8.111,20194,22.2112,2008-06-22,180000000,521311860,"['Ben Burtt', 'Elissa Knight', 'Jeff Garlin', 'Fred Willard', 'John Ratzenberger', 'Kathy Najimy']","['garbage', 'dystopia', 'space travel', 'distant future', 'loneliness', 'robot', 'aftercreditsstinger', 'duringcreditsstinger']"
12,Finding Nemo,"['Animation', 'Family', 'Adventure']",7.818,20494,18.4962,2003-05-30,94000000,940335536,"['Albert Brooks', 'Ellen DeGeneres', 'Alexander Gould', 'Willem Dafoe', 'Geoffrey Rush', 'Brad Garrett']","['fish', 'sydney, australia', 'parent child relationship', 'anthropomorphism', 'harbor', 'underwater', 'shark', 'pelican']"
623983,Michael Jackson: Chase the Truth,['Documentary'],7.038,26,17.0935,2019-08-13,0,0,"['Matt Fiddes', 'Mark Lester', 'Thomas Mesereau', 'Dan Reed', 'Mike Smallcombe', 'Susan Yu']","['interview', 'investigative journalism', 'portrait of an artist', 'child sexual abuse', 'testimony', 'crime documentary']"
564,The Mummy,"['Adventure', 'Action', 'Fantasy']",6.969,9947,20.6058,1999-04-16,80000000,415885488,"['Brendan Fraser', 'Rachel Weisz', 'John Hannah', 'Arnold Vosloo', 'Patricia Velásquez', 'Oded Fehr']","['egypt', 'cairo', 'library', 'secret passage', 'pastor', 'pyramid', 'sandstorm', 'solar eclipse']"
574475,Final Destination Bloodlines,"['Horror', 'Mystery']",7.043,2811,18.8671,2025-05-14,50000000,317854739,"['Kaitlyn Santa Juana', 'Teo Briones', 'Rya Kihlstedt', 'Richard Harmon', 'Owen Patrick Joyner', 'Anna Lore']","['restaurant', 'gore', 'sequel', 'premonition', 'family tragedy', 'near-death experience', '1960s', 'cheating death']"
22,Pirates of the Caribbean: The Curse of the Black Pearl,"['Adventure', 'Fantasy', 'Action']",7.8,22147,18.5082,2003-07-09,140000000,655011224,"['Johnny Depp', 'Geoffrey Rush', 'Orlando Bloom', 'Keira Knightley', 'Jack Davenport', 'Jonathan Pryce']","['blacksmith', 'gold', 'exotic island', 'governor', 'skeleton', 'jamaica', 'british empire', 'pirate']"
652,Troy,"['War', 'Action', 'History']",7.169,11000,19.4147,2004-05-13,175000000,497409852,"['Brad Pitt', 'Orlando Bloom', 'Eric Bana', 'Brian Cox', 'Sean Bean', 'Brendan Gleeson']","['adultery', 'sibling relationship', 'hostility', 'bravery', 'mythology', 'beauty', 'trojan war', 'wall']"
244786,Whiplash,"['Drama', 'Music', 'Thriller']",8.374,16564,20.7206,2014-10-10,3300000,50307484,"['Miles Teller', 'J.K. Simmons', 'Paul Reiser', 'Melissa Benoist', 'Austin Stowell', 'Nate Lang']","['new york city', 'jazz', 'musician', 'obsession', 'music teacher', 'conservatory', 'drums', 'montage']"
1197306,A Working Man,"['Action', 'Crime', 'Thriller']",6.674,1876,17.3099,2025-03-26,40000000,88200711,"['Jason Statham', 'Jason Flemyng', 'Merab Ninidze', 'Maximilian Osinski', 'Cokey Falkow', 'Michael Peña']","['based on novel or book', 'kidnapping', 'vigilante', 'missing person', 'black ops', 'construction worker', 'criminal conspiracy']"
18240,The Proposal,"['Comedy', 'Romance', 'Drama']",7.144,7430,19.854,2009-06-02,40000000,317400000,"['Sandra Bullock', 'Ryan Reynolds', 'Malin Åkerman', 'Craig T. Nelson', 'Mary Steenburgen', 'Betty White']","['new york city', 'marriage proposal', 'blackmail', 'ex-girlfriend', 'assistant', 'deportation', 'immigration law', 'romcom']"
11324,Shutter Island,"['Drama', 'Thriller', 'Mystery']",8.198,25754,19.0846,2010-02-14,80000000,294804195,"['Leonardo DiCaprio', 'Mark Ruffalo', 'Ben Kingsley', 'Max von Sydow', 'Michelle Williams', 'Emily Mortimer']","['island', 'based on novel or book', 'concentration camp', 'world war ii', 'hurricane', 'investigation', 'psychiatric hospital', 'mental institution']"
38,Eternal Sunshine of the Spotless Mind,"['Science Fiction', 'Drama', 'Romance']",8.1,16280,17.553,2004-03-19,20000000,72258126,"['Jim Carrey', 'Kate Winslet', 'Kirsten Dunst', 'Mark Ruffalo', 'Elijah Wood', 'Tom Wilkinson']","['new york city', 'regret', 'jealousy', 'deja vu', 'amnesia', 'dreams', 'operation', 'relationship problems']"
105,Back to the Future,"['Adventure', 'Comedy', 'Science Fiction']",8.326,21721,19.3237,1985-07-03,19000000,381109762,"['Michael J. Fox', 'Christopher Lloyd', 'Crispin Glover', 'Lea Thompson', 'Claudia Wells', 'Thomas F. Wilson']","['flying car', 'race against time', 'clock tower', 'car race', 'lightning', 'guitar', 'inventor', 'journey in the past']"
324857,Spider-Man: Into the Spider-Verse,"['Animation', 'Action', 'Adventure', 'Science Fiction']",8.393,17159,21.0,2018-12-06,90000000,394884133,"['Shameik Moore', 'Jake Johnson', 'Hailee Steinfeld', 'Mahershala Ali', 'Brian Tyree Henry', 'Lily Tomlin']","['superhero', 'based on comic', 'aftercreditsstinger', 'alternate universe']"
410119,Yu Pui Tsuen II,"['Drama', 'Fantasy', 'Romance']",5.357,28,17.0484,1987-10-15,0,0,"['邓耀辉', 'Cheng Yuen-Man', 'Chou Ying-Ti', 'Sun Chien', 'Eliza Yue Chi-Wai', 'Joh Chung-Sing']",[]
177572,Big Hero 6,"['Adventure', 'Family', 'Animation', 'Action', 'Comedy']",7.724,16522,18.8436,2014-10-24,165000000,657870525,"['Scott Adsit', 'Ryan Potter', 'Daniel Henney', 'T.J. Miller', 'Jamie Chung', 'Damon Wayans Jr.']","['friendship', 'martial arts', 'hero', 'sibling relationship', 'san francisco, california', 'superhero', 'talent', 'cartoon']"
64641,Monika,"['Romance', 'Drama']",4.7,20,19.6661,1974-02-28,0,0,"['Gloria Guida', 'Colette Descombes', 'Andrés Resino', 'Gianluigi Chirizzi', 'Paolo Carlini', 'Lucia Catullo']","['prostitution', 'voyeurism', 'erotic movie']"
122917,The Hobbit: The Battle of the Five Armies,"['Action', 'Adventure', 'Fantasy']",7.333,15305,17.5175,2014-12-10,250000000,956019788,"['Ian McKellen', 'Martin Freeman', 'Richard Armitage', 'Orlando Bloom', 'Evangeline Lilly', 'Luke Evans']","['gold', 'corruption', 'based on novel or book', 'elves', 'dwarf', 'mine', 'mountain', 'sequel']"
674,Harry Potter and the Goblet of Fire,"['Adventure', 'Fantasy']",7.8,22085,19.068,2005-11-16,150000000,895921036,"['Daniel Radcliffe', 'Rupert Grint', 'Emma Watson', 'Brendan Gleeson', 'Michael Gambon', 'Robert Pattinson']","['witch', 'dying and death', 'based on novel or book', 'magic', 'boarding school', 'world cup', 'maze', 'mermaid']"
933720,Lion,"['Adventure', 'Animation']",6.5,23,16.7551,2019-09-05,0,0,[],"['short film', '3d animation']"
13576,This Is It,"['Music', 'Documentary']",7.204,988,20.4027,2009-10-28,60000000,261200000,"['Michael Jackson', 'Orianthi', 'Kenny Ortega', 'Dorian Holley', 'Patrick Woodroffe', 'Bashiri Johnson']","['concert', 'pop star', 'pop culture', 'backstage', 'dance music', 'semi-documentary', 'music recording', 'industrial music']"
346364,It,"['Horror', 'Thriller', 'Drama']",7.24,20271,19.8131,2017-09-06,35000000,719766009,"['Jaeden Martell', 'Jeremy Ray Taylor', 'Sophia Lillis', 'Finn Wolfhard', 'Chosen Jacobs', 'Jack Dylan Grazer']","['small town', 'based on novel or book', 'clown', 'bullying', 'abandoned house', 'coming of age', 'flashback', 'murder']"
829487,Je m'appelle Agneta,"['Comedy', 'Drama', 'Romance']",7.139,18,16.294,2026-04-28,0,0,"['Eva Melander', 'Claes Månsson', 'Jérémie Covillault', 'Anne-Marie Ponsot', 'Björn Kjellman', 'Matilda Ekström']","['au pair', 'unemployed', 'fresh start']"
338803,The Treacherous,"['Drama', 'History', 'Crime']",6.094,90,18.7448,2015-05-21,0,6906250,"['Ju Ji-hoon', 'Kim Kang-woo', 'Lim Ji-yeon', 'Lee You-young', 'Cheon Ho-jin', 'Cha Ji-yeon']","['king', '15th century', 'joseon dynasty (1392–1910)']"
385687,Fast X,"['Action', 'Crime', 'Thriller']",6.998,6289,19.8312,2023-05-17,340000000,704709660,"['Vin Diesel', 'Michelle Rodriguez', 'Tyrese Gibson', 'Ludacris', 'John Cena', 'Nathalie Emmanuel']","['sequel', 'revenge', 'betrayal', 'racing', 'family', 'cliffhanger', 'cars', 'bold']"
138843,The Conjuring,"['Horror', 'Thriller']",7.537,12665,18.9484,2013-07-18,13000000,321293998,"['Vera Farmiga', 'Patrick Wilson', 'Lili Taylor', 'Ron Livingston', 'Hayley McFarland', 'Sterling Jerins']","['sibling relationship', '1970s', 'cellar', 'exorcism', 'haunted house', 'possession', 'rhode island', 'based on true story']"
76341,Mad Max: Fury Road,"['Action', 'Adventure', 'Science Fiction']",7.632,24008,16.7304,2015-05-13,150000000,378858340,"['Tom Hardy', 'Charlize Theron', 'Nicholas Hoult', 'Hugh Keays-Byrne', 'Josh Helman', 'Nathan Jones']","['rescue', 'australia', 'sandstorm', 'post-apocalyptic future', 'survival', 'on the run', 'peak oil', 'dark future']"
1156593,Your Fault,"['Drama', 'Romance']",7.083,1539,18.4936,2024-12-26,0,0,"['Nicole Wallace', 'Gabriel Guevara', 'Marta Hazas', 'Iván Sánchez', 'Eva Ruiz', 'Víctor Varona']","['based on novel or book', 'suicide attempt', 'sequel', 'mental health', 'romantic drama']"
17903,A Frozen Flower,['Drama'],6.854,157,18.0595,2008-12-30,10000000,18980744,"['Zo In-sung', 'Ju Jin-mo', 'Song Ji-hyo', 'Shim Ji-ho', 'Seo Young-joo', 'Hyun Woo']","['adultery', 'romance', 'sword fight', 'tragedy', 'betrayal', 'lgbt', 'goryeo dynasty', 'gay theme']"
22512,"Sex, Shame & Tears","['Comedy', 'Drama', 'Romance']",6.592,146,16.777,1999-06-18,0,0,"['Demián Bichir', 'Susana Zabaleta', 'Jorge Salinas', 'Cecilia Suárez', 'Víctor Huggo Martin', 'Mónica Dionne']","['friendship', 'mexico city, mexico', 'married couple', 'romcom']"
1175942,The Bad Guys 2,"['Family', 'Comedy', 'Crime', 'Adventure', 'Animation']",7.651,766,19.3241,2025-07-24,80000000,239676236,"['Sam Rockwell', 'Marc Maron', 'Awkwafina', 'Craig Robinson', 'Anthony Ramos', 'Zazie Beetz']","['california', 'based on novel or book', 'snake', 'police', 'wolf', 'fight', 'spider', 'villain']"
109445,Frozen,"['Animation', 'Family', 'Adventure', 'Fantasy']",7.248,17527,18.6281,2013-11-20,150000000,1274219009,"['Idina Menzel', 'Kristen Bell', 'Jonathan Groff', 'Josh Gad', 'Livvy Stubenrauch', 'Santino Fontana']","['princess', 'magic', 'mistake in person', 'queen', 'cartoon', 'villain', 'melancholy', 'musical']"
552524,Lilo & Stitch,"['Family', 'Science Fiction', 'Comedy']",7.196,2134,18.8179,2025-05-17,100000000,1038027526,"['Maia Kealoha', 'Sydney Agudong', 'Chris Sanders', 'Zach Galifianakis', 'Billy Magnussen', 'Courtney B. Vance']","['hawaii', 'bullying', 'dysfunctional family', 'alien', 'loss of job', 'shape shifting alien', 'family', 'nostalgic']"
111,Scarface,"['Action', 'Crime', 'Drama']",8.156,12965,17.739,1983-12-09,25000000,66023329,"['Al Pacino', 'Steven Bauer', 'Michelle Pfeiffer', 'Mary Elizabeth Mastrantonio', 'Robert Loggia', 'Miriam Colon']","['corruption', 'sibling relationship', 'miami, florida', 'cuba', 'loss of loved one', 'gangster', 'cocaine', 'rise and fall']"
1643,Last Tango in Paris,"['Drama', 'Romance']",6.906,1337,18.7551,1972-12-15,1250000,36182181,"['Marlon Brando', 'Maria Schneider', 'Maria Michi', 'Giovanna Galletti', 'Jean-Pierre Léaud', 'Gitt Magrini']","['paris, france', 'businessman', 'love', 'tragedy', 'relationship', 'extramarital affair', 'parisian', 'clandestine']"
396535,Train to Busan,"['Horror', 'Thriller', 'Action', 'Adventure']",7.748,8325,19.1095,2016-07-20,8500000,87547518,"['Gong Yoo', 'Kim Su-an', 'Jung Yu-mi', 'Don Lee', 'Choi Woo-shik', 'An So-hee']","['halloween', 'zombie', 'train', 'survival horror', 'pandemic', 'busan, south korea', 'south korea']"
603692,John Wick: Chapter 4,"['Action', 'Thriller', 'Crime']",7.706,7871,18.751,2023-03-21,100000000,447316405,"['Keanu Reeves', 'Donnie Yen', 'Bill Skarsgård', 'Ian McShane', 'Laurence Fishburne', 'Lance Reddick']","['new york city', 'martial arts', 'berlin, germany', 'paris, france', 'hitman', 'sequel', 'organized crime', 'osaka, japan']"
429617,Spider-Man: Far From Home,"['Action', 'Adventure', 'Science Fiction']",7.397,16902,16.1521,2019-06-28,160000000,1132723226,"['Tom Holland', 'Jake Gyllenhaal', 'Samuel L. Jackson', 'Marisa Tomei', 'Jon Favreau', 'Zendaya']","['venice, italy', 'secret identity', 'superhero', 'school trip', 'europe', 'based on comic', 'sequel', 'travel']"
14160,Up,"['Animation', 'Comedy', 'Family', 'Adventure']",7.959,21604,18.7114,2009-05-28,175000000,735103954,"['Ed Asner', 'Christopher Plummer', 'Jordan Nagai', 'Bob Peterson', 'Delroy Lindo', 'Jerome Ranft']","['central and south america', 'age difference', 'villain', 'balloon', 'travel', 'dog', 'nostalgic', 'duringcreditsstinger']"
453395,Doctor Strange in the Multiverse of Madness,"['Fantasy', 'Action', 'Adventure']",7.227,10272,16.7562,2022-05-04,290000000,955775804,"['Benedict Cumberbatch', 'Xochitl Gomez', 'Elizabeth Olsen', 'Chiwetel Ejiofor', 'Benedict Wong', 'Rachel McAdams']","['magic', 'superhero', 'based on comic', 'alternative reality', 'aftercreditsstinger', 'duringcreditsstinger', 'marvel cinematic universe (mcu)']"
216015,Fifty Shades of Grey,"['Drama', 'Romance', 'Thriller']",5.869,12354,15.9318,2015-02-11,40000000,569651467,"['Dakota Johnson', 'Jamie Dornan', 'Jennifer Ehle', 'Eloise Mumford', 'Victor Rasuk', 'Luke Grimes']","['bad smell', 'based on novel or book', 'eroticism', 'perversion', 'spanking', 'billionaire', 'rich', 'bdsm']"
744,Top Gun,"['Action', 'Drama', 'Romance']",7.063,9509,19.5186,1986-05-16,15000000,356830601,"['Tom Cruise', 'Kelly McGillis', 'Val Kilmer', 'Anthony Edwards', 'Tom Skerritt', 'Michael Ironside']","['dying and death', 'secret love', 'lovesickness', 'airplane', 'loss of loved one', 'self-discovery', 'hostility', 'fighter pilot']"
77338,The Intouchables,"['Drama', 'Comedy']",8.269,18370,16.0731,2011-11-02,13000000,426590315,"['François Cluzet', 'Omar Sy', 'Anne Le Ny', 'Audrey Fleurot', 'Joséphine de Meaux', 'Clotilde Mollet']","['friendship', 'male friendship', 'based on true story', 'inspiring story', 'aristocrat', 'paragliding', 'unlikely friendship', 'duringcreditsstinger']"
1585476,Kevin Costner Presents: The First Christmas,"['Documentary', 'Drama']",7.1,8,8.9985,2025-12-09,0,0,"['Kevin Costner', 'Gia Rose Patel', 'Ethan Thorn', 'Corinne Furman', 'Paulina Gálvez', 'Mohamed Zouaoui']",[]
1357633,Solo Leveling -ReAwakening-,"['Action', 'Adventure', 'Fantasy', 'Animation']",7.15,270,18.0847,2024-11-26,0,6331827,"['Taito Ban', 'Genta Nakamura', 'Haruna Mikawa', 'Reina Ueda', 'Daisuke Hirakawa', 'Hiroki Touchi']","['based on novel or book', 'based on comic', 'compilation', 'edited from tv series', 'anime', 'based on webcomic or webtoon', 'dungeon crawling', 'modern dungeon']"
823464,Godzilla x Kong: The New Empire,"['Action', 'Adventure', 'Science Fiction']",7.046,4632,16.8009,2024-03-27,150000000,571750016,"['Rebecca Hall', 'Brian Tyree Henry', 'Dan Stevens', 'Kaylee Hottle', 'Alex Ferns', 'Fala Chen']","['giant monster', 'sequel', 'dinosaur', 'monkey', 'kaiju', 'fantasy world', 'giant ape', 'godzilla']"
862,Toy Story,"['Family', 'Comedy', 'Animation', 'Adventure']",7.973,19808,20.0521,1995-11-22,30000000,401157969,"['Tom Hanks', 'Tim Allen', 'Don Rickles', 'Jim Varney', 'Wallace Shawn', 'John Ratzenberger']","['rescue', 'friendship', 'mission', 'jealousy', 'villain', 'bullying', 'elementary school', 'rivalry']"
11036,The Notebook,"['Romance', 'Drama']",7.888,12492,18.152,2004-06-25,29000000,115600000,"['Ryan Gosling', 'Rachel McAdams', 'Gena Rowlands', 'James Garner', 'Joan Allen', 'David Thornton']","['secret love', 'soulmates', 'based on novel or book', ""love of one's life"", 'fight', 'poem', 'river', 'sadness']"
1303055,A Breed Apart,"['Horror', 'Mystery', 'Action']",5.514,36,15.3533,2025-05-16,0,0,"['Grace Caroline Currey', 'Virginia Gardner', 'Riele Downs', 'Zak Steiner', 'Page Kennedy', 'Joey Bragg']","['sequel', 'dog', 'biting', 'aggressive', 'killer dog', 'absurd', 'the breed']"
12444,Harry Potter and the Deathly Hallows: Part 1,"['Adventure', 'Fantasy']",7.7,20303,17.8888,2010-11-17,250000000,954305868,"['Daniel Radcliffe', 'Emma Watson', 'Rupert Grint', 'Toby Jones', 'Helena Bonham Carter', 'Alan Rickman']","['witch', 'friendship', 'london, england', 'corruption', 'escape', 'teleportation', 'isolation', 'magic']"
98,Gladiator,"['Action', 'Drama', 'Adventure']",8.225,20814,17.8105,2000-05-04,103000000,465516248,"['Russell Crowe', 'Joaquin Phoenix', 'Connie Nielsen', 'Oliver Reed', 'Richard Harris', 'Derek Jacobi']","['gladiator', 'rome, italy', 'arena', 'senate', 'roman empire', 'parent child relationship', 'emperor', 'slavery']"
18785,The Hangover,['Comedy'],7.3,18043,17.4833,2009-06-02,35000000,469310836,"['Bradley Cooper', 'Ed Helms', 'Zach Galifianakis', 'Justin Bartha', 'Heather Graham', 'Sasha Barrese']","['amnesia', 'blackjack', 'stag night', 'lost weekend', 'chapel', 'hit with tire iron', 'memory loss', 'las vegas']"
292431,Love,"['Drama', 'Romance']",6.449,2654,17.1172,2015-07-15,3000000,249083,"['Karl Glusman', 'Aomi Muyock', 'Klara Kristin', 'Ugo Fox', 'Juan Saavedra', 'Gaspar Noé']","['paris, france', 'gallery', 'sexuality', 'pregnancy', 'girlfriend', 'love', 'relationship', 'break-up']"
315162,Puss in Boots: The Last Wish,"['Animation', 'Adventure', 'Fantasy', 'Comedy', 'Family']",8.2,8776,16.9263,2022-12-07,90000000,484700000,"['Antonio Banderas', 'Salma Hayek Pinault', 'Harvey Guillén', 'Wagner Moura', 'Florence Pugh', 'Olivia Colman']","['fairy tale', 'sequel', 'talking dog', 'spin off', 'aftercreditsstinger', 'talking cat', 'fear of death', 'inspirational']"
1448560,Wildcat,"['Action', 'Thriller']",6.212,158,16.6441,2025-11-19,50000,0,"['Kate Beckinsale', 'Lewis Tan', 'Alice Krige', 'Charles Dance', 'Rasmus Hardiker', 'Mathilde Warnier']","['london, england', 'bomb', 'single parent', 'kidnapping', 'diamond heist', 'sign languages', 'cartel', 'diamonds']"
1339876,Mardaani 3,"['Action', 'Crime', 'Thriller']",7.268,28,16.7159,2026-01-30,0,0,"['Rani Mukerji', 'Mallika Prasad', 'Janki Bodiwala', 'Jisshu Sengupta', 'Mikhail Yawalkar', 'Jaipreet Singh']",[]
672,Harry Potter and the Chamber of Secrets,"['Adventure', 'Fantasy']",7.702,23503,17.735,2002-11-13,100000000,876688482,"['Daniel Radcliffe', 'Rupert Grint', 'Emma Watson', 'Kenneth Branagh', 'Toby Jones', 'Robbie Coltrane']","['witch', 'flying car', 'elves', 'magic', 'sword', 'diary', 'child hero', 'school of witchcraft']"
210577,Gone Girl,"['Mystery', 'Thriller', 'Drama']",7.89,19897,17.5122,2014-10-01,61000000,370890259,"['Ben Affleck', 'Rosamund Pike', 'Neil Patrick Harris', 'Tyler Perry', 'Carrie Coon', 'Kim Dickens']","['infidelity', 'based on novel or book', 'wife', 'marriage crisis', 'investigation', 'disappearance', 'psychological thriller', 'whodunit']"
2062,Ratatouille,"['Animation', 'Comedy', 'Family', 'Fantasy']",7.839,18406,17.939,2007-06-28,150000000,623726000,"['Patton Oswalt', 'Ian Holm', 'Lou Romano', 'Brian Dennehy', 'Peter Sohn', ""Peter O'Toole""]","['work', 'sibling relationship', 'paris, france', 'expensive restaurant', 'river', 'confidence', 'cooking', 'evacuation']"
329505,Lola's Secret,"['Drama', 'Comedy', 'Horror']",7.0,71,15.4581,1984-05-04,0,0,"['Donatella Damiani', 'Scott Coffey', 'Gabriele Tinti', 'Peter Boom', 'Jacques Stany', 'Maurice Poli']","['sexploitation', 'maid', 'seductress', 'voyeur', 'sexual exploration', 'erotic movie']"
1007734,Nobody 2,"['Action', 'Thriller', 'Comedy']",6.936,1503,17.2022,2025-08-13,25000000,43285109,"['Bob Odenkirk', 'Connie Nielsen', 'John Ortiz', 'Colin Hanks', 'RZA', 'Colin Salmon']","['dark comedy', 'black humor', 'sequel', 'one man army', 'family vacation', 'marital tensions', 'russian mafia', 'revenge cycle']"
337404,Cruella,"['Comedy', 'Crime']",7.971,10022,17.6029,2021-05-26,200000000,233503234,"['Emma Stone', 'Emma Thompson', 'Joel Fry', 'Paul Walter Hauser', 'John McCrea', 'Emily Beecham']","['1970s', 'anti hero', 'villain', 'punk rock', 'fashion designer', 'fashion', 'origin story', 'live action remake']"
1249213,Drop,"['Mystery', 'Thriller']",6.324,836,14.7455,2025-04-10,11000000,28744167,"['Meghann Fahy', 'Brandon Sklenar', 'Reed Diamond', 'Violett Beane', 'Jeffery Self', 'Jacob Robinson']","['photographer', 'date', 'widow', 'restaurant', 'psychological thriller', 'whodunit', 'single mother', 'phone']"
949,Heat,"['Crime', 'Drama', 'Action']",7.933,8293,18.3814,1995-12-15,60000000,187400000,"['Al Pacino', 'Robert De Niro', 'Val Kilmer', 'Jon Voight', 'Tom Sizemore', 'Diane Venora']","['robbery', 'chase', 'obsession', 'detective', 'heist', 'remake', 'thief', 'honor']"
1119449,"Good Luck, Have Fun, Don't Die","['Science Fiction', 'Action', 'Comedy']",6.9,423,17.4437,2026-02-13,20000000,9662012,"['Sam Rockwell', 'Juno Temple', 'Haley Lu Richardson', 'Michael Peña', 'Zazie Beetz', 'Asim Chaudhry']","['artificial intelligence (a.i.)', 'time travel', 'diner', 'transhumanism', 'los angeles, california', 'blunt', 'dark future', 'reflective']"
1212763,Evil Dead Burn,"['Horror', 'Fantasy']",0.0,0,16.9796,2026-07-08,0,0,"['Souheila Yacoub', 'Tandi Wright', 'Hunter Doohan', 'Luciane Buchanan', 'Erroll Shand', 'Maude Davey']","['possession', 'sequel', 'spirit', 'demon', 'family', 'book of the dead', 'evil dead', 'demonic possession']"
1291608,Dhurandhar,"['Action', 'Crime', 'Thriller']",7.103,267,17.7207,2025-12-05,22500000,170000000,"['Ranveer Singh', 'Akshaye Khanna', 'R. Madhavan', 'Arjun Rampal', 'Sanjay Dutt', 'Sara Arjun']","['espionage', 'political party', 'politics', 'asia', 'patriotism', 'nationalism', 'controversy', 'gore']"
337167,Fifty Shades Freed,"['Drama', 'Romance']",6.673,8332,17.3245,2018-01-17,55000000,371985018,"['Dakota Johnson', 'Jamie Dornan', 'Eric Johnson', 'Eloise Mumford', 'Rita Ora', 'Luke Grimes']","['based on novel or book', 'eroticism', 'sequel', 'bdsm']"
280,Terminator 2: Judgment Day,"['Action', 'Thriller', 'Science Fiction']",8.146,14211,17.5776,1991-07-03,102000000,517778573,"['Arnold Schwarzenegger', 'Linda Hamilton', 'Edward Furlong', 'Robert Patrick', 'Earl Boen', 'Joe Morton']","['man vs machine', 'cyborg', 'shotgun', 'dystopia', 'moral ambiguity', 'post-apocalyptic future', 'villain', 'time travel']"
1646787,Sundutan,['Drama'],4.0,1,17.9533,2026-03-06,0,0,"['Allison Ross', 'Jade Esguerra', 'Mark Dionisio', 'Zia Zamora', 'Primo Angeles']",['sexy']
50727,The Servant,"['Romance', 'Drama', 'Comedy']",5.671,41,16.9929,2010-06-02,0,0,"['Kim Joo-hyuk', 'Cho Yeo-jeong', 'Ryoo Seung-bum', 'Ryu Hyun-kyung', 'Song Sae-byuk', 'Oh Dal-su']","['based on novel or book', 'eroticism', 'joseon dynasty (1392–1910)']"
1472951,Infiltrate,"['Action', 'Thriller']",5.577,13,15.4853,2026-04-10,0,0,"['Orphée Ladouceur-Nguyen', 'Alain Moussi', 'Tim Rozon', 'Finn McCager Higgins', 'Lisa Berry', 'Paul Braunstein']",[]
49026,The Dark Knight Rises,"['Action', 'Crime', 'Drama', 'Thriller']",7.794,24286,17.3019,2012-07-17,250000000,1081041287,"['Christian Bale', 'Gary Oldman', 'Tom Hardy', 'Joseph Gordon-Levitt', 'Anne Hathaway', 'Marion Cotillard']","['airplane', 'fight', 'burglar', 'hostage', 'secret identity', 'crime fighter', 'superhero', 'villainess']"
9502,Kung Fu Panda,"['Action', 'Animation', 'Comedy', 'Family']",7.319,12576,17.1462,2008-06-04,130000000,632091832,"['Jack Black', 'Dustin Hoffman', 'Angelina Jolie', 'Ian McShane', 'Seth Rogen', 'Lucy Liu']","['martial arts', 'kung fu', 'strong woman', 'china', 'tiger', 'bravery', 'restaurant', 'villain']"
359410,Road House,"['Action', 'Thriller', 'Drama']",6.931,2996,17.569,2024-03-08,85000000,0,"['Jake Gyllenhaal', 'Conor McGregor', 'Billy Magnussen', 'Travis Van Winkle', 'Darren Barnet', 'Daniela Melchior']","['florida keys', 'mixed martial arts (mma)', 'remake', 'bouncer', 'fighting', 'duringcreditsstinger', 'ufc', 'lighthearted']"
986056,Thunderbolts*,"['Action', 'Science Fiction', 'Adventure']",7.3,3455,17.3976,2025-04-30,180000000,382436917,"['Florence Pugh', 'Sebastian Stan', 'Julia Louis-Dreyfus', 'Lewis Pullman', 'David Harbour', 'Wyatt Russell']","['new york city', 'superhero', 'villain', 'based on comic', 'super power', 'mental health', 'aftercreditsstinger', 'duringcreditsstinger']"
985939,Fall,['Thriller'],7.121,4534,14.6176,2022-08-11,3000000,17363261,"['Grace Caroline Currey', 'Virginia Gardner', 'Jeffrey Dean Morgan', 'Mason Gooding', 'Jasper Cole', 'Darrell Dennis']","['stranded', 'struggle for survival', 'desert', 'tower', 'free climbing', 'sport climbing', 'adrenaline junkie', 'dehydration']"
1511057,Roommates,['Comedy'],6.6,98,15.0009,2026-04-13,0,0,"['Sadie Sandler', 'Chloe East', 'Billy Bryk', 'Sarah Sherman', 'Martin Herlihy', 'Josh Segarra']","['college', 'disrespect', 'evil friend', 'boundaries of friendship']"
637649,Wrath of Man,"['Thriller', 'Crime', 'Drama']",7.576,6055,15.5276,2021-04-22,40000000,103966489,"['Jason Statham', 'Holt McCallany', 'Rocci Williams', 'Josh Hartnett', 'Jeffrey Donovan', 'Scott Eastwood']","['robbery', 'affectation', 'crime boss', 'remake', 'revenge', 'shootout', 'shooter', 'los angeles, california']"
467905,How to Make a Killing,"['Comedy', 'Thriller']",7.078,361,16.0966,2026-02-19,15000000,20642986,"['Glen Powell', 'Margaret Qualley', 'Jessica Henwick', 'Bill Camp', 'Zach Woods', 'Topher Grace']","['manipulation', 'dark comedy', 'deception', 'family secrets', 'remake', 'killing spree', 'family power struggle', 'disowned']"
664413,365 Days,"['Romance', 'Drama']",7.0,9492,15.8277,2020-02-07,0,9458590,"['Anna-Maria Sieklucka', 'Michele Morrone', 'Bronisław Wrocławski', 'Otar Saralidze', 'Magdalena Lamparska', 'Natasza Urbańska']","['kidnapping', 'gangster', 'nightclub', 'mansion', 'prostitution', 'relationship', 'mature', 'bdsm']"
912649,Venom: The Last Dance,"['Science Fiction', 'Action', 'Adventure']",6.662,4176,16.7244,2024-10-22,120000000,478937618,"['Tom Hardy', 'Chiwetel Ejiofor', 'Juno Temple', 'Rhys Ifans', 'Stephen Graham', 'Peggy Lu']","['hero', 'superhero', 'anti hero', 'villain', 'alien life-form', 'based on comic', 'sequel', 'aftercreditsstinger']"
68721,Iron Man 3,"['Action', 'Adventure', 'Science Fiction']",6.931,23370,16.6416,2013-04-18,200000000,1215577205,"['Robert Downey Jr.', 'Gwyneth Paltrow', 'Don Cheadle', 'Guy Pearce', 'Rebecca Hall', 'Jon Favreau']","['california', 'war on terror', 'superhero', 'malibu', 'based on comic', 'tennessee', 'billionaire', 'aftercreditsstinger']"
1315303,Primate,"['Horror', 'Thriller']",6.435,611,15.8143,2026-01-01,21000000,41235665,"['Johnny Sequoyah', 'Jessica Alexander', 'Troy Kotsur', 'Victoria Wyant', 'Gia Hunter', 'Benjamin Cheng']","['hawaii', 'pet', 'animal attack', 'gore', 'survival', 'monkey', 'survival horror', 'chimpanzee']"
49051,The Hobbit: An Unexpected Journey,"['Adventure', 'Fantasy', 'Action']",7.4,19573,15.8962,2012-12-12,250000000,1021103568,"['Martin Freeman', 'Ian McKellen', 'Richard Armitage', 'James Nesbitt', 'Ken Stott', 'Sylvester McCoy']","['based on novel or book', 'elves', 'dwarf', 'magic', 'horseback riding', 'sword', 'burglar', 'legend']"
767,Harry Potter and the Half-Blood Prince,"['Adventure', 'Fantasy']",7.68,20711,17.352,2009-07-15,250000000,933959197,"['Daniel Radcliffe', 'Rupert Grint', 'Emma Watson', 'Jim Broadbent', 'Michael Gambon', 'Tom Felton']","['witch', 'dying and death', 'london, england', 'magic', 'school of witchcraft', 'sequel', 'apparition', 'curse']"
346,Seven Samurai,"['Action', 'Drama']",8.4,4212,17.1218,1954-04-26,2000000,105000000,"['Toshirō Mifune', 'Takashi Shimura', 'Yoshio Inaba', 'Seiji Miyaguchi', 'Minoru Chiaki', 'Daisuke Katō']","['martial arts', 'japan', 'samurai', 'sword', 'peasant', 'village', 'looting', 'rice']"
933260,The Substance,"['Horror', 'Science Fiction']",7.135,5943,16.9582,2024-09-07,17500000,77316812,"['Demi Moore', 'Margaret Qualley', 'Dennis Quaid', 'Edward Hamilton-Clark', 'Gore Abrams', 'Oscar Lesage']","[""new year's eve"", 'capitalism', 'birthday', 'black market', 'identity', 'dark comedy', 'beauty', 'satire']"
156022,The Equalizer,"['Thriller', 'Action', 'Crime']",7.286,9908,16.5269,2014-09-24,55000000,192330738,"['Denzel Washington', 'Marton Csokas', 'Chloë Grace Moretz', 'David Harbour', 'Haley Bennett', 'Bill Pullman']","['assassin', 'corruption', 'hitman', 'call girl', 'sadism', 'hostage', 'gangster', 'fbi']"
271110,Captain America: Civil War,"['Adventure', 'Action', 'Science Fiction']",7.448,23967,16.3135,2016-04-27,250000000,1155046416,"['Chris Evans', 'Robert Downey Jr.', 'Scarlett Johansson', 'Sebastian Stan', 'Anthony Mackie', 'Don Cheadle']","['superhero', 'based on comic', 'sequel', 'super soldier', 'aftercreditsstinger', 'duringcreditsstinger', 'marvel cinematic universe (mcu)', 'superhero teamup']"
561,Constantine,"['Fantasy', 'Action', 'Horror']",7.134,8000,18.1429,2005-02-08,100000000,230900000,"['Keanu Reeves', 'Rachel Weisz', 'Shia LaBeouf', 'Djimon Hounsou', 'Max Baker', 'Pruitt Taylor Vince']","['self sacrifice', 'angel', 'christianity', 'confession', 'superhero', 'supernatural', 'exorcism', 'archangel gabriel']"
561,Constantine,"['Fantasy', 'Action', 'Horror']",7.134,8000,18.1429,2005-02-08,100000000,230900000,"['Keanu Reeves', 'Rachel Weisz', 'Shia LaBeouf', 'Djimon Hounsou', 'Max Baker', 'Pruitt Taylor Vince']","['self sacrifice', 'angel', 'christianity', 'confession', 'superhero', 'supernatural', 'exorcism', 'archangel gabriel']"
9509,Man on Fire,"['Action', 'Drama', 'Thriller']",7.464,5644,15.72,2004-04-23,70000000,130300000,"['Denzel Washington', 'Dakota Fanning', 'Christopher Walken', 'Radha Mitchell', 'Marc Anthony', 'Giancarlo Giannini']","['mexico', 'mexico city, mexico', 'based on novel or book', 'kidnapping', 'bodyguard', 'diary', 'bible', 'remake']"
37165,The Truman Show,"['Comedy', 'Drama']",8.152,20130,17.3555,1998-06-04,60000000,264118712,"['Jim Carrey', 'Laura Linney', 'Noah Emmerich', 'Natascha McElhone', 'Holland Taylor', 'Ed Harris']","['escape', 'paranoia', 'dystopia', 'suspicion', 'video surveillance', 'deception', 'hidden camera', 'simulated reality ']"
1495,Kingdom of Heaven,"['Drama', 'Action', 'Adventure', 'History', 'War']",7.028,4909,16.3479,2005-05-03,130000000,218366336,"['Orlando Bloom', 'Eva Green', 'Jeremy Irons', 'David Thewlis', 'Ghassan Massoud', 'Liam Neeson']","['blacksmith', 'muslim', 'crusade', 'jerusalem', 'catapult', 'swordsman', 'battlefield', 'knight']"
8689,Cannibal Holocaust,['Horror'],6.27,1853,16.0935,1980-02-07,100000,2000000,"['Robert Kerman', 'Francesca Ciardi', 'Perry Pirkanen', 'Luca Barbareschi', 'Salvatore Basile', 'Ricardo Fuentes']","['adultery', 'rape', 'snake', 'pig', 'culture clash', 'ritual', 'movie business', 'leech']"
321258,The Boy,"['Horror', 'Mystery', 'Thriller']",5.974,3940,15.6728,2016-01-22,10000000,73929392,"['Lauren Cohan', 'Rupert Evans', 'James Russell', 'Jim Norton', 'Diana Hardcastle', 'Ben Robson']","['mask', 'suicide', 'fire', 'england', 'loss of loved one', 'shower', 'country house', 'nanny']"
1317149,I Swear,['Drama'],8.21,284,15.8982,2025-09-22,6000000,13133643,"['Robert Aramayo', 'Maxine Peake', 'Peter Mullan', 'Shirley Henderson', 'Scott Ellis Watson', 'David Carlyle']","['scotland', 'dark comedy', 'biography', 'based on true story', 'alienation', 'outcast', 'tourette syndrome', 'docudrama']"
475557,Joker,"['Crime', 'Thriller', 'Drama']",8.125,27641,18.2388,2019-10-01,55000000,1078958629,"['Joaquin Phoenix', 'Robert De Niro', 'Zazie Beetz', 'Frances Conroy', 'Brett Cullen', 'Shea Whigham']","['society', 'based on comic', 'social commentary', 'psychological thriller', 'criminal mastermind', 'mental illness', 'anarchy', 'character study']"
79871,Crazy Love,"['Comedy', 'Romance', 'Drama']",6.378,45,16.5443,1993-04-17,0,1575158,"['Loletta Lee Lai-Chun', 'Tom Poon', 'Tommy Wong', 'Poon An-Ying', 'Shing Fui-On', 'Joh Chung-Sing']",[]
1233506,The Shrinking Man,"['Adventure', 'Science Fiction']",6.101,109,15.652,2025-10-22,24350000,0,"['Jean Dujardin', 'Marie-Josée Croze', 'Daphné Richard', 'Serge Swysen', 'Salim Talbi', 'Miranda Raison']","['based on novel or book', 'shrinking', 'remake', 'survival', 'philosophical']"
16869,Inglourious Basterds,"['Drama', 'Thriller', 'War']",8.217,24102,16.0413,2009-08-02,70000000,321457747,"['Brad Pitt', 'Mélanie Laurent', 'Christoph Waltz', 'Eli Roth', 'Michael Fassbender', 'Diane Kruger']","['guerrilla warfare', 'paris, france', 'self sacrifice', 'world war ii', 'jew persecution', 'german occupation of france', 'resistance fighter', 'nazism']"
263115,Logan,"['Action', 'Drama', 'Science Fiction']",7.819,20345,16.0474,2017-02-28,97000000,619021436,"['Hugh Jackman', 'Dafne Keen', 'Patrick Stewart', 'Elizabeth Rodriguez', 'Boyd Holbrook', 'Stephen Merchant']","['future', 'experiment', 'immortality', 'self-destruction', 'cyborg', 'dystopia', 'superhero', 'mutant']"
1418657,The Yeti,"['Horror', 'Thriller']",6.67,44,14.621,2026-04-04,0,0,"['Brittany Allen', 'Eric Nelsen', 'Corbin Bernsen', 'William Sadler', 'Heather Lind', 'Jim Cummings']","['yeti', 'alaska', 'creature feature', 'based on short film', 'missing']"
936245,Hidden Face,"['Mystery', 'Thriller']",5.1,66,16.0995,2024-11-20,0,0,"['Song Seung-heon', 'Cho Yeo-jeong', 'Park Ji-hyun', 'Park Ji-young', 'Park Seong-geun', 'Cha Mi-kyeong']","['remake', 'orchestra conductor', 'secret room']"
974576,Conclave,"['Drama', 'Thriller']",7.188,3367,16.5849,2024-10-25,20000000,115657988,"['Ralph Fiennes', 'Stanley Tucci', 'John Lithgow', 'Isabella Rossellini', 'Lucian Msamati', 'Carlos Diehz']","['vatican (holy see)', 'pope', 'religion', 'election', 'roman catholic church', 'catholicism', 'cardinal', 'philosophical']"
12445,Harry Potter and the Deathly Hallows: Part 2,"['Adventure', 'Fantasy']",8.079,21913,16.4089,2011-07-12,125000000,1341511219,"['Daniel Radcliffe', 'Emma Watson', 'Rupert Grint', 'Ralph Fiennes', 'Alan Rickman', 'Michael Gambon']","['witch', 'dying and death', 'saving the world', 'self sacrifice', 'magic', 'school of witchcraft', 'sorcerer', 'school']"
670,Oldboy,"['Drama', 'Thriller', 'Mystery', 'Action']",8.239,9794,16.2037,2003-11-21,3000000,17500000,"['Choi Min-sik', 'Yoo Ji-tae', 'Kang Hye-jung', 'Kim Byeong-ok', 'Ji Dae-han', 'Oh Dal-su']","['daughter', 'martial arts', 'rage and hate', 'hostility', 'transformation', 'imprisonment', 'dark comedy', 'hypnosis']"
1317672,Love Me Love Me,"['Romance', 'Drama']",5.778,234,15.6143,2026-02-12,0,0,"['Pepe Barroso', 'Mia Jenkins', 'Luca Melucci', 'Andrea Guo', 'Michelangelo Vizzini', 'Madior Fall']","['based on novel or book', 'desperate', 'embarrassed']"
687259,Ghost Stories,['Horror'],6.2,2,15.8031,1982-01-01,0,0,"['Jiang Lingling', 'Ai Ting', 'Chu Hui-Te', 'Kao Wen-Song', 'Chia-bao Lan']",[]
1231695,A Few Feet Away,"['Comedy', 'Adventure', 'Drama']",7.3,3,13.9537,2025-03-20,0,0,"['Max Suen', 'Jazmín Carballo', 'Esteban Kukuriczka', 'Martín Shanly', 'Felipe Romeo', 'Manuel Figuerero']","['coming of age', 'argentina', 'lgbt', 'gay theme', 'night', 'app']"
920,Cars,"['Animation', 'Adventure', 'Comedy', 'Family']",7.026,15058,15.4796,2006-06-08,120000000,461983149,"['Owen Wilson', 'Paul Newman', 'Bonnie Hunt', 'Larry the Cable Guy', 'Cheech Marin', 'Tony Shalhoub']","['friendship', 'car race', 'sports', 'villain', 'success', 'route 66', 'porsche', 'retirement']"
207,Dead Poets Society,['Drama'],8.3,12547,16.3717,1989-06-02,16400000,235860116,"['Robin Williams', 'Robert Sean Leonard', 'Ethan Hawke', 'Josh Charles', 'Gale Hansen', 'Dylan Kussman']","['individual', 'friendship', 'philosophy', 'poetry', 'literature', 'professor', 'based on true story', 'coming of age']"
4588,"Lust, Caution","['Action', 'Drama', 'Romance', 'Thriller']",7.269,796,17.4216,2007-09-24,15000000,67100000,"['Tony Leung Chiu-wai', 'Tang Wei', 'Joan Chen', 'Leehom Wang', 'Tou Tsung-hua', 'Jacqueline Zhu']","['secret love', 'china', 'sexual obsession', 'shanghai, china', 'cheating', 'espionage', 'resistance', 'in love with enemy']"
539,Psycho,"['Horror', 'Thriller', 'Mystery']",8.415,10957,16.9866,1960-06-22,1999,2007,"['Anthony Perkins', 'Janet Leigh', 'Vera Miles', 'John Gavin', 'Martin Balsam', 'John McIntire']","['hotel', 'clerk', 'detective', 'shower', 'arizona', 'motel', 'halloween', 'stolen money']"
829560,The Next 365 Days,"['Romance', 'Drama']",6.4,1311,16.2049,2022-08-18,0,0,"['Anna-Maria Sieklucka', 'Michele Morrone', 'Simone Susinna', 'Magdalena Lamparska', 'Otar Saralidze', 'Ewa Kasprzyk']","['gangster', 'bdsm', 'rich man poor woman', 'disrespectful']"
107257,A Perfect Ending,"['Drama', 'Romance']",6.224,134,16.3486,2012-06-01,175000,0,"['Barbara Niven', 'Jessica Clark', 'John Heard', 'Morgan Fairchild', 'Kerry Knuppe', 'Imelda Corcoran']","['female homosexuality', 'lgbt', 'woman director', 'lesbian']"
447365,Guardians of the Galaxy Vol. 3,"['Science Fiction', 'Adventure', 'Action']",7.926,8252,15.2711,2023-05-03,250000000,845550000,"['Chris Pratt', 'Zoe Saldaña', 'Dave Bautista', 'Karen Gillan', 'Pom Klementieff', 'Vin Diesel']","['hero', 'superhero', 'mad scientist', 'based on comic', 'sequel', 'superhero team', 'space opera', 'raccoon']"
1303553,Horizon: An American Saga - Chapter 4,"['Western', 'Drama']",0.0,0,6.5153,,0,0,['Kevin Costner'],"['american civil war', 'post civil war', 'american west', '19th century', 'historical epic']"
38757,Tangled,"['Animation', 'Family', 'Adventure']",7.61,12346,15.8011,2010-11-24,260000000,592461732,"['Mandy Moore', 'Zachary Levi', 'Donna Murphy', 'Ron Perlman', 'M.C. Gainey', 'Jeffrey Tambor']","['princess', 'magic', 'hostage', 'fairy tale', 'horse', 'villain', 'musical', 'blonde']"
1572073,The Deadly Little Mermaid,['Horror'],4.98,25,14.4817,2026-03-06,0,0,"['Elliott Eason', 'Sophia Carroll', 'Eleanor Mackenzie', 'Anastasia Nikolaeva', 'Maddy Baskerville', 'Sasha Van Reenen']",[]
1601243,Oscar Shaw,"['Action', 'Crime', 'Thriller', 'Western']",6.5,30,14.1511,2026-01-09,0,0,"['Michael Jai White', 'Tyrese Gibson', 'Isaiah Washington', 'Andrew C. English Jr.', 'Cecile Cubiló', 'Jeanette Josue']",[]
713704,Evil Dead Rise,"['Horror', 'Thriller']",6.918,3638,16.604,2023-04-12,15000000,147256372,"['Lily Sullivan', 'Alyssa Sutherland', 'Morgan Davies', 'Gabrielle Echols', 'Nell Fisher', 'Mark Mitchinson']","['sibling relationship', 'pregnancy', 'supernatural', 'earthquake', 'gore', 'sequel', 'los angeles, california', 'demon']"
293660,Deadpool,"['Action', 'Adventure', 'Comedy']",7.623,32664,16.9047,2016-02-09,58000000,782837347,"['Ryan Reynolds', 'Morena Baccarin', 'Ed Skrein', 'T.J. Miller', 'Gina Carano', 'Leslie Uggams']","['superhero', 'anti hero', 'mercenary', 'based on comic', 'aftercreditsstinger', 'duringcreditsstinger']"
559,Spider-Man 3,"['Action', 'Adventure', 'Science Fiction']",6.456,15151,15.5307,2007-05-01,258000000,894983373,"['Tobey Maguire', 'Kirsten Dunst', 'James Franco', 'Thomas Haden Church', 'Topher Grace', 'Bryce Dallas Howard']","['amnesia', 'dual identity', ""love of one's life"", 'loss of loved one', 'forgiveness', 'hostility', 'superhero', 'sandstorm']"
324786,Hacksaw Ridge,"['Drama', 'History', 'War']",8.19,14800,16.514,2016-10-07,40000000,175302354,"['Andrew Garfield', 'Sam Worthington', 'Vince Vaughn', 'Teresa Palmer', 'Luke Bracey', 'Hugo Weaving']","['japan', 'hero', 'world war ii', 'abusive father', 'pacifism', 'bible', 'gore', 'vegetarian']"
333339,Ready Player One,"['Adventure', 'Action', 'Science Fiction']",7.584,16834,16.2442,2018-03-28,175000000,607274134,"['Tye Sheridan', 'Olivia Cooke', 'Ben Mendelsohn', 'Lena Waithe', 'T.J. Miller', 'Simon Pegg']","['future', 'based on novel or book', 'video game', 'virtual reality', 'dystopia', 'nostalgia', 'love', 'film in film']"
1650558,Abot Langit,['Romance'],5.0,1,15.6219,2026-03-13,0,0,"['Aliya Raymundo', 'JC Tan', 'Jio Yoshida', 'Zel Fernandez', 'Jetleline Esquivel', 'Aziely Gonzales']",['sexy']
285,Pirates of the Caribbean: At World's End,"['Adventure', 'Fantasy', 'Action']",7.267,15393,14.1099,2007-05-19,300000000,961691209,"['Johnny Depp', 'Geoffrey Rush', 'Orlando Bloom', 'Keira Knightley', 'Jack Davenport', 'Bill Nighy']","['exotic island', 'strong woman', ""love of one's life"", 'afterlife', 'traitor', 'singapore', 'shipwreck', 'sword fight']"
462183,Wild Awakening,"['Drama', 'Romance', 'Thriller']",5.295,22,13.9258,2016-10-23,0,0,"['Fabián Castro', 'Julia Hernández', 'Richie Ormon', 'Christian Blanch', 'Carlos Plaza', 'Raúl López']","['murder', 'in the closet', 'gay theme']"
20352,Despicable Me,"['Animation', 'Comedy', 'Crime', 'Family', 'Science Fiction']",7.257,16015,16.1898,2010-07-08,69000000,543284256,"['Steve Carell', 'Jason Segel', 'Miranda Cosgrove', 'Dana Gaier', 'Elsie Fisher', 'Russell Brand']","['moon', 'parent child relationship', 'orphanage', 'villain', 'adoptive father', ""life's dream"", 'rivalry', 'ballet']"
436270,Black Adam,"['Action', 'Adventure', 'Science Fiction']",6.809,6994,14.6052,2022-10-19,200000000,393452111,"['Dwayne Johnson', 'Aldis Hodge', 'Noah Centineo', 'Sarah Shahi', 'Quintessa Swindell', 'Marwan Kenzari']","['lightning', 'superhero', 'anti hero', 'based on comic', 'demon', 'superhero team', 'duringcreditsstinger', 'dc extended universe (dceu)']"
796,Cruel Intentions,"['Drama', 'Romance']",6.8,3548,15.8539,1999-03-05,10500000,76347426,"['Sarah Michelle Gellar', 'Ryan Phillippe', 'Reese Witherspoon', 'Selma Blair', 'Louise Fletcher', 'Joshua Jackson']","['bet', 'virgin', 'drug abuse', 'sibling relationship', 'based on novel or book', 'sexual obsession', 'upper class', 'cynic']"
566525,Shang-Chi and the Legend of the Ten Rings,"['Action', 'Adventure', 'Fantasy']",7.494,10339,15.3946,2021-09-01,150000000,432243292,"['Simu Liu', 'Tony Leung Chiu-wai', 'Awkwafina', 'Ben Kingsley', ""Zhang Meng'er"", 'Fala Chen']","['martial arts', 'superhero', 'based on comic', 'mixed martial arts (mma)', 'east asian lead', 'aftercreditsstinger', 'duringcreditsstinger', 'marvel cinematic universe (mcu)']"
1100988,28 Years Later,"['Horror', 'Thriller', 'Science Fiction']",6.613,2494,14.6054,2025-06-18,60000000,151308832,"['Jodie Comer', 'Aaron Taylor-Johnson', 'Alfie Williams', 'Ralph Fiennes', ""Jack O'Connell"", 'Chi Lewis-Parry']","['england', 'post-apocalyptic future', 'satanism', 'satanist', 'sequel', 'survival', 'zombie', 'survival horror']"
14161,2012,"['Action', 'Adventure', 'Science Fiction']",5.876,12698,16.0944,2009-10-10,200000000,791217826,"['John Cusack', 'Amanda Peet', 'Chiwetel Ejiofor', 'Thandiwe Newton', 'Oliver Platt', 'Tom McCarthy']","['race against time', 'maya civilization', 'civilization', 'natural disaster', 'earthquake', 'end of the world', 'disaster', 'apocalypse']"
829557,365 Days: This Day,"['Romance', 'Drama']",5.9,1842,16.6755,2022-04-26,0,0,"['Anna-Maria Sieklucka', 'Michele Morrone', 'Simone Susinna', 'Magdalena Lamparska', 'Otar Saralidze', 'Natasza Urbańska']","['gangster', 'sequel', 'bdsm', 'rich man poor woman', 'sex', 'erotique']"
151026,How to Seduce Your Teacher,['Comedy'],5.2,51,8.7974,1979-08-09,0,0,"['Gloria Guida', 'Donatella Damiani', 'Lorraine De Selle', 'Lino Banfi', 'Carlo Sposito', 'Alvaro Vitali']","['high school', 'seduction', 'teenage girl', 'teacher student relationship', 'sex comedy']"
675,Harry Potter and the Order of the Phoenix,"['Adventure', 'Fantasy']",7.7,20731,15.7562,2007-07-08,150000000,938212738,"['Daniel Radcliffe', 'Rupert Grint', 'Emma Watson', 'Imelda Staunton', 'Helena Bonham Carter', 'Robbie Coltrane']","['witch', 'dying and death', 'court', 'magic', 'prophecy', 'loss of loved one', 'professor', 'supernatural']"
840430,The Holdovers,"['Drama', 'Comedy']",7.649,2486,15.349,2023-10-27,13000000,42513270,"['Paul Giamatti', 'Dominic Sessa', ""Da'Vine Joy Randolph"", 'Carrie Preston', 'Brady Hepner', 'Ian Dolley']","['vietnam war', 'winter', 'boarding school', 'holiday', 'boston, massachusetts', '1970s', 'melancholy', 'alcoholism']"
1072790,Anyone But You,"['Romance', 'Comedy']",6.78,3041,15.1296,2023-12-21,25000000,214891370,"['Sydney Sweeney', 'Glen Powell', 'Mia Artemis', 'Nat Buchanan', 'GaTa', 'Alexandra Shipp']","['australia', 'hiking', 'romcom', 'based on play or musical', 'law school', 'aftercreditsstinger', 'duringcreditsstinger', 'fake dating']"
604079,The Long Walk,"['Science Fiction', 'Thriller', 'Horror']",6.916,1453,14.1412,2025-09-10,20000000,63103084,"['Cooper Hoffman', 'David Jonsson', 'Ben Wang', 'Tut Nyuot', 'Charlie Plummer', 'Garrett Wareing']","['suicide', 'based on novel or book', 'male friendship', 'bullying', 'coming of age', 'survival', 'teenage boy', 'survival horror']"
1865,Pirates of the Caribbean: On Stranger Tides,"['Adventure', 'Action', 'Fantasy']",6.566,14898,14.0578,2011-05-15,379000000,1046721266,"['Johnny Depp', 'Penélope Cruz', 'Geoffrey Rush', 'Ian McShane', 'Kevin McNally', 'Sam Claflin']","['sea', 'ship', 'mutiny', 'spain', 'england', 'sword', 'prime minister', 'sailing']"
1197137,Black Phone 2,"['Horror', 'Thriller']",6.694,1058,14.395,2025-10-15,30000000,132248152,"['Mason Thames', 'Madeleine McGraw', 'Ethan Hawke', 'Miguel Mora', 'Demián Bichir', 'Jeremy Davies']","['mask', 'child abuse', 'dreams', 'sibling relationship', 'winter', 'child murder', 'supernatural', 'rocky mountains']"
1248226,Playdate,"['Action', 'Comedy', 'Family']",6.037,580,14.1741,2025-11-04,0,0,"['Alan Ritchson', 'Kevin James', 'Banks Pierce', 'Benjamin Pajak', 'Alan Tudyk', 'Sarah Chalke']","['stay-at-home dad', 'family home', 'accountant', 'human cloning', 'awkward situation', 'father son relationship', 'action comedy', 'slapstick humor']"
945961,Alien: Romulus,"['Horror', 'Science Fiction']",7.166,4504,14.6867,2024-08-13,80000000,350865342,"['Cailee Spaeny', 'David Jonsson', 'Archie Renaux', 'Isabela Merced', 'Spike Fearn', 'Aileen Wu']","['alien life-form', 'spin off', 'alien contact', 'alien monster', 'space exploration', 'alien encounter', 'space capsule', 'spaceship']"
679,Aliens,"['Action', 'Thriller', 'Science Fiction']",7.963,10804,17.1503,1986-07-18,18500000,183316455,"['Sigourney Weaver', 'Carrie Henn', 'Michael Biehn', 'Paul Reiser', 'Lance Henriksen', 'Bill Paxton']","['android', 'space marine', 'extraterrestrial technology', 'spaceman', 'space travel', 'settler', 'colony', 'cryogenics']"
284054,Black Panther,"['Action', 'Adventure', 'Science Fiction']",7.362,23430,16.5128,2018-02-13,200000000,1349926083,"['Chadwick Boseman', 'Michael B. Jordan', ""Lupita Nyong'o"", 'Danai Gurira', 'Martin Freeman', 'Daniel Kaluuya']","['africa', 'superhero', 'based on comic', 'aftercreditsstinger', 'duringcreditsstinger', 'marvel cinematic universe (mcu)']"
2105,American Pie,"['Comedy', 'Romance']",6.604,8270,15.3059,1999-07-09,11000000,235483004,"['Jason Biggs', 'Chris Klein', 'Thomas Ian Nicholas', 'Alyson Hannigan', 'Shannon Elizabeth', 'Tara Reid']","['innocence', 'graduation', 'loss of virginity', 'coming of age', 'high school student', 'pie', 'teen comedy', 'teenage sexuality']"
283995,Guardians of the Galaxy Vol. 2,"['Science Fiction', 'Adventure', 'Action']",7.609,22874,13.9666,2017-04-19,200000000,863756051,"['Chris Pratt', 'Zoe Saldaña', 'Dave Bautista', 'Vin Diesel', 'Bradley Cooper', 'Kurt Russell']","['hero', 'superhero', 'based on comic', 'sequel', 'alien', 'space', 'aftercreditsstinger', 'duringcreditsstinger']"
1652947,Tuklas,['Drama'],7.0,2,14.8483,2026-03-20,0,0,"['Skye Gonzaga', 'Chino Villaluna', 'Denzel Cruza', 'Keesha Falcon', 'Alexa Armecin']",['sexy']
823219,Flow,"['Adventure', 'Animation', 'Family', 'Fantasy']",8.081,2781,14.8847,2024-08-29,3700000,17660107,[],"['ocean', 'cat', 'boat', 'dystopia', 'survival', 'dog', 'ruins', 'flood']"
766507,Prey,"['Thriller', 'Action', 'Science Fiction']",7.66,7678,14.1959,2022-08-02,65000000,0,"['Amber Midthunder', 'Dakota Beavers', 'Michelle Thrush', 'Stormee Kipp', 'Julian Black Antelope', 'Dane DiLiegro']","['hunter', 'native american', 'alien life-form', 'alien', 'prequel', 'decapitation', 'bear', 'dog']"
72190,World War Z,"['Action', 'Horror', 'Science Fiction', 'Thriller']",6.826,16468,16.2645,2013-06-19,200000000,531865000,"['Brad Pitt', 'Mireille Enos', 'Daniella Kertesz', 'James Badge Dale', 'Ludi Boeken', 'Matthew Fox']","['philadelphia, pennsylvania', 'new jersey', 'based on novel or book', 'dystopia', 'jerusalem', 'end of the world', 'apocalypse', 'zombie']"
1484018,Here We Are Kings: The Making of 'Robin Hood: Prince of Thieves',['Documentary'],0.0,0,6.0313,2022-11-28,0,0,"['Pen Densham', 'John Watson', 'Daniel Peacock', 'John Bloomfield', 'Rocky Taylor', 'Peter Boyle']",[]
1241483,Untitled Kevin Costner/Ariel Vromen Project,[],0.0,0,6.0275,,0,0,['Kevin Costner'],[]
284053,Thor: Ragnarok,"['Action', 'Science Fiction', 'Comedy']",7.581,21953,15.0407,2017-10-02,180000000,855301806,"['Chris Hemsworth', 'Mark Ruffalo', 'Tom Hiddleston', 'Cate Blanchett', 'Idris Elba', 'Jeff Goldblum']","['superhero', 'death of father', 'based on comic', 'sequel', 'alien planet', 'female villain', 'norse mythology', 'aftercreditsstinger']"
128,Princess Mononoke,"['Adventure', 'Fantasy', 'Animation']",8.322,8937,15.1178,1997-07-12,23500000,176506186,"['Yoji Matsuda', 'Yuriko Ishida', 'Yuko Tanaka', 'Kaoru Kobayashi', 'Masahiko Nishimura', 'Tsunehiko Kamijô']","['friendship', 'human vs nature', 'wolf', 'fight', 'wild boar', 'territory', 'leprosy', 'feral child']"
10020,Beauty and the Beast,"['Romance', 'Family', 'Animation', 'Fantasy']",7.7,10641,15.0839,1991-10-22,25000000,424967620,"[""Paige O'Hara"", 'Robby Benson', 'Richard White', 'Jerry Orbach', 'David Ogden Stiers', 'Angela Lansbury']","['princess', 'france', 'prince', 'castle', 'villain', 'rose', 'musical', 'insane asylum']"
505642,Black Panther: Wakanda Forever,"['Action', 'Adventure', 'Science Fiction']",7.005,7430,15.3231,2022-11-09,250000000,859102154,"['Letitia Wright', 'Tenoch Huerta Mejía', ""Lupita Nyong'o"", 'Danai Gurira', 'Winston Duke', 'Angela Bassett']","['hero', 'loss of loved one', 'superhero', 'royal family', 'based on comic', 'sequel', 'royalty', 'underwater']"
49013,Cars 2,"['Animation', 'Family', 'Adventure', 'Comedy']",6.176,8443,15.5123,2011-06-11,200000000,559852396,"['Larry the Cable Guy', 'Owen Wilson', 'Michael Caine', 'Emily Mortimer', 'Eddie Izzard', 'John Turturro']","['car race', 'sports', 'spy', 'villain', 'sequel', 'anthropomorphism', 'best friend', 'british spy']"
791373,Zack Snyder's Justice League,"['Action', 'Adventure', 'Fantasy']",8.088,10773,15.14,2021-03-18,70000000,0,"['Ben Affleck', 'Henry Cavill', 'Gal Gadot', 'Ray Fisher', 'Jason Momoa', 'Ezra Miller']","['saving the world', 'superhero', 'resurrection', 'based on comic', 'superhero team', 'planet invasion', 'action hero', 'dc extended universe (dceu)']"
436969,The Suicide Squad,"['Action', 'Comedy', 'Adventure']",7.461,9545,15.4047,2021-07-28,185000000,168717425,"['Margot Robbie', 'Idris Elba', 'John Cena', 'Joel Kinnaman', 'Sylvester Stallone', 'Viola Davis']","['monster', 'secret mission', 'superhero', 'anti hero', 'giant monster', 'gore', 'based on comic', 'alien']"
863,Toy Story 2,"['Animation', 'Comedy', 'Family']",7.6,14827,16.4733,1999-10-30,90000000,497375404,"['Tom Hanks', 'Tim Allen', 'Joan Cusack', 'Kelsey Grammer', 'Don Rickles', 'Jim Varney']","['friendship', 'airplane', 'museum', 'prosecution', 'identity crisis', 'villain', 'flea market', 'collector']"
841755,Mortal Kombat Legends: Battle of the Realms,"['Animation', 'Action', 'Fantasy']",7.598,492,14.9967,2021-08-30,0,0,"['Jordan Rodrigues', 'Jennifer Carpenter', 'Joel McHale', 'Patrick Seitz', 'Dave B. Mitchell', 'Bayardo De Murguia']","['chosen one', 'based on video game', 'martial arts tournament', 'adult animation', 'extreme blood']"
1432605,My Father's Shadow,['Drama'],7.5,33,12.0164,2025-09-19,0,0,"['Ṣọpẹ́ Dìrísù', 'Chibuike Marvellous Egbo', 'Godwin Egbo', 'Akereli David', 'Owa Orire Jeremiah', 'Efon Wini']","['sibling relationship', 'estranged father', '1990s', 'lagos', 'father son relationship']"
273477,Scouts Guide to the Zombie Apocalypse,"['Comedy', 'Horror']",6.571,2119,15.8212,2015-10-23,15000000,14900000,"['Tye Sheridan', 'Sarah Dumont', 'Logan Miller', 'Joey Morgan', 'Patrick Schwarzenegger', 'David Koechner']","['shotgun', 'camping', 'campsite', 'gore', 'strip club', 'zombie', 'dripping blood', 'flesh eating']"
615457,Nobody,"['Action', 'Thriller']",7.88,8279,14.438,2021-03-18,16000000,57512470,"['Bob Odenkirk', 'Aleksey Serebryakov', 'Connie Nielsen', 'Christopher Lloyd', 'Michael Ironside', 'Colin Salmon']","['assassin', 'double life', 'midlife crisis', 'bratva (russian mafia)', 'secret organization', 'thief', 'one man army', 'home invasion']"
1252309,Tell Me What You Want,"['Romance', 'Drama']",6.138,286,14.4595,2024-11-29,0,2265661,"['Gabriela Andrada', 'Mario Ermito', 'Celia Freijeiro', 'David Solans', 'Alba Ribas', 'Joel Bosqued']","['spain', 'based on novel or book', 'woman director', 'erotic romance', 'cine español']"
27,9 Songs,"['Drama', 'Music', 'Romance']",5.542,575,15.0708,2004-07-16,1000000,1574623,"[""Kieran O'Brien"", 'Margo Stilley', 'Courtney Taylor-Taylor', 'Alex Kapranos', 'Guy Garvey', 'Robert Levon Been']","['london, england', 'concert', ""rock 'n' roll"", 'sexuality', 'orgasm', 'cocaine', 'blow job', 'man woman relationship']"
425,Ice Age,"['Animation', 'Comedy', 'Family', 'Adventure']",7.37,14234,15.9622,2002-03-14,59000000,383257136,"['Ray Romano', 'John Leguizamo', 'Denis Leary', 'Goran Višnjić', 'Jack Black', 'Cedric the Entertainer']","['dying and death', 'human evolution', 'parent child relationship', 'squirrel', 'loss of loved one', 'mammoth', 'sloth', 'villain']"
819,Sleepers,"['Crime', 'Drama', 'Thriller']",7.6,3841,14.8085,1996-10-18,44000000,165600000,"['Kevin Bacon', 'Robert De Niro', 'Dustin Hoffman', 'Bruno Kirby', 'Jason Patric', 'Brad Pitt']","['child abuse', 'sexual abuse', 'court case', 'court', 'repayment', 'sadistic', 'pastor', 'juvenile prison']"
9806,The Incredibles,"['Action', 'Adventure', 'Animation', 'Family']",7.723,18828,14.2956,2004-10-27,92000000,631442092,"['Craig T. Nelson', 'Holly Hunter', 'Sarah Vowell', 'Spencer Fox', 'Jason Lee', 'Samuel L. Jackson']","['hero', 'secret identity', 'superhero', 'villain', 'family relationships', 'super power', 'supervillain', '1950s']"
508947,Turning Red,"['Animation', 'Family', 'Comedy', 'Fantasy']",7.318,5761,14.2219,2022-03-10,0,21813358,"['Rosalie Chiang', 'Sandra Oh', 'Ava Morse', 'Hyein Park', 'Maitreyi Ramakrishnan', 'Orion Lee']","['friendship', 'canada', 'concert', 'temple', 'shapeshifting', 'toronto, canada', 'coming of age', 'teenage girl']"
1627824,Rocky's Cat-astrophe,"['Animation', 'Family']",0.0,0,14.1845,2026-02-27,0,0,"['Jesse Gervasi', 'Jackson Reid', 'Lilly Bartlam', 'Kai Harris', 'Lucien Duncan-Reid', 'Luke Dietz']",[]
1303552,Horizon: An American Saga - Chapter 3,"['Western', 'Drama']",0.0,0,7.2008,,0,0,"['Kevin Costner', 'Isabelle Fuhrman', 'Aimee-Lynn Chadwick', 'Austin Archer']","['american civil war', 'post civil war', 'american west', '19th century', '1860s', 'historical epic']"
106,Predator,"['Science Fiction', 'Action', 'Adventure', 'Thriller']",7.548,9054,15.2188,1987-06-12,15000000,98267558,"['Arnold Schwarzenegger', 'Carl Weathers', 'Kevin Peter Hall', 'Elpidia Carrillo', 'Bill Duke', 'Jesse Ventura']","['guerrilla warfare', 'central and south america', 'predator', 'trap', 'alien', 'survival', 'stalking', 'creature']"
77,Memento,"['Mystery', 'Thriller']",8.177,16165,14.1418,2000-10-11,9000000,40060108,"['Guy Pearce', 'Carrie-Anne Moss', 'Joe Pantoliano', 'Mark Boone Junior', 'Russ Fega', 'Jorja Fox']","['drug dealer', 'amnesia', 'insulin', 'tattoo', 'waitress', 'motel', 'manipulation', 'flashback']"
2109,Rush Hour,"['Action', 'Comedy', 'Crime']",7.066,5623,13.9644,1998-09-18,33000000,244721064,"['Jackie Chan', 'Chris Tucker', 'Tom Wilkinson', 'Philip Baker Hall', 'Elizabeth Peña', 'Chris Penn']","['martial arts', 'fbi', 'two man army', 'chinese mafia', 'cop', 'los angeles, california', 'east asian lead', 'buddy cop']"
1450527,Forbidden Fruits,"['Horror', 'Comedy']",6.7,40,16.461,2026-03-26,0,1765893,"['Lili Reinhart', 'Lola Tung', 'Victoria Pedretti', 'Alexandra Shipp', 'Emma Chamberlain', 'Gabrielle Union']","['dark comedy', 'cult', 'shopping mall', 'based on play or musical', 'sisterhood', 'satirical', 'performative', 'induction ceremony']"
6479,I Am Legend,"['Drama', 'Science Fiction', 'Thriller']",7.21,16769,14.4026,2007-12-12,150000000,585410052,"['Will Smith', 'Alice Braga', 'Charlie Tahan', 'Dash Mihok', 'Salli Richardson-Whitfield', 'Willow Smith']","['new york city', 'saving the world', 'based on novel or book', 'dystopia', 'post-apocalyptic future', 'infection', 'matter of life and death', 'alone']"
272148,Darna and Ding,['Action'],7.0,2,13.507,1980-02-08,0,0,"['Vilma Santos', 'Niño Muhlach', 'Celia Rodriguez', 'Marissa Delgado', 'Veronica Jones', 'Max Alvarado']","['dual identity', 'female protagonist']"
1621,Trading Places,['Comedy'],7.228,3644,15.1052,1983-06-07,15000000,90404800,"['Dan Aykroyd', 'Eddie Murphy', 'Ralph Bellamy', 'Don Ameche', 'Denholm Elliott', 'Jamie Lee Curtis']","[""new year's eve"", 'prostitute', 'philadelphia, pennsylvania', 'butler', 'christmas party', 'satire', 'rags to riches', 'broker']"
1226578,Longlegs,"['Crime', 'Horror', 'Mystery']",6.531,2621,13.265,2024-07-10,10000000,127961936,"['Maika Monroe', 'Nicolas Cage', 'Blair Underwood', 'Alicia Witt', 'Michelle Choi-Lee', 'Dakota Daulby']","['homicide', 'fbi', 'religion and supernatural', 'haunting', 'satanism', 'barn', 'satanist', 'code']"
447273,Snow White,"['Family', 'Fantasy']",4.327,1619,14.1446,2025-03-19,271600000,205679463,"['Rachel Zegler', 'Gal Gadot', 'Andrew Burnap', 'Andrew Barth Feldman', 'Emilia Faucher', 'Jeremy Swift']","['princess', 'dwarf', 'fairy tale', 'poison', 'musical', 'apple', 'based on movie', 'evil queen']"
102382,The Amazing Spider-Man 2,"['Action', 'Adventure', 'Science Fiction']",6.534,14176,14.5972,2014-04-16,200000000,716934779,"['Andrew Garfield', 'Emma Stone', 'Jamie Foxx', 'Dane DeHaan', 'Colm Feore', 'Felicity Jones']","['experiment', 'obsession', 'secret identity', 'superhero', 'based on comic', 'sequel', 'electrocution', 'super power']"
857,Saving Private Ryan,"['War', 'Drama', 'History']",8.223,17150,14.3883,1998-07-24,70000000,481840909,"['Tom Hanks', 'Tom Sizemore', 'Edward Burns', 'Barry Pepper', 'Adam Goldberg', 'Vin Diesel']","['dying and death', 'self sacrifice', 'bravery', 'world war ii', 'duty', 'normandy, france', 'troops', 'waffen ss']"
378236,The Emoji Movie,"['Animation', 'Family', 'Comedy']",5.391,3309,12.9228,2017-07-23,50000000,216909830,"['T.J. Miller', 'James Corden', 'Anna Faris', 'Maya Rudolph', 'Steven Wright', 'Jennifer Coolidge']","['villain', 'parody', '3d animation', 'emoji']"
4247,Scary Movie,['Comedy'],6.39,7718,14.7425,2000-07-07,19000000,278023280,"['Anna Faris', 'Regina Hall', 'Marlon Wayans', 'Shawn Wayans', 'Jon Abrahams', 'Lochlyn Munro']","['high school', 'psychopath', 'garage', 'satire', 'parody', 'crude humor', 'spoof', 'slasher']"
406997,Wonder,"['Family', 'Drama']",8.107,8236,14.1389,2017-11-13,20000000,315025930,"['Jacob Tremblay', 'Julia Roberts', 'Owen Wilson', 'Izabela Vidovic', 'Noah Jupe', 'Millie Davis']","['exclusion', 'bullying', 'coney island', 'prejudice', 'school', ""based on children's book"", 'family', 'physical disability']"
228150,Fury,"['War', 'Drama', 'Action']",7.543,12881,14.6041,2014-10-15,68000000,211817906,"['Brad Pitt', 'Shia LaBeouf', 'Logan Lerman', 'Michael Peña', 'Jon Bernthal', 'Jim Parrack']","['hero', 'nazi', 'ambush', 'bravery', 'world war ii', 'heroism', 'tank', 'europe']"
524047,Greenland,"['Thriller', 'Adventure', 'Action', 'Science Fiction']",7.128,5259,14.2035,2020-07-29,34000000,52300000,"['Gerard Butler', 'Morena Baccarin', 'David Denman', 'Hope Davis', 'Roger Dale Floyd', 'Scott Glenn']","['husband wife relationship', 'panic', 'kidnapping', 'looting', 'natural disaster', 'state of emergency', 'comet', 'end of the world']"
353069,Mother's Day,"['Comedy', 'Drama', 'Romance']",5.981,1315,14.0044,2016-04-28,25000000,48782670,"['Jennifer Aniston', 'Julia Roberts', 'Kate Hudson', 'Jason Sudeikis', 'Sarah Chalke', 'Britt Robertson']","['holiday', 'female friendship', 'remarriage', 'interracial marriage', 'relationship', 'single mother', 'divorcee', 'widower']"
1930,The Amazing Spider-Man,"['Action', 'Adventure', 'Science Fiction']",6.734,18454,14.2293,2012-06-23,215000000,758725893,"['Andrew Garfield', 'Emma Stone', 'Rhys Ifans', 'Denis Leary', 'Martin Sheen', 'Sally Field']","['experiment', 'loss of loved one', 'superhero', 'based on comic', 'vigilante', 'teenage girl', 'teenage boy', 'super power']"
205596,The Imitation Game,"['History', 'Drama', 'Thriller', 'War']",7.985,18033,14.6163,2014-11-14,14000000,233555708,"['Benedict Cumberbatch', 'Keira Knightley', 'Matthew Goode', 'Rory Kinnear', 'Allen Leech', 'Matthew Beard']","['england', 'homophobia', 'world war ii', 'mathematician', 'genius', 'biography', 'based on true story', 'male homosexuality']"
287649,Scarlet Innocence,"['Thriller', 'Drama', 'Romance']",6.1,69,13.1083,2014-10-02,0,0,"['Jung Woo-sung', 'Esom', 'Park So-young', 'Kim Hie-won', 'Park Seo-yeon', 'Park So-dam']","['loss of eyesight', 'eroticism', 'revenge', 'blind', 'extramarital affair', 'blindness']"
313534,New Dubai,['Drama'],6.2,12,13.6986,2014-10-23,0,0,"['Gustavo Vinagre', ""Bruno D'Ugo"", 'Hugo Guimarães', 'Fernando Maia', 'Caetano Gotardo', 'Daniel Prates']","['friendship', 'suicide', 'politics', 'internet porn', 'lgbt', 'real estate', 'gay erotica', 'queer']"
1083612,The Boy in the Woods,"['Drama', 'War', 'History']",6.87,46,13.2548,2023-09-19,0,0,"['Jett Klyne', 'Richard Armitage', 'David Kohlsmith', 'Katherine Fogler', 'Masa Lizdek', 'Christopher Heyerdahl']","['based on true story', 'holocaust (shoah) survivor']"
296096,Me Before You,"['Drama', 'Romance']",7.917,13193,13.1637,2016-06-01,20000000,207945075,"['Emilia Clarke', 'Sam Claflin', 'Janet McTeer', 'Charles Dance', 'Brendan Coyle', 'Jenna Coleman']","['depression', 'small town', 'based on novel or book', 'england', 'artist', 'wheelchair', 'romance', 'love']"
286217,The Martian,"['Science Fiction', 'Drama', 'Adventure']",7.696,21132,15.3173,2015-09-30,108000000,631058917,"['Matt Damon', 'Jessica Chastain', 'Kristen Wiig', 'Jeff Daniels', 'Michael Peña', 'Sean Bean']","['spacecraft', 'planet mars', 'based on novel or book', 'nasa', 'isolation', 'botanist', 'survival', 'space']"
412117,The Secret Life of Pets 2,"['Family', 'Comedy', 'Adventure', 'Animation']",6.9,3314,12.2717,2019-05-24,80000000,429434163,"['Patton Oswalt', 'Kevin Hart', 'Eric Stonestreet', 'Jenny Slate', 'Tiffany Haddish', 'Lake Bell']","['new york city', 'friendship', 'villain', 'sequel', 'dog', 'talking animal', '3d animation']"
1144107,The Legend of Hei 2,"['Animation', 'Fantasy', 'Action', 'Adventure']",8.5,53,12.7083,2025-07-18,0,67216848,"['Shan Xin', 'Liu Mingyue', 'Zhu Jing', 'Luan Lisheng', 'Fu Chen Yang', 'Yan Ling']","['magic', 'cat', 'sequel', 'lyrical', 'donghua']"
38365,Grown Ups,['Comedy'],6.401,6638,13.86,2010-06-24,80000000,271457606,"['Adam Sandler', 'Kevin James', 'Chris Rock', 'David Spade', 'Rob Schneider', 'Salma Hayek Pinault']","['friendship', 'overweight', 'affectation', 'convertible', 'swing', 'foot', 'friends', 'arrow']"
19994,Jennifer's Body,"['Horror', 'Comedy']",5.993,4209,13.9944,2009-09-18,16000000,31556061,"['Megan Fox', 'Amanda Seyfried', 'Johnny Simmons', 'Adam Brody', 'Sal Cortez', 'Ryan Levine']","['high school', 'minnesota', 'halloween', 'possession', 'slumber party', 'gore', 'sexual murder', 'teenage girl']"
1213898,Border 2,"['Action', 'Drama', 'War']",7.125,24,11.9654,2026-01-23,33000000,21000000,"['Sunny Deol', 'Varun Dhawan', 'Diljit Dosanjh', 'Ahan Shetty', 'Mona Singh', 'Sonam Bajwa']","['1970s', 'based on true story', 'sequel', 'indian army', 'historical drama', 'india pakistan war', 'historical epic', 'war drama']"
284052,Doctor Strange,"['Fantasy', 'Adventure', 'Action']",7.419,23382,13.3952,2016-10-25,180000000,676343174,"['Benedict Cumberbatch', 'Chiwetel Ejiofor', 'Rachel McAdams', 'Benedict Wong', 'Mads Mikkelsen', 'Tilda Swinton']","['magic', 'superhero', 'training', 'based on comic', 'sorcerer', 'doctor', 'neurosurgeon', 'injury']"
329865,Arrival,"['Drama', 'Science Fiction', 'Mystery']",7.625,19272,15.4176,2016-11-10,47000000,203388186,"['Amy Adams', 'Jeremy Renner', 'Forest Whitaker', 'Michael Stuhlbarg', ""Mark O'Brien"", 'Tzi Ma']","['spacecraft', 'extraterrestrial technology', 'loss', 'time', 'alien', 'language', 'female protagonist', 'scientist']"
62,2001: A Space Odyssey,"['Science Fiction', 'Mystery', 'Adventure']",8.053,12538,13.0461,1968-04-02,12000000,71923560,"['Keir Dullea', 'Gary Lockwood', 'William Sylvester', 'Douglas Rain', 'Daniel Richter', 'Leonard Rossiter']","['man vs machine', 'moon', 'jupiter', 'artificial intelligence (a.i.)', 'based on novel or book', 'technology', 'super computer', 'space travel']"
25221,For the Boys,"['Drama', 'Music', 'Comedy', 'War']",6.284,81,13.1478,1991-11-22,40000000,23202444,"['Bette Midler', 'James Caan', 'George Segal', ""Patrick O'Neal"", 'Christopher Rydell', 'Arye Gross']","['concert', 'dancer', 'entertainer']"
799876,The Outfit,"['Crime', 'Drama', 'Thriller', 'Mystery']",7.083,1343,13.2138,2022-02-25,5000000,4000000,"['Mark Rylance', 'Zoey Deutch', 'Johnny Flynn', ""Dylan O'Brien"", 'Simon Russell Beale', 'Nikki Amuka-Bird']","['chicago, illinois', 'gangster', 'murder', 'mobster', 'organized crime', 'psychological thriller', 'killer', 'double cross']"
1280738,The Furious,"['Action', 'Crime', 'Thriller']",0.0,0,15.1322,2026-06-05,20000000,0,"['Xie Miao', 'Joe Taslim', 'Yang Enyou', 'Yayan Ruhian', 'JeeJa Yanin', 'Brian Le']","['martial arts', 'kung fu', 'child kidnapping', 'tradesman']"
1265,Bridge to Terabithia,"['Adventure', 'Drama', 'Family']",7.311,5202,12.9165,2007-02-15,60000000,137587063,"['Josh Hutcherson', 'AnnaSophia Robb', 'Zooey Deschanel', 'Robert Patrick', 'Bailee Madison', 'Kate Butler']","['friendship', 'sibling relationship', 'bullying', 'neighbor', 'school', 'drawing', ""based on children's book"", 'nostalgic']"
68726,Pacific Rim,"['Action', 'Science Fiction', 'Adventure']",6.921,13311,14.3145,2013-07-11,180000000,411000000,"['Charlie Hunnam', 'Rinko Kikuchi', 'Idris Elba', 'Max Martini', 'Clifton Collins Jr.', 'Ron Perlman']","['monster', 'dystopia', 'giant monster', 'pacific', 'alaska', 'giant robot', 'apocalypse', 'hong kong']"
8966,Twilight,"['Fantasy', 'Drama', 'Romance']",6.279,14356,16.5986,2008-11-20,37000000,393616788,"['Kristen Stewart', 'Robert Pattinson', 'Billy Burke', 'Peter Facinelli', 'Ashley Greene', 'Jackson Rathbone']","['high school', 'soulmates', 'based on novel or book', 'immortality', 'vampire', 'forbidden love', 'teen movie', 'trust']"
72105,Ted,"['Comedy', 'Fantasy']",6.45,13126,14.1093,2012-06-29,50000000,549368315,"['Mark Wahlberg', 'Mila Kunis', 'Seth MacFarlane', 'Joel McHale', 'Giovanni Ribisi', 'Patrick Warburton']","['friendship', 'dreams', 'love', 'buddy', 'teddy bear', 'toy comes to life', 'wishes come true']"
1273221,Scary Movie,"['Comedy', 'Horror']",0.0,0,15.4467,2026-06-03,0,0,"['Marlon Wayans', 'Shawn Wayans', 'Anna Faris', 'Regina Hall', 'Damon Wayans Jr.', 'Gregg Wayans']","['parody', 'sequel', 'slapstick comedy', 'horror spoof', 'reboot', 'horror parody']"
493529,Dungeons & Dragons: Honor Among Thieves,"['Adventure', 'Fantasy', 'Comedy']",7.338,4574,13.36,2023-03-23,151000000,208200000,"['Chris Pine', 'Michelle Rodriguez', 'Justice Smith', 'Sophia Lillis', 'Hugh Grant', 'Regé-Jean Page']","['platonic love', 'gang of thieves', 'friends', 'dragon', 'role playing game', 'female villain', 'heist gone wrong', 'wizard']"
198184,Chappie,"['Crime', 'Action', 'Science Fiction']",6.79,8447,13.2884,2015-03-04,49000000,104399548,"['Sharlto Copley', 'Dev Patel', 'Hugh Jackman', 'Ninja', 'Yo-Landi Visser', 'Sigourney Weaver']","['future', 'android', 'artificial intelligence (a.i.)', 'dystopia', 'johannesburg, south africa', 'robot', 'robot cop', 'cyber thriller']"
999136,Do Not Enter,['Horror'],5.62,83,12.8165,2026-03-19,0,0,"['Francesca Reale', 'Nicholas Hamilton', 'Adeline Rudolph', 'Jake Manley', 'Shane Paul McGhie', 'Javier Botet']","['hotel', 'new jersey', 'based on novel or book', 'supernatural creature', 'million in cash', 'urban exploration', 'abandoned building', 'urban explorers']"
1381027,Good Boy,"['Thriller', 'Drama', 'Mystery']",7.3,86,17.7551,2026-03-06,0,0,"['Stephen Graham', 'Andrea Riseborough', 'Anson Boon', 'Kit Rakusen', 'Monika Frajczyk', 'Savannah Steyn']","['kidnapping', 'paranoid', 'family life', 'toxic relationship', 'toxic family', 'dramatic', 'complicated', 'harsh']"
2251,Unfaithful,"['Thriller', 'Drama', 'Romance']",6.689,1705,14.8325,2002-05-10,50000000,119137784,"['Richard Gere', 'Diane Lane', 'Olivier Martinez', 'Erik Per Sullivan', 'Željko Ivanek', 'Gary Basaraba']","['adultery', 'infidelity', 'new york city', 'literature', 'eroticism', 'lover', 'erotic thriller']"
1241470,Osiris,"['Science Fiction', 'Action', 'Horror']",6.017,232,11.8335,2025-07-25,0,0,"['Max Martini', 'Brianna Hildebrand', 'LaMonica Garrett', 'Michael Irby', 'Linda Hamilton', 'Stanley White Jr.']","['spacecraft', 'special forces', 'absurd']"
1083381,Backrooms,"['Horror', 'Mystery', 'Science Fiction']",0.0,0,16.6635,2026-05-27,0,0,"['Chiwetel Ejiofor', 'Renate Reinsve', 'Mark Duplass', 'Finn Bennett', 'Lukita Maxwell', 'Avan Jogia']","['monster', 'found footage', '1990s', 'other dimension', 'based on web series', 'based on short film', 'liminal', 'liminal space']"
27098,All Things Fair,"['Drama', 'Romance', 'War']",6.406,170,14.0736,1995-03-08,0,0,"['Johan Widerberg', 'Marika Lagercrantz', 'Tomas von Brömssen', 'Karin Huldt', 'Nina Gunke', 'Kenneth Milldoff']","['high school', 'jealousy', 'world war ii', 'older woman seduces younger guy', 'alcoholism', 'cheat on husband', 'teacher', 'older woman younger man relationship']"
653346,Kingdom of the Planet of the Apes,"['Science Fiction', 'Adventure', 'Action']",7.052,4225,14.3227,2024-05-08,160000000,397378150,"['Owen Teague', 'Freya Allan', 'Kevin Durand', 'Peter Macon', 'William H. Macy', 'Eka Darville']","['empire', 'kingdom', 'gorilla', 'dystopia', 'post-apocalyptic future', 'eagle', 'sequel', 'anthropomorphism']"
454639,Masters of the Universe,"['Action', 'Fantasy', 'Science Fiction']",0.0,0,13.8117,2026-06-03,200000000,0,"['Nicholas Galitzine', 'Camila Mendes', 'Alison Brie', 'James Purefoy', 'Morena Baccarin', 'Jóhannes Haukur Jóhannesson']","['skeleton', 'superhero', 'alien planet', 'based on toy', 'super power', 'sword and planet', 'sword and sorcery']"
1102883,Mother Mary,"['Drama', 'Fantasy', 'Music', 'Thriller']",5.1,23,10.3493,2026-04-16,20000000,2628866,"['Anne Hathaway', 'Michaela Coel', 'Hunter Schafer', 'FKA twigs', 'Sian Clifford', 'Kaia Gerber']","['pop star', 'supernatural', 'betrayal', 'dress', 'old grudge', 'estranged friend', 'psychosexual']"
701387,Bugonia,"['Science Fiction', 'Thriller', 'Comedy']",7.347,1852,14.8286,2025-10-23,50000000,40796580,"['Emma Stone', 'Jesse Plemons', 'Aidan Delbis', 'Stavros Halkias', 'Alicia Silverstone', 'J. Carmen Galindez Barrera']","['saving the world', 'capitalism', 'kidnapping', 'paranoia', 'delusion', 'symbolism', 'dark comedy', 'satire']"
762509,Mufasa: The Lion King,"['Adventure', 'Family', 'Animation']",7.31,2641,12.9196,2024-12-18,200000000,722631756,"['Aaron Pierre', 'Kelvin Harrison Jr.', 'Tiffany Boone', 'Kagiso Lediga', 'Preston Nyman', 'Blue Ivy Carter']","['friendship', 'paradise', 'lion', 'musical', 'prequel', 'jungle', 'told in flashback', 'betrayal by friend']"
152601,Her,"['Romance', 'Science Fiction', 'Drama']",7.839,15259,14.7404,2013-12-18,23000000,47351251,"['Joaquin Phoenix', 'Scarlett Johansson', 'Lynn Adrianna', 'Lisa Renee Pitts', 'Gabe Gomez', 'Chris Pratt']","['future', 'artificial intelligence (a.i.)', 'computer', 'satire', 'love', 'loneliness', 'transhumanism', 'los angeles, california']"
4951,10 Things I Hate About You,"['Comedy', 'Romance', 'Drama']",7.591,8877,15.0976,1999-03-30,16000000,53478166,"['Heath Ledger', 'Julia Stiles', 'Joseph Gordon-Levitt', 'Larisa Oleynik', 'David Krumholtz', 'Andrew Keegan']","['high school', 'seattle, washington', 'deception', 'based on play or musical', 'coming of age', 'teen movie', 'shrew', 'teen comedy']"
4951,10 Things I Hate About You,"['Comedy', 'Romance', 'Drama']",7.591,8877,15.0976,1999-03-30,16000000,53478166,"['Heath Ledger', 'Julia Stiles', 'Joseph Gordon-Levitt', 'Larisa Oleynik', 'David Krumholtz', 'Andrew Keegan']","['high school', 'seattle, washington', 'deception', 'based on play or musical', 'coming of age', 'teen movie', 'shrew', 'teen comedy']"
1363123,The Family Plan 2,"['Action', 'Comedy']",6.542,558,13.1645,2025-11-11,0,0,"['Mark Wahlberg', 'Michelle Monaghan', 'Kit Harington', 'Zoe Colletti', 'Van Crosby', 'Theodore Lindsey']",['europe vacation']
533533,TRON: Ares,"['Science Fiction', 'Adventure', 'Action']",6.474,1362,14.1515,2025-10-08,220000000,142249983,"['Jared Leto', 'Greta Lee', 'Evan Peters', 'Gillian Anderson', 'Jodie Turner-Smith', 'Jeff Bridges']","['artificial intelligence (a.i.)', 'computer program', 'identity crisis', 'computer simulation', 'sequel', 'business rivalry', 'virtual world', 'digital world']"
19404,Dilwale Dulhania Le Jayenge,"['Comedy', 'Drama', 'Romance']",8.513,4582,14.1309,1995-10-20,13200000,100000000,"['Kajol', 'Shah Rukh Khan', 'Amrish Puri', 'Farida Jalal', 'Anupam Kher', 'Pooja Ruparel']","[""family's daily life"", 'family history', 'love-hate relationship', 'family drama', 'love affair']"
1124,The Prestige,"['Drama', 'Mystery', 'Science Fiction']",8.207,17519,13.6796,2006-10-19,40000000,109676311,"['Hugh Jackman', 'Christian Bale', 'Michael Caine', 'Piper Perabo', 'Rebecca Hall', 'Scarlett Johansson']","['dying and death', 'suicide', 'class society', 'london, england', 'magic', 'competition', 'obsession', 'hostility']"
10193,Toy Story 3,"['Animation', 'Family', 'Comedy']",7.804,15667,14.3333,2010-06-16,200000000,1067316101,"['Tom Hanks', 'Tim Allen', 'Joan Cusack', 'Don Rickles', 'Wallace Shawn', 'John Ratzenberger']","['escape', 'hostage', 'college', 'villain', 'sequel', 'buddy', 'daycare', 'teddy bear']"
598,City of God,"['Drama', 'Crime']",8.43,8151,13.0374,2002-08-30,3300000,30641770,"['Alexandre Rodrigues', 'Leandro Firmino', 'Phellipe Haagensen', 'Douglas Silva', 'Jonathan Haagensen', 'Matheus Nachtergaele']","['street gang', 'photographer', 'gangster', 'rio de janeiro', 'gang war', 'ghetto', 'based on true story', 'coming of age']"
1284120,The Ugly Stepsister,"['Horror', 'Comedy', 'Drama']",7.304,1141,12.9605,2025-03-07,4250000,5325096,"['Lea Myren', 'Ane Dahl Torp', 'Thea Sofie Loch Næss', 'Flo Fagerli', 'Isac Calmroth', 'Malte Gårdinger']","['satire', 'based on fairy tale', 'beauty standards', 'stepmother stepdaughter relationship', 'independent film', 'body horror', 'psychological horror', 'horror']"
976573,Elemental,"['Animation', 'Comedy', 'Family', 'Fantasy', 'Romance']",7.576,5266,13.5052,2023-06-14,200000000,496444308,"['Leah Lewis', 'Mamoudou Athie', 'Ronnie del Carmen', 'Shila Ommi', 'Wendi McLendon-Covey', ""Catherine O'Hara""]","['fire', 'earth', 'computer animation', 'duringcreditsstinger', 'elements', 'water', 'city', 'lighthearted']"
259693,The Conjuring 2,['Horror'],7.3,9139,12.99,2016-06-08,40000000,322819915,"['Vera Farmiga', 'Patrick Wilson', 'Madison Wolfe', ""Frances O'Connor"", 'Lauren Esposito', 'Benjamin Haigh']","['london, england', 'england', '1970s', 'spirit', 'single mother', 'demon', 'paranormal investigation', 'demonic possession']"
1412,"sex, lies, and videotape",['Drama'],6.941,1027,12.1154,1989-08-04,1200000,24741667,"['James Spader', 'Andie MacDowell', 'Peter Gallagher', 'Laura San Giacomo', 'Ron Vawter', 'Steven Brill']","['sexual obsession', 'sexuality', 'orgasm', 'spanner', 'louisiana', 'longing', 'interview', 'love affair']"
47971,xXx: Return of Xander Cage,"['Action', 'Adventure', 'Crime']",6.133,9211,15.0666,2017-01-13,85000000,346118277,"['Vin Diesel', 'Donnie Yen', 'Ruby Rose', 'Deepika Padukone', 'Toni Collette', 'Samuel L. Jackson']","['airplane', 'tattoo', 'spy', 'extreme sports', 'parachute', 'secret agent', 'swimming pool', 'sequel']"
953,Madagascar,"['Adventure', 'Animation', 'Comedy', 'Family']",6.922,11684,14.1848,2005-05-25,75000000,542064525,"['Ben Stiller', 'Chris Rock', 'David Schwimmer', 'Jada Pinkett Smith', 'Sacha Baron Cohen', 'Cedric the Entertainer']","['friendship', 'island', 'escape', 'africa', 'lion', 'zoo', 'hippopotamus', 'giraffe']"
1128650,The Prosecutor,"['Action', 'Drama', 'Crime', 'Thriller']",7.0,201,13.2054,2024-12-08,38500000,128093757,"['Donnie Yen', 'Francis Ng Chun-Yu', 'Julian Cheung Chi-Lam', 'Kent Cheng Jak-Si', 'Michael Hui Koon-Man', 'Lau Kong']","['court', 'drug trafficking', 'attempted murder', 'based on true story', 'killer', 'wrongful conviction', 'political corruption', 'gun fight']"
313369,La La Land,"['Comedy', 'Drama', 'Romance']",7.898,18051,14.126,2016-12-01,30000000,509183536,"['Ryan Gosling', 'Emma Stone', 'John Legend', 'Rosemarie DeWitt', 'Finn Wittrock', 'Callie Hernandez']","['dancing', 'dance', 'jazz', 'melancholy', 'musical', 'ambition', 'casting', 'coffee shop']"
9340,The Goonies,"['Adventure', 'Comedy', 'Family']",7.515,6209,14.155,1985-06-07,19000000,69649283,"['Sean Astin', 'Josh Brolin', 'Jeff Cohen', 'Corey Feldman', 'Kerri Green', 'Martha Plimpton']","['gang of thieves', 'treasure map', 'oregon, usa', 'gunfight', 'pirate', 'childhood friends', 'booby trap', 'water slide']"
272,Batman Begins,"['Drama', 'Crime', 'Action']",7.724,22527,13.5719,2005-06-10,150000000,374218673,"['Christian Bale', 'Michael Caine', 'Liam Neeson', 'Katie Holmes', 'Gary Oldman', 'Cillian Murphy']","['martial arts', 'undercover', 'loss of loved one', 'secret identity', 'crime fighter', 'superhero', 'based on comic', 'rivalry']"
539972,Kraven the Hunter,"['Action', 'Adventure', 'Thriller']",6.438,2315,12.933,2024-12-11,130000000,62076533,"['Aaron Taylor-Johnson', 'Ariana DeBose', 'Fred Hechinger', 'Alessandro Nivola', 'Christopher Abbott', 'Russell Crowe']","['hunter', 'superhero', 'villain', 'based on comic', 'supervillain', 'antihero', 'intense', 'admiring']"
1084244,Toy Story 5,"['Animation', 'Family', 'Comedy', 'Adventure']",0.0,0,15.749,2026-06-17,0,0,"['Tom Hanks', 'Tim Allen', 'Joan Cusack', 'Greta Lee', ""Conan O'Brien"", 'Craig Robinson']","['farm', 'island', 'pig', 'horse', 'rescue mission', 'rivalry', 'sequel', 'stranded']"
1122573,In the Grey,"['Action', 'Thriller']",5.0,2,13.4792,2026-05-13,0,0,"['Henry Cavill', 'Jake Gyllenhaal', 'Rosamund Pike', 'Eiza González', 'Fisher Stevens', 'Jason Wong']",[]
573435,Bad Boys: Ride or Die,"['Action', 'Comedy', 'Crime']",7.324,3310,15.1539,2024-06-05,100000000,404547819,"['Will Smith', 'Martin Lawrence', 'Vanessa Hudgens', 'Alexander Ludwig', 'Paola Nuñez', 'Eric Dane']","['miami, florida', 'sequel', 'police headquarter', 'on the run', 'police detective', 'buddy cop', 'buddy comedy', 'aftercreditsstinger']"
1294203,My Fault: London,"['Drama', 'Romance']",7.379,556,14.3146,2025-02-12,0,0,"['Asha Banks', 'Matthew Broome', 'Eve Macklin', 'Ray Fearon', 'Enva Lewis', 'Jason Flemyng']","['based on novel or book', 'release from prison', 'estranged father']"
4348,Pride & Prejudice,"['Drama', 'Romance']",8.1,8730,12.7086,2005-09-16,28000000,124604345,"['Keira Knightley', 'Matthew Macfadyen', 'Brenda Blethyn', 'Rosamund Pike', 'Carey Mulligan', 'Jena Malone']","['based on novel or book', 'england', 'bachelor', 'family relationships', 'suitor', 'prejudice', 'period drama', 'pride']"
1299655,Blue Moon,"['Music', 'History', 'Drama', 'Comedy']",6.662,266,9.1068,2025-10-17,0,3551479,"['Ethan Hawke', 'Bobby Cannavale', 'Andrew Scott', 'Margaret Qualley', 'Patrick Kennedy', 'Jonah Lees']","['alcoholism', 'lyricist', 'lgbt', '1940s', 'bar', 'witty']"
42832,The Boys,['Comedy'],6.145,31,12.5268,1997-12-12,3300000,10602341,"['Marc Messier', 'Rémy Girard', 'Patrick Huard', 'Serge Thériault', 'Michel Barrette', 'Paul Houde']",['ice hockey']
168259,Furious 7,"['Action', 'Crime', 'Thriller']",7.2,11250,13.8911,2015-04-01,190000000,1515400000,"['Vin Diesel', 'Paul Walker', 'Dwayne Johnson', 'Michelle Rodriguez', 'Tyrese Gibson', 'Ludacris']","['car race', 'speed', 'street race', 'revenge', 'race', 'cars', 'suspenseful', 'admiring']"
1893,Star Wars: Episode I - The Phantom Menace,"['Adventure', 'Action', 'Science Fiction']",6.574,15780,12.4794,1999-05-19,115000000,1046515409,"['Liam Neeson', 'Ewan McGregor', 'Natalie Portman', 'Jake Lloyd', 'Ian McDiarmid', 'Pernilla August']","['galaxy', 'senate', 'taskmaster', 'prophecy', 'queen', 'apprentice', 'taxes', 'prequel']"
68718,Django Unchained,"['Drama', 'Western']",8.19,27947,12.2794,2012-12-25,100000000,425368238,"['Jamie Foxx', 'Christoph Waltz', 'Leonardo DiCaprio', 'Kerry Washington', 'Samuel L. Jackson', 'Walton Goggins']","['rescue', 'friendship', 'bounty hunter', 'ku klux klan', 'texas', 'slavery', 'plantation', 'revenge']"
801335,Girl in the Basement,"['Thriller', 'Crime', 'TV Movie']",7.563,851,14.8814,2021-02-27,0,0,"['Judd Nelson', 'Stefanie Scott', 'Joely Fisher', 'Braxton Bjerken', 'Kim Rosen', 'Emily Topper']","['imprisonment', 'based on true story', 'basement', 'controlling parent', 'depressing']"
572802,Aquaman and the Lost Kingdom,"['Action', 'Adventure', 'Fantasy']",6.522,3466,13.405,2023-12-20,205000000,440181226,"['Jason Momoa', 'Patrick Wilson', 'Yahya Abdul-Mateen II', 'Randall Park', 'Amber Heard', 'Nicole Kidman']","['superhero', 'secret society', 'half-brother', 'sequel', 'revenge', 'dysfunctional relationship', 'dc extended universe (dceu)', 'ancient evil']"
694,The Shining,"['Horror', 'Thriller']",8.204,18862,13.5774,1980-05-23,19000000,44781695,"['Jack Nicholson', 'Shelley Duvall', 'Danny Lloyd', 'Scatman Crothers', 'Barry Nelson', 'Philip Stone']","['hotel', ""new year's eve"", 'child abuse', 'based on novel or book', 'isolation', 'telepathy', 'delusion', 'halloween']"
497698,Black Widow,"['Action', 'Adventure', 'Science Fiction']",7.168,11202,13.4657,2021-07-07,200000000,379751131,"['Scarlett Johansson', 'Florence Pugh', 'Rachel Weisz', 'David Harbour', 'Ray Winstone', 'Ever Anderson']","['assassin', 'hero', 'spy', 'kgb', 'based on comic', 'female assassin', 'female spy', 'female hero']"
11953,Kagemusha,"['Action', 'Drama', 'History', 'War']",7.8,731,13.0,1980-04-26,6000000,4000000,"['Tatsuya Nakadai', 'Tsutomu Yamazaki', 'Kenichi Hagiwara', 'Jinpachi Nezu', 'Hideji Ōtaki', 'Daisuke Ryū']","['japan', 'samurai', 'army', 'emperor', 'warlord', 'battle', 'impersonation', 'doppelgänger']"
50620,The Twilight Saga: Breaking Dawn - Part 2,"['Fantasy', 'Drama', 'Romance']",6.457,9352,13.8176,2012-11-13,120000000,829747654,"['Kristen Stewart', 'Robert Pattinson', 'Taylor Lautner', 'Peter Facinelli', 'Elizabeth Reaser', 'Ashley Greene']","['based on novel or book', 'vampire', 'villainess', 'affectation', 'romance', 'teen movie', 'werewolf', 'supernatural creature']"
1107166,Psycho Killer,"['Crime', 'Horror', 'Mystery']",5.532,47,12.4785,2026-02-19,10000000,2376805,"['Georgina Campbell', 'James Preston Rogers', 'Malcolm McDowell', 'Logan Miller', 'Grace Dove', 'Aaron Merke']","['police', 'cult', 'cop', 'murder', 'priest', 'serial killer', 'slasher', 'church']"
209112,Batman v Superman: Dawn of Justice,"['Action', 'Adventure', 'Fantasy']",5.995,18933,13.7273,2016-03-23,250000000,874362803,"['Ben Affleck', 'Henry Cavill', 'Jesse Eisenberg', 'Gal Gadot', 'Amy Adams', 'Diane Lane']","['superhero', 'based on comic', 'revenge', 'vigilante', 'super power', 'dc extended universe (dceu)']"
13078,The Babysitters,['Drama'],5.993,539,14.3809,2008-05-09,0,44852,"['John Leguizamo', 'Katherine Waterston', 'Cynthia Nixon', 'Andy Comeau', ""Denis O'Hare"", 'Lauren Birkell']","['daughter', 'adultery', 'high school', 'babysitter', 'business idea', 'cabin', 'statutory rape', 'train']"
226674,The Adolescent,['Drama'],4.536,14,11.9851,1979-01-24,0,0,"['Simone Signoret', 'Francis Huster', 'Laetitia Chauveau', 'Edith Clever', 'Jacques Weber', 'Jean-François Balmer']","['coming of age', 'first love', 'woman director']"
1620996,The Blue Box,"['Romance', 'Thriller']",8.0,18,12.2898,2026-04-16,0,0,"['Luisana Lopilato', 'Gustavo Bassani', 'Jean Pierre Noher', 'Pedro Merlo', 'Fabian Novell', 'Silvana Goldemberg']","['psychological thriller', 'online dating', 'romantic thriller']"
809,Shrek 2,"['Animation', 'Family', 'Comedy', 'Fantasy', 'Romance']",7.312,13376,12.8336,2004-05-19,150000000,935454538,"['Mike Myers', 'Eddie Murphy', 'Cameron Diaz', 'Julie Andrews', 'Antonio Banderas', 'John Cleese']","['prison', 'princess', 'magic', 'kingdom', 'fairy tale', 'liberation', 'transformation', 'honeymoon']"
537915,After,"['Drama', 'Romance']",7.108,8508,13.9151,2019-04-11,14000000,69497587,"['Josephine Langford', 'Hero Fiennes Tiffin', 'Shane Paul McGhie', 'Khadijha Red Thunder', 'Dylan Arnold', 'Samuel Larsen']","['based on novel or book', 'love', 'teenage crush', 'teenage romance', 'bad boy', 'mysterious', 'angry', 'ambiguous']"
645710,The Voyeurs,['Thriller'],6.5,1165,14.5488,2021-08-25,0,0,"['Sydney Sweeney', 'Justice Smith', 'Ben Hardy', 'Natasha Liu Bordizzo', 'Katharine King So', 'Cameo Adele']","['infidelity', 'sexual obsession', 'espionage', 'photographer', 'eroticism', 'manipulation', 'seduction', 'montreal, canada']"
383498,Deadpool 2,"['Action', 'Comedy', 'Adventure']",7.49,19161,14.1386,2018-05-15,110000000,785896632,"['Ryan Reynolds', 'Josh Brolin', 'Morena Baccarin', 'Julian Dennison', 'Zazie Beetz', 'T.J. Miller']","['hero', 'superhero', 'mutant', 'mercenary', 'based on comic', 'sequel', 'breaking the fourth wall', 'aftercreditsstinger']"
10674,Mulan,"['Animation', 'Family', 'Adventure']",7.901,10375,13.4217,1998-06-18,90000000,304320254,"['Ming-Na Wen', 'Eddie Murphy', 'BD Wong', 'Miguel Ferrer', 'Harvey Fierstein', 'Freda Foh Shen']","['princess', 'daughter', 'china', 'homeland', 'villain', 'musical', 'sexism', 'training']"
639988,No Other Choice,"['Comedy', 'Crime', 'Thriller']",7.512,1013,13.3206,2025-09-24,12200000,40223568,"['Lee Byung-hun', 'Son Ye-jin', 'Park Hee-soon', 'Lee Sung-min', 'Yeom Hye-ran', 'Cha Seung-won']","['based on novel or book', 'dark comedy', 'remake', 'murder', 'unemployment', 'paper industry', 'unemployed', 'devoted family man']"
84308,"Madrid, 1987",['Drama'],6.5,71,12.0962,2012-04-13,0,0,"['José Sacristán', 'María Valverde', 'Ramon Fontserè', 'Alberto Ferreiro', 'Bárbara de Lemus']","['journalist', 'madrid, spain', 'older man younger woman relationship', '1980s', 'age-gap relationship']"
1669051,Kesong Puti,['Drama'],5.5,2,13.3805,2026-04-24,0,0,"['Apphle Celso', 'Van Allen Ong', 'Rinoa Halili', 'Mark Dionisio', 'Aya Fortes', 'Eddison Fernandez']",['sexy']
10625,Mean Girls,"['Drama', 'Comedy']",7.223,9413,13.3974,2004-04-30,17000000,130195052,"['Lindsay Lohan', 'Rachel McAdams', 'Lizzy Caplan', 'Lacey Chabert', 'Amanda Seyfried', 'Daniel Franzese']","['based on novel or book', 'illinois', 'female friendship', 'bullying', 'coming of age', 'prom', 'teenage girl', 'fish out of water']"
28,Apocalypse Now,"['Drama', 'War']",8.3,9049,13.2461,1979-05-19,31500000,150000000,"['Martin Sheen', 'Marlon Brando', 'Frederic Forrest', 'Albert Hall', 'Laurence Fishburne', 'Sam Bottoms']","['guerrilla warfare', 'vietnam war', 'journalist', 'mission', 'vietnam', 'vietcong', 'central intelligence agency (cia)', 'cambodia']"
105825,Erotic Ghost Story III,"['Horror', 'Drama', 'Fantasy']",5.597,31,12.2061,1992-03-05,0,1201428,"['Pauline Chan Bo-Lin', 'Shing Fui-On', 'Kenny Wong Tak-Ban', 'Chik King-Man', '张京花', 'William Ho']",['erotic horror']
1634301,Vanaveera,"['Action', 'Drama']",7.5,6,12.0816,2026-02-13,0,0,"['Chammak Chandra', 'Simran Choudhary', 'Nandu Vijay Krishna']",[]
786892,Furiosa: A Mad Max Saga,"['Action', 'Science Fiction', 'Adventure']",7.453,4830,11.7406,2024-05-22,168000000,174287546,"['Anya Taylor-Joy', 'Chris Hemsworth', 'Tom Burke', 'Alyla Browne', 'George Shevtsov', 'Lachy Hulme']","['chase', 'post-apocalyptic future', 'warlord', 'prequel', 'wasteland', 'spin off', 'struggle for survival', 'desert']"
345,Eyes Wide Shut,"['Drama', 'Thriller', 'Mystery']",7.486,7003,14.3039,1999-07-16,67,162100000,"['Tom Cruise', 'Nicole Kidman', 'Sydney Pollack', 'Marie Richardson', 'Rade Šerbedžija', 'Todd Field']","['new york city', 'prostitute', 'based on novel or book', 'sexual obsession', 'sacrifice', 'christmas party', 'eroticism', 'orgy']"
510,One Flew Over the Cuckoo's Nest,['Drama'],8.412,11406,13.5588,1975-11-19,3000000,108981275,"['Jack Nicholson', 'Brad Dourif', 'Louise Fletcher', 'Danny DeVito', 'William Redfield', 'Scatman Crothers']","['mentally disabled', 'friendship', 'based on novel or book', 'nurse', 'lunatic asylum', 'affectation', 'insane asylum', 'oregon, usa']"
8355,Ice Age: Dawn of the Dinosaurs,"['Animation', 'Comedy', 'Family', 'Adventure']",6.8,8834,13.4577,2009-06-26,90000000,886686817,"['Ray Romano', 'John Leguizamo', 'Denis Leary', 'Queen Latifah', 'Simon Pegg', 'Seann William Scott']","['insanity', 'ice age', 'villain', 'bridge', 'sequel', 'jungle', 'prehistory', 'dinosaur']"
373571,Godzilla: King of the Monsters,"['Science Fiction', 'Action']",6.69,6679,14.2545,2019-05-29,170000000,387300138,"['Kyle Chandler', 'Vera Farmiga', 'Millie Bobby Brown', 'Ken Watanabe', 'Zhang Ziyi', 'Bradley Whitford']","['mexico', 'boston, massachusetts', 'giant monster', 'cryptozoology', 'eco terrorism', 'creature feature', 'rodan', 'kaiju']"
822119,Captain America: Brave New World,"['Action', 'Thriller', 'Science Fiction']",5.979,3060,13.3928,2025-02-12,180000000,415101577,"['Anthony Mackie', 'Harrison Ford', 'Danny Ramirez', 'Shira Haas', 'Tim Blake Nelson', 'Carl Lumbly']","['hero', 'usa president', 'the white house', 'superhero', 'based on comic', 'revenge', 'superhuman', 'summit']"
1439930,A Marvel Television Special Presentation - The Punisher: One Last Kill,"['Action', 'Crime', 'Drama']",9.0,3,13.0125,2026-05-12,0,0,"['Jon Bernthal', 'Jason R. Moore', 'Roe Rancell', 'Mila Jaymes', 'Dominick Mancino', 'Nick Koumalatsos']","['based on comic', 'marvel cinematic universe (mcu)', 'vigilantism', 'vigilante justice']"
10195,Thor,"['Adventure', 'Fantasy', 'Action']",6.768,22288,13.6314,2011-04-21,150000000,449326618,"['Chris Hemsworth', 'Natalie Portman', 'Tom Hiddleston', 'Anthony Hopkins', 'Stellan Skarsgård', 'Kat Dennings']","['new mexico', 'superhero', 'redemption', 'banishment', 'based on comic', 'brother against brother', 'norse mythology', 'aftercreditsstinger']"
812,Aladdin,"['Animation', 'Family', 'Adventure', 'Fantasy', 'Romance']",7.653,11983,13.7478,1992-11-25,28000000,504050219,"['Scott Weinger', 'Robin Williams', 'Linda Larkin', 'Jonathan Freeman', 'Gilbert Gottfried', 'Douglas Seale']","['princess', 'magic', 'tiger', 'cartoon', 'villain', 'parrot', 'sultan', 'flying carpet']"
73861,A Serbian Film,"['Crime', 'Horror', 'Thriller']",5.443,2207,13.6025,2010-01-06,0,0,"[""Srđan 'Žika' Todorović"", 'Sergej Trifunović', 'Jelena Gavrilović', 'Slobodan Beštić', 'Katarina Žutić', 'Anđela Nenadović']","['mask', 'pedophilia', 'suicide', 'pornography', 'rape', 'sexual abuse', 'sadism', 'necrophilia']"
666277,Past Lives,"['Drama', 'Romance']",7.709,2296,11.0506,2023-06-02,12000000,28126646,"['Greta Lee', 'Teo Yoo', 'John Magaro', 'Moon Seung-ah', 'Leem Seung-min', 'Yoon Ji-hye']","['new york city', 'immigrant', 'friendship', 'nostalgia', 'woman between two men', 'interracial marriage', 'fate', 'playwright']"
411,"The Chronicles of Narnia: The Lion, the Witch and the Wardrobe","['Adventure', 'Family', 'Fantasy']",7.134,11459,13.6751,2005-12-07,180000000,745013115,"['William Moseley', 'Anna Popplewell', 'Skandar Keynes', 'Georgie Henley', 'Liam Neeson', 'Tilda Swinton']","['witch', 'sibling relationship', 'saving the world', 'based on novel or book', 'self sacrifice', 'winter', 'fairy tale', 'allegory']"
1275779,Disclosure Day,"['Mystery', 'Science Fiction', 'Thriller']",0.0,0,14.2181,2026-06-10,0,0,"['Emily Blunt', ""Josh O'Connor"", 'Colin Firth', 'Eve Hewson', 'Colman Domingo', 'Wyatt Russell']","['alien', 'alien invasion']"
1325678,Sarah's Oil,['Drama'],8.133,83,13.4032,2025-11-06,18000000,11675627,"['Naya Desir-Johnson', 'Sonequa Martin-Green', 'Zachary Levi', 'Garret Dillahunt', 'Bridget Regan', 'Kenric Green']","['based on novel or book', 'based on true story', 'oil', 'pre-teen', '1900s', 'adult child friendship', 'christian faith', 'independent film']"
854,The Mask,"['Comedy', 'Fantasy', 'Crime', 'Romance']",6.985,11209,12.2986,1994-07-29,23000000,351583407,"['Jim Carrey', 'Peter Riegert', 'Peter Greene', 'Amy Yasbeck', 'Richard Jeni', 'Orestes Matacena']","['dual identity', 'bank', 'superhero', 'mockery', 'transformation', 'villain', 'surrealism', 'based on comic']"
1007401,Mortal Kombat Legends: Snow Blind,"['Animation', 'Action', 'Fantasy']",7.8,233,12.7887,2022-10-09,0,0,"['Manny Jacinto', 'David Wenham', 'Artt Butler', 'Yuri Lowenthal', 'Sumalee Montano', 'Patrick Seitz']","['martial arts', 'fighting', 'based on video game', 'adult animation', 'extreme blood']"
507086,Jurassic World Dominion,"['Adventure', 'Science Fiction', 'Thriller']",6.602,7015,12.794,2022-06-01,465000000,1004004592,"['Chris Pratt', 'Bryce Dallas Howard', 'Laura Dern', 'Sam Neill', 'Jeff Goldblum', 'DeWanda Wise']","['paleontology', 'giant monster', 'sequel', 'survival', 'dinosaur', 'scientist', 'child kidnapping', 'animal sanctuary']"
381284,Hidden Figures,"['Drama', 'History']",8.04,10391,12.461,2016-12-10,25000000,235957472,"['Taraji P. Henson', 'Octavia Spencer', 'Janelle Monáe', 'Kevin Costner', 'Kirsten Dunst', 'Jim Parsons']","['nasa', 'mathematics', 'sexism', 'biography', 'racial segregation', 'racism', 'historical fiction', 'scientist']"
5879,In the Realm of the Senses,"['Drama', 'Romance']",6.58,724,14.0556,1976-09-15,0,7650000,"['Eiko Matsuda', 'Tatsuya Fuji', 'Aoi Nakajima', 'Yasuko Matsui', 'Meika Seri', 'Kanae Kobayashi']","['japan', 'pornography', 'jealousy', 'geisha', 'brothel', 'eroticism', 'sake', 'longing']"
1891,The Empire Strikes Back,"['Adventure', 'Action', 'Science Fiction']",8.393,18346,13.1211,1980-05-20,18000000,538400000,"['Mark Hamill', 'Harrison Ford', 'Carrie Fisher', 'Billy Dee Williams', 'Anthony Daniels', 'David Prowse']","['rebellion', 'android', 'spacecraft', 'asteroid', 'rebel', 'space battle', 'snowstorm', 'space colony']"
1734,The Mummy Returns,"['Adventure', 'Action', 'Fantasy']",6.398,7636,11.8836,2001-05-04,98000000,443280904,"['Brendan Fraser', 'Rachel Weisz', 'John Hannah', 'Oded Fehr', 'Arnold Vosloo', 'Patricia Velásquez']","['egypt', 'pyramid', 'son', 'mummy', 'nile', 'sequel', 'tomb', 'ancient egypt']"
105864,The Good Dinosaur,"['Adventure', 'Animation', 'Family']",6.739,5964,11.4433,2015-11-14,175000000,332207671,"['Frances McDormand', 'Raymond Ochoa', 'Jeffrey Wright', 'Steve Zahn', 'Sam Elliott', 'Anna Paquin']","['friendship', 'tyrannosaurus rex', 'cartoon', 'friends', 'alternate history', 'dinosaur', 'fear', 'storm']"
85,Raiders of the Lost Ark,"['Adventure', 'Action']",7.923,13588,12.1018,1981-06-12,18000000,389925971,"['Harrison Ford', 'Karen Allen', 'Paul Freeman', 'John Rhys-Davies', 'Ronald Lacey', 'Wolf Kahler']","['egypt', 'treasure', 'medallion', 'swastika', 'saving the world', 'nepal', 'himalaya mountain range', 'cairo']"
82702,How to Train Your Dragon 2,"['Fantasy', 'Action', 'Adventure', 'Animation', 'Family']",7.679,10391,11.7012,2014-06-05,145000000,621537519,"['Jay Baruchel', 'Cate Blanchett', 'Gerard Butler', 'Craig Ferguson', 'America Ferrera', 'Jonah Hill']","['rescue', 'husband wife relationship', 'sacrifice', 'parent child relationship', 'loss of loved one', 'villain', 'melancholy', 'vikings (norsemen)']"
1314786,Agent Zeta,"['Drama', 'Thriller']",6.607,140,12.1848,2026-03-20,0,0,"['Mario Casas', 'Mariela Garriga', 'Luis Zahera', 'Nora Navas', 'Christian Tappan', 'Cristina Umaña']","['spy thriller', 'disheartening']"
18,The Fifth Element,"['Science Fiction', 'Action', 'Adventure']",7.568,11644,11.8817,1997-05-02,90000000,263920180,"['Bruce Willis', 'Milla Jovovich', 'Gary Oldman', 'Ian Holm', 'Chris Tucker', 'Luke Perry']","['new york city', 'flying car', 'taxi', 'egypt', 'race against time', 'saving the world', 'cyborg', 'dystopia']"
232672,Blended,"['Comedy', 'Romance']",6.891,3789,14.2725,2014-05-21,40000000,128000000,"['Adam Sandler', 'Drew Barrymore', 'Kevin Nealon', 'Terry Crews', 'Wendi McLendon-Covey', 'Bella Thorne']","['single parent', 'baseball', 'extreme sports', 'safari', 'south africa', 'blind date', 'romcom', 'wildlife']"
1575337,Cosmic Princess Kaguya!,"['Animation', 'Fantasy', 'Music', 'Science Fiction']",8.283,76,12.3901,2026-01-22,0,0,"['Yuko Natsuyoshi', 'Anna Nagase', 'Saori Hayami', 'Miyu Irino', 'Yuma Uchida', 'Yoshitsugu Matsuoka']","['time travel', 'anime', 'virtual world', 'idol', 'science fantasy']"
514847,The Hunt,"['Action', 'Thriller', 'Horror']",6.643,3617,13.2024,2020-03-11,14000000,12400979,"['Betty Gilpin', 'Hilary Swank', 'Ethan Suplee', 'Teri Wyble', 'Ike Barinholtz', 'Wayne Duvall']","['dark comedy', 'gore', 'satire', 'survival', 'murder', 'survival horror', 'political', 'death game']"
940551,Migration,"['Family', 'Comedy', 'Adventure', 'Animation']",7.3,2228,12.7411,2023-12-06,72000000,298776052,"['Kumail Nanjiani', 'Elizabeth Banks', 'Caspar Jennings', 'Tresi Gazal', 'Awkwafina', 'Carol Kane']","['duck', 'villain', 'migration', 'flight', 'anthropomorphism', 'family', 'animals', 'chef']"
8392,My Neighbor Totoro,"['Fantasy', 'Animation', 'Family']",8.061,8769,12.6099,1988-04-16,3700000,41000000,"['Noriko Hidaka', 'Chika Sakamoto', 'Hitoshi Takagi', 'Shigesato Itoi', 'Sumi Shimamoto', 'Tanie Kitabayashi']","['mother', 'sibling relationship', 'village', 'leave', 'rural area', 'hospital', 'new neighbor', 'new home']"
449985,Triple Threat,"['Thriller', 'Action']",6.422,641,11.9377,2019-03-19,10000000,94160344,"['Tony Jaa', 'Tiger Chen Hu', 'Iko Uwais', 'Scott Adkins', 'Michael Jai White', 'Michael Bisping']","['martial arts', 'hitman', 'fight', 'organized crime', 'criminal syndicate', 'southeast asia', 'hand to hand combat', 'armed conflict']"
1064213,Anora,"['Drama', 'Comedy', 'Romance']",7.064,3114,13.758,2024-10-14,6000000,56286295,"['Mikey Madison', 'Mark Eydelshteyn', 'Yura Borisov', 'Karren Karagulian', 'Vache Tovmasyan', 'Luna Sofía Miranda']","[""new year's eve"", 'new york city', 'marriage', 'boardwalk', 'baptism', 'strip club', 'coney island', 'female protagonist']"
588228,The Tomorrow War,"['Action', 'Science Fiction', 'Adventure']",7.47,4080,12.427,2021-09-03,200000000,14400000,"['Chris Pratt', 'Yvonne Strahovski', 'J.K. Simmons', 'Betty Gilpin', 'Sam Richardson', 'Edwin Hodge']","['world cup', 'time travel', 'global warming', 'glacier', 'alien', 'alien invasion', 'military', 'future war']"
78,Blade Runner,"['Science Fiction', 'Drama', 'Thriller']",7.938,14932,13.3619,1982-06-25,28000000,41722424,"['Harrison Ford', 'Rutger Hauer', 'Sean Young', 'Edward James Olmos', 'M. Emmet Walsh', 'Daryl Hannah']","['android', 'flying car', 'bounty hunter', 'artificial intelligence (a.i.)', 'genetics', 'based on novel or book', 'dystopia', 'melancholy']"
1254808,Nouvelle Vague,"['Comedy', 'Drama', 'History']",7.32,205,11.3728,2025-10-08,9900000,0,"['Guillaume Marbeck', 'Zoey Deutch', 'Aubry Dullin', 'Adrien Rouyard', 'Antoine Besson', 'Jodie Ruth-Forest']","['based on true story', 'filmmaking', 'french new wave']"
300496,Nefeli,['Romance'],3.571,7,9.5965,1980-01-01,10000000,0,"['Rosana Caskan', 'Alejandra Grepi', 'Tania Moshito', 'Kleo Zamidis', 'Dimitris Tsaftaridis', 'Lefteris Giftopoulos']","['lesbian sex', 'erotic movie', 'nude beach']"
489,Good Will Hunting,['Drama'],8.161,13777,12.4791,1997-12-05,10000000,225933435,"['Matt Damon', 'Robin Williams', 'Ben Affleck', 'Stellan Skarsgård', 'Minnie Driver', 'Casey Affleck']","['boston, massachusetts', 'mathematics', 'genius', 'male friendship', 'flashback', 'psychologist', 'janitor', 'dating']"
519465,Queen of Hearts,['Drama'],6.9,376,12.0532,2019-03-27,19000000,0,"['Trine Dyrholm', 'Gustav Lindh', 'Magnus Krepper', 'Liv Esmår Dannemann', 'Silja Esmår Dannemann', 'Stine Gyldenkerne']","['lawyer', 'incest', 'older woman younger man relationship', 'woman director', 'erotic thriller', 'unfaithful wife', 'age-gap relationship', 'stepmother stepson relationship']"
2832,Identity,"['Mystery', 'Thriller']",7.18,4328,12.2355,2003-04-25,28000000,90259536,"['John Cusack', 'Ray Liotta', 'Amanda Peet', 'John Hawkes', 'Alfred Molina', 'Clea DuVall']","['prostitute', 'prisoner', 'psychopath', 'nevada', 'detective', 'rain', 'motel', 'weather']"
150689,Cinderella,"['Romance', 'Fantasy', 'Family', 'Drama']",6.823,7379,14.0374,2015-03-06,95000000,543514353,"['Lily James', 'Cate Blanchett', 'Richard Madden', 'Stellan Skarsgård', 'Holliday Grainger', 'Sophie McShera']","['magic', 'kingdom', 'fairy tale', 'prince', 'royalty', 'orphan', 'cruelty', 'lost shoe']"
1034541,Terrifier 3,['Horror'],6.784,1932,11.7612,2024-10-09,2000000,90322103,"['Lauren LaVera', 'David Howard Thornton', 'Samantha Scaffidi', 'Elliott Fullam', 'Margaret Anne Florence', 'Bryce Johnson']","['monster', 'post-traumatic stress disorder (ptsd)', 'angel', 'shower', 'child murder', 'santa claus', 'college', 'clown']"
311,Once Upon a Time in America,"['Drama', 'Crime']",8.4,6007,12.9428,1984-05-23,30000000,5500000,"['Robert De Niro', 'James Woods', 'Elizabeth McGovern', 'Treat Williams', 'Tuesday Weld', 'Joe Pesci']","['new york city', 'regret', 'lovesickness', 'rape', 'life and death', 'sexual abuse', 'street gang', 'corruption']"
1003596,Avengers: Doomsday,"['Science Fiction', 'Action', 'Adventure']",0.0,0,14.7118,2026-12-16,0,0,"['Robert Downey Jr.', 'Chris Evans', 'Chris Hemsworth', 'Pedro Pascal', 'Paul Rudd', 'Anthony Mackie']","['superhero', 'based on comic', 'sequel', 'superhero team', 'marvel cinematic universe (mcu)']"
62029,Bingo Bongo,['Comedy'],5.7,174,11.2305,1982-12-23,0,0,"['Adriano Celentano', 'Carole Bouquet', 'Felice Andreasi', 'Enzo Robutti', ""Walter D'Amore"", 'Roberto Marelli']",[]
585534,Morning Moon Is Cruel,['Drama'],4.3,3,8.0953,1981-06-21,0,0,"['Mio Takaki', 'Junnosuke Saitô', 'Tsunehiko Watase', 'Bunjaku Han', 'Ikko Furuya', 'Shin Kishida']",[]
932086,Horizon: An American Saga - Chapter 1,"['Western', 'Drama']",6.813,648,12.2081,2024-06-26,50000000,38735702,"['Kevin Costner', 'Sienna Miller', 'Sam Worthington', 'Jena Malone', 'Abbey Lee', 'Michael Rooker']","['montana', 'indigenous', 'brothel', 'new mexico', 'american civil war', 'post civil war', 'american west', '19th century']"
637,Life Is Beautiful,"['Comedy', 'Drama']",8.438,13950,13.109,1997-12-20,20000000,230098753,"['Roberto Benigni', 'Nicoletta Braschi', 'Giorgio Cantarini', 'Giustino Durano', 'Sergio Bini Bustric', 'Marisa Paredes']","['dying and death', 'bookshop', ""love of one's life"", 'nazi', 'self sacrifice', 'loss of loved one', 'italy', 'riddle']"
1043197,Dust Bunny,"['Fantasy', 'Action', 'Horror']",6.741,275,11.5204,2025-12-11,0,928164,"['Mads Mikkelsen', 'Sophie Sloan', 'Sigourney Weaver', 'David Dastmalchian', 'Sheila Atim', 'Caspar Phillipson']","['hitman', 'dark fantasy', 'monster under the bed', 'action horror']"
181812,Star Wars: The Rise of Skywalker,"['Adventure', 'Action', 'Science Fiction']",6.271,10798,11.7086,2019-12-18,489900000,1074144248,"['Carrie Fisher', 'Mark Hamill', 'Daisy Ridley', 'Adam Driver', 'John Boyega', 'Oscar Isaac']",['space opera']
967941,Wicked: For Good,"['Fantasy', 'Adventure', 'Romance']",6.638,967,11.4896,2025-11-19,150000000,539042601,"['Cynthia Erivo', 'Ariana Grande', 'Jeff Goldblum', 'Michelle Yeoh', 'Jonathan Bailey', 'Ethan Slater']","['witch', 'based on novel or book', 'musical', 'female friendship', 'based on play or musical', 'sequel', 'con artist', 'prequel']"
60898,Erotic Ghost Story,"['Fantasy', 'Drama', 'Horror']",6.17,94,12.0946,1990-05-19,0,0,"['Amy Yip Chi-Mei', 'Man Siu', 'Hitomi Kudô', 'Pal Sinn Lap-Man', 'Susan Ha Chi-Chun', '贝塚里美']",[]
419430,Get Out,"['Mystery', 'Thriller', 'Horror']",7.622,18815,11.8798,2017-02-24,4500000,255407969,"['Daniel Kaluuya', 'Allison Williams', 'Catherine Keener', 'Bradley Whitford', 'Caleb Landry Jones', 'Marcus Henderson']","['kidnapping', 'externally controlled action', 'manipulation', 'dark comedy', 'hypnosis', 'parents-in-law', 'satire', 'racist']"
260514,Cars 3,"['Animation', 'Drama', 'Family']",6.855,6356,13.0738,2017-06-15,175000000,383925276,"['Owen Wilson', 'Cristela Alonzo', 'Chris Cooper', 'Nathan Fillion', 'Larry the Cable Guy', 'Armie Hammer']","['sports', 'trainer', 'villain', 'sequel', 'anthropomorphism', 'travel', 'racing', 'high tech']"
629,The Usual Suspects,"['Drama', 'Crime', 'Thriller']",8.17,11359,11.3077,1995-07-19,6000000,23300000,"['Stephen Baldwin', 'Gabriel Byrne', 'Benicio del Toro', 'Kevin Pollak', 'Kevin Spacey', 'Chazz Palminteri']","['new york city', 'robbery', 'relatives', 'heist', 'flashback', 'police corruption', 'whodunit', 'los angeles, california']"
607,Men in Black,"['Action', 'Adventure', 'Comedy', 'Science Fiction']",7.221,14784,10.9057,1997-07-02,90000000,589390539,"['Tommy Lee Jones', 'Will Smith', 'Linda Fiorentino', ""Vincent D'Onofrio"", 'Rip Torn', 'Tony Shalhoub']","['new york city', 'cannon', 'space marine', 'flying saucer', 'undercover', 'secret identity', 'superhero', 'deportation']"
1278,The Dreamers,"['Drama', 'Romance']",7.179,3074,12.4443,2003-10-10,15000000,15100000,"['Michael Pitt', 'Eva Green', 'Louis Garrel', 'Anna Chancellor', 'Robin Renucci', 'Jean-Pierre Kalfon']","['hotel', 'first time', 'paris, france', 'love triangle', ""students' movement"", 'sexuality', 'bathing', 'flat']"
772,Home Alone 2: Lost in New York,"['Comedy', 'Family', 'Adventure']",6.784,10582,11.5279,1992-11-15,18000000,358994850,"['Macaulay Culkin', 'Joe Pesci', 'Daniel Stern', ""Catherine O'Hara"", 'John Heard', 'Brenda Fricker']","['new york city', 'burglar', 'holiday', 'family relationships', 'sequel', 'slapstick comedy', 'little boy', 'home invasion']"
4232,Scream,"['Crime', 'Horror', 'Mystery']",7.43,7905,12.6111,1996-12-20,14000000,173046663,"['David Arquette', 'Neve Campbell', 'Courteney Cox', 'Matthew Lillard', 'Rose McGowan', 'Skeet Ulrich']","['high school', 'small town', 'riddle', 'killing', 'halloween', 'house party', 'serial killer', 'school']"
273481,Sicario,"['Action', 'Crime', 'Thriller']",7.418,9509,13.2211,2015-09-17,30000000,84997446,"['Emily Blunt', 'Benicio del Toro', 'Josh Brolin', 'Victor Garber', 'Jon Bernthal', 'Daniel Kaluuya']","['mission', 'assassin', 'central intelligence agency (cia)', 'mexico', 'corruption', 'bomb', 'fbi', 'smoking']"
568124,Encanto,"['Animation', 'Comedy', 'Family', 'Fantasy']",7.569,10166,11.7124,2021-10-13,150000000,261292688,"['Stephanie Beatriz', 'María Cecilia Botero', 'John Leguizamo', 'Diane Guerrero', 'Jess Darrow', 'Carolina Gaitán']","['strong woman', 'magic', 'sadness', 'immigration', 'supernatural', 'beauty', 'musical', 'big family']"
50014,The Help,['Drama'],8.199,8989,12.0159,2011-08-09,25000000,216600000,"['Emma Stone', 'Viola Davis', 'Bryce Dallas Howard', 'Octavia Spencer', 'Jessica Chastain', ""Ahna O'Reilly""]","['based on novel or book', 'mississippi river', 'exploitation', 'racial segregation', 'racism', 'writer', 'maid', 'moral courage']"
1035259,The Naked Gun,"['Action', 'Comedy', 'Crime']",6.366,1675,11.8994,2025-07-30,42000000,102147396,"['Liam Neeson', 'Pamela Anderson', 'Paul Walter Hauser', 'Danny Huston', 'CCH Pounder', 'Kevin Durand']","['sequel', 'slapstick comedy', 'spoof', 'reboot', 'aftercreditsstinger', 'duringcreditsstinger', 'action comedy']"
578,Jaws,"['Horror', 'Thriller', 'Adventure']",7.681,11484,13.2787,1975-06-20,7000000,470653000,"['Roy Scheider', 'Robert Shaw', 'Richard Dreyfuss', 'Lorraine Gary', 'Murray Hamilton', 'Carl Gottlieb']","['dying and death', 'beach', 'based on novel or book', 'bathing', 'shipwreck', 'fishing', 'atlantic ocean', 'shark attack']"
508442,Soul,"['Animation', 'Family', 'Drama', 'Music', 'Fantasy']",8.093,11362,12.4413,2020-12-25,150000000,121977511,"['Jamie Foxx', 'Tina Fey', 'Graham Norton', 'Rachel House', 'Alice Braga', 'Richard Ayoade']","['new york city', 'jazz', 'musician', 'cat', 'self-discovery', 'jazz singer or musician', 'teacher', 'aftercreditsstinger']"
10191,How to Train Your Dragon,"['Fantasy', 'Adventure', 'Animation', 'Family']",7.858,14316,12.1351,2010-03-18,165000000,495141736,"['Jay Baruchel', 'Gerard Butler', 'Craig Ferguson', 'America Ferrera', 'Jonah Hill', 'Christopher Mintz-Plasse']","['friendship', 'ship', 'blacksmith', 'island', 'based on novel or book', 'flying', 'arena', 'village']"
9470,Kung Fu Hustle,"['Action', 'Comedy', 'Crime', 'Fantasy']",7.5,3155,12.2157,2004-02-10,20000000,102034104,"['Stephen Chow', 'Yuen Qiu', 'Yuen Wah', 'Lam Tze-Chung', 'Bruce Leung Siu-Lung', 'Eva Huang Shengyi']","['martial arts', 'china', 'magic', 'gangster', 'mafia', 'defense', 'policeman', 'wuxia']"
109428,Evil Dead,['Horror'],6.591,4998,13.3566,2013-04-05,17000000,99010045,"['Jane Levy', 'Shiloh Fernandez', 'Lou Taylor Pucci', 'Jessica Lucas', 'Elizabeth Blackmore', 'Phoenix Connolly']","['evil spirit', 'remake', 'demon', 'survival horror', 'book of the dead', 'necronomicon', 'aftercreditsstinger', 'duringcreditsstinger']"
577922,Tenet,"['Action', 'Thriller', 'Science Fiction']",7.175,11057,11.9694,2020-08-22,205000000,365304105,"['John David Washington', 'Robert Pattinson', 'Elizabeth Debicki', 'Kenneth Branagh', 'Dimple Kapadia', 'Michael Caine']","['assassin', 'espionage', 'spy', 'time travel', 'mumbai (bombay), india', 'arms dealer', 'terrorism', 'terrorist attack']"
619979,Deep Water,"['Drama', 'Mystery', 'Thriller']",5.8,1628,12.6287,2022-03-17,49000000,0,"['Ben Affleck', 'Ana de Armas', 'Tracy Letts', 'Lil Rel Howery', 'Dash Mihok', 'Finn Wittrock']","['infidelity', 'jealousy', 'based on novel or book', 'marriage', 'dysfunctional marriage', 'murder', 'cuckold', 'jealous husband']"
1895,Star Wars: Episode III - Revenge of the Sith,"['Adventure', 'Action', 'Science Fiction']",7.465,14881,11.203,2005-05-17,113000000,850000000,"['Hayden Christensen', 'Ewan McGregor', 'Natalie Portman', 'Ian McDiarmid', 'Samuel L. Jackson', 'Jimmy Smits']","['showdown', 'lava', 'fight', 'politics', 'volcano', 'chosen one', 'sequel', 'romance']"
855,Black Hawk Down,"['Action', 'War', 'History']",7.393,6332,12.6612,2001-12-28,92000000,172989651,"['Josh Hartnett', 'Eric Bana', 'Ewan McGregor', 'Tom Sizemore', 'William Fichtner', 'Sam Shepard']","['based on novel or book', 'ambush', 'chaos', 'militia', 'prisoner of war', 'wound', 'somalia', 'warlord']"
493922,Hereditary,"['Horror', 'Mystery', 'Thriller']",7.293,8530,12.3948,2018-06-07,10000000,87796204,"['Toni Collette', 'Alex Wolff', 'Gabriel Byrne', 'Milly Shapiro', 'Ann Dowd', 'Mallory Bechtel']","['daughter', 'funeral', 'parent child relationship', 'loss of loved one', 'ritual', 'supernatural', 'possession', 'dysfunctional family']"
558449,Gladiator II,"['Action', 'Adventure', 'Drama']",6.6,4374,12.8585,2024-11-13,310000000,462180717,"['Paul Mescal', 'Denzel Washington', 'Pedro Pascal', 'Connie Nielsen', 'Joseph Quinn', 'Fred Hechinger']","['gladiator', 'roman empire', 'ancient rome', 'sequel', 'epic battle', 'family legacy', '3rd century', 'fallen hero']"
1584215,The Internship,['Action'],6.176,68,11.3889,2026-01-13,0,0,"['Lizzy Greene', 'Megan Boone', 'Sky Katz', 'Philip Winchester', 'Alix Villaret', 'Ollie Roddy']","['undercover agent', 'secret mission', 'double identity', 'special power', 'international espionage', 'cia agent', 'covert operations', 'fsb agent']"
11770,Shaolin Soccer,"['Action', 'Comedy']",7.153,2510,12.2892,2001-07-05,10000005,42776760,"['Stephen Chow', 'Richard Ng Man-Tat', 'Vicky Zhao', 'Patrick Tse Yin', 'Karen Mok Man-Wai', 'Wong Yat-Fei']","['martial arts', 'kung fu', 'sports', 'steel helmet', 'stadium', 'champion', 'shaolin', 'football (soccer)']"
1497970,Tom and Jerry: Forbidden Compass,"['Animation', 'Comedy', 'Family', 'Fantasy', 'Adventure']",6.658,38,11.7942,2025-08-02,0,2514818,"['Jiang Wen', 'Shun Zi', 'Lan Long', 'Tu Xiongfei', 'Li Baixin', 'Li Hanlin']","['museum', 'time travel', 'cat and mouse', 'foreign language adaptation', 'anthropomorphic animal']"
184315,Hercules,"['Action', 'Adventure']",5.799,4331,10.6546,2014-07-23,100000000,244819862,"['Dwayne Johnson', 'Ian McShane', 'John Hurt', 'Rufus Sewell', 'Aksel Hennie', 'Ingrid Bolsø Berdal']","['killing', 'mercenary', 'past', 'based on comic', 'battle', 'ancient greece', 'hercules', 'peplum']"
75656,Now You See Me,"['Thriller', 'Crime']",7.331,16725,12.2089,2013-05-29,75000000,351723989,"['Jesse Eisenberg', 'Woody Harrelson', 'Isla Fisher', 'Dave Franco', 'Mark Ruffalo', 'Mélanie Laurent']","['new york city', 'paris, france', 'escape', 'magic', 'bank', 'fbi', 'vault', 'new orleans, louisiana']"
204082,Homefront,"['Action', 'Thriller']",6.938,3815,14.275,2013-11-12,22000000,51695362,"['Jason Statham', 'James Franco', 'Izabela Vidovic', 'Kate Bosworth', 'Marcus Hester', 'Clancy Brown']","['drug dealer', 'daughter', 'based on novel or book', 'police', 'parent child relationship', 'police operation', 'ex-cop', 'bayou']"
9470,Kung Fu Hustle,"['Action', 'Comedy', 'Crime', 'Fantasy']",7.5,3155,12.2157,2004-02-10,20000000,102034104,"['Stephen Chow', 'Yuen Qiu', 'Yuen Wah', 'Lam Tze-Chung', 'Bruce Leung Siu-Lung', 'Eva Huang Shengyi']","['martial arts', 'china', 'magic', 'gangster', 'mafia', 'defense', 'policeman', 'wuxia']"
298618,The Flash,"['Action', 'Science Fiction', 'Adventure']",6.614,4965,11.7479,2023-06-13,220000000,271333313,"['Ezra Miller', 'Sasha Calle', 'Michael Keaton', 'Michael Shannon', 'Ron Livingston', 'Maribel Verdú']","['secret identity', 'superhero', 'time travel', 'based on comic', 'superhuman', 'super power', 'aftercreditsstinger', 'time paradox']"
146233,Prisoners,"['Drama', 'Thriller', 'Crime']",8.104,13004,11.8509,2013-09-19,46000000,122127446,"['Hugh Jackman', 'Jake Gyllenhaal', 'Viola Davis', 'Maria Bello', 'Terrence Howard', 'Melissa Leo']","['pennsylvania, usa', 'kidnapping', 'hostage', 'detective', 'maze', 'symbolism', 'investigation', 'georgia']"
1492108,Kandungan,"['Romance', 'Drama']",7.5,4,17.719,2025-07-22,0,0,"['Arah Alonzo', 'Nico Locco', 'Rica Gonzales', 'Racquel Enriquez', 'Zsa Zsa Zobel', 'Erica Dales']","[""girls' love (gl)"", 'sexy']"
1422,The Departed,"['Drama', 'Thriller', 'Crime']",8.16,16132,12.411,2006-10-04,90000000,291465000,"['Leonardo DiCaprio', 'Matt Damon', 'Jack Nicholson', 'Mark Wahlberg', 'Martin Sheen', 'Ray Winstone']","['police', 'undercover', 'boston, massachusetts', 'gangster', 'irish-american', 'crime boss', 'friends', 'remake']"
1206008,Ella McCay,"['Comedy', 'Drama']",5.535,113,7.3965,2025-12-11,35000000,4546837,"['Emma Mackey', 'Jamie Lee Curtis', 'Jack Lowden', 'Kumail Nanjiani', 'Ayo Edebiri', 'Spike Fearn']","['politics', 'aunt', 'dysfunctional family', 'political scandal', 'governer', 'absurd', 'ambiguous', 'baffled']"
24,Kill Bill: Vol. 1,"['Action', 'Crime']",7.971,18861,12.8099,2003-10-10,30000000,180906076,"['Uma Thurman', 'Lucy Liu', 'Vivica A. Fox', 'Daryl Hannah', 'David Carradine', 'Michael Madsen']","['martial arts', 'japan', 'kung fu', 'sword', 'yakuza', 'sword fight', 'revenge', 'vigilante']"
1315772,Minions & Monsters,"['Adventure', 'Animation', 'Comedy', 'Family', 'Fantasy']",0.0,0,12.7065,2026-06-24,0,0,"['Pierre Coffin', 'Trey Parker', 'Allison Janney', 'Christoph Waltz', 'Jeff Bridges', 'Jesse Eisenberg']","['sequel', 'hollywood', 'monsters']"
1120368,Horizon: An American Saga - Chapter 2,"['Western', 'Drama']",7.5,10,11.9365,2024-09-07,50000000,0,"['Kevin Costner', 'Sienna Miller', 'Sam Worthington', 'Giovanni Ribisi', 'Abbey Lee', 'Michael Rooker']","['utah', 'american civil war', 'post civil war', 'american west', '19th century', '1860s', 'historical epic']"
851644,20th Century Girl,"['Romance', 'Drama']",8.147,811,11.864,2022-10-06,119,0,"['Kim Yoo-jung', 'Byeon Woo-seok', 'Park Jung-woo', 'Roh Yoon-seo', 'Kim Sung-kyung', 'Jeong Seok-yong']","['friendship', 'love triangle', 'melancholy', 'coming of age', 'unrequited love', 'teenage girl', 'tearjerker', 'first love']"
1491902,Bang,"['Action', 'Thriller']",6.551,78,12.0,2025-07-11,0,0,"['Jack Kesy', 'Peter Weller', 'Tristin Mays', 'Kane Kosugi', 'Steve Bastoni', 'Tofan Pirani']",['hitman']
46195,Rio,"['Animation', 'Adventure', 'Comedy', 'Family']",6.764,7151,11.3741,2011-04-03,90000000,483866772,"['Jesse Eisenberg', 'Anne Hathaway', 'Leslie Mann', 'Jane Lynch', 'will.i.am', 'George López']","['rio de janeiro', 'pet', 'villain', 'carnival', 'parrot', 'musical', 'canary', 'jungle']"
10830,Matilda,"['Comedy', 'Family', 'Fantasy']",7.175,4789,12.0657,1996-08-02,36000000,33500000,"['Mara Wilson', 'Danny DeVito', 'Rhea Perlman', 'Embeth Davidtz', 'Pam Ferris', 'Paul Reubens']","['based on novel or book', 'parent child relationship', 'classroom', 'difficult childhood', 'child prodigy', 'childhood trauma', 'dysfunctional family', 'telekinesis']"
9769,Lolita,"['Drama', 'Romance']",7.108,1956,12.0728,1997-09-27,62000000,1100000,"['Jeremy Irons', 'Dominique Swain', 'Melanie Griffith', 'Frank Langella', 'Suzanne Shepherd', 'Keith Reddin']","['jealousy', 'based on novel or book', 'police', 'obsession', 'professor', 'blackmail', 'seduction', 'road trip']"
1071585,M3GAN 2.0,"['Action', 'Science Fiction', 'Thriller']",7.202,1299,12.5236,2025-06-25,15000000,39173710,"['Allison Williams', 'Amie Donald', 'Violet McGraw', 'Jenna Davis', 'Brian Jordan Alvarez', 'Jen Van Epps']","['android', 'artificial intelligence (a.i.)', 'fight', 'killer robot', 'beheading', 'electromagnetic pulse', 'sequel', 'evil doll']"
47423,Once a Thief,"['Action', 'Comedy', 'Thriller', 'Crime']",6.8,178,14.3518,1991-02-02,0,4303351,"['Chow Yun-Fat', 'Leslie Cheung', 'Cherie Chung Cho-Hung', 'Paul Chu Kong', 'Kenneth Tsang', 'Woo Fung']",[]
1034062,Mortal Kombat Legends: Cage Match,"['Animation', 'Action', 'Fantasy']",6.8,148,11.6208,2023-10-17,0,0,"['Joel McHale', 'Jennifer Grey', 'Dusan Brown', 'Grey DeLisle', 'Robin Atkin Downes', 'Zehra Fazal']","['martial arts', 'fighting', 'based on video game', 'adult animation', 'extreme blood']"
324552,John Wick: Chapter 2,"['Action', 'Thriller', 'Crime']",7.337,14196,11.5379,2017-02-08,40000000,171539887,"['Keanu Reeves', 'Common', 'Laurence Fishburne', 'Riccardo Scamarcio', 'Ruby Rose', 'Lance Reddick']","['martial arts', 'assassin', 'rome, italy', 'hitman', 'roof', 'secret organization', 'sequel', 'revenge']"
696506,Mickey 17,"['Science Fiction', 'Comedy', 'Adventure']",6.831,3496,11.947,2025-02-28,118000000,133542263,"['Robert Pattinson', 'Naomi Ackie', 'Steven Yeun', 'Mark Ruffalo', 'Toni Collette', 'Anamaria Vartolomei']","['based on novel or book', 'dark comedy', 'space travel', 'betrayal', 'alien planet', 'creature', 'space adventure', 'human clone']"
57158,The Hobbit: The Desolation of Smaug,"['Fantasy', 'Adventure', 'Action']",7.6,14149,11.0771,2013-12-11,250000000,958400000,"['Ian McKellen', 'Martin Freeman', 'Richard Armitage', 'Benedict Cumberbatch', 'Orlando Bloom', 'Evangeline Lilly']","['gold', 'lake', 'based on novel or book', 'elves', 'dwarf', 'shapeshifting', 'mountain', 'giant spider']"
1232221,Mother-in-law in Love With Son-in-law 4,['Romance'],4.0,1,13.0647,2023-12-26,0,0,"['Lee Chae-dam', 'Ji Won', 'Yoon Taek-seung', 'Im Tae-mok']",['softcore']
963261,"Son's Girlfriend, Daddy's Girlfriend 2",['Romance'],4.0,2,12.2832,2022-04-01,0,0,"['Yoo Jung', 'Kim Soo-ji', 'Lee Chae-dam', 'Cha Myung-Hoon', 'Park Do-jin']",['softcore']
1610418,The House on Haunted Grounds,['Horror'],5.8,7,11.4661,2026-01-09,0,0,"['Logan Wallace', 'Andrew Thomas', 'Stuart Maxheimer', 'Cashmere Moniqué', 'Dylan DeVane', 'Brent Downs']","['haunted house', 'possession', 'paranormal', 'found footage', 'clowns']"
546554,Knives Out,"['Comedy', 'Crime', 'Mystery']",7.84,13954,13.4359,2019-11-27,40000000,312897920,"['Daniel Craig', 'Chris Evans', 'Ana de Armas', 'Jamie Lee Curtis', 'Michael Shannon', 'Don Johnson']","['immigrant', 'detective', 'massachusetts', 'investigation', 'big family', 'mansion', 'whodunit', 'family home']"
1588846,Ekis,['Drama'],6.2,4,11.893,2025-12-19,0,0,"['Angela Morena', 'Cheena Dizon', 'Aliya Raymundo', 'Astrid Lee', 'Arnold Reyes', 'Cess Garcia']",['sexy']
1266990,Kulong,['Drama'],6.417,18,11.4635,2024-05-24,0,0,"['Jenn Rosa', 'Aica Veloso', 'Cariz Manzano', 'JD Aguas', 'Ralph Engle', 'Ghion Layug']","['lesbian relationship', 'lgbt', 'lesbian', ""girls' love (gl)"", 'lesbian romance', 'sexy']"
85877,The 33D Invader,"['Comedy', 'Science Fiction']",5.7,32,12.2941,2011-10-06,0,0,"['Wu Qing-Qing', 'Chen Jun-Yan', 'Akiho Yoshizawa', 'Taka Katou', 'Ya-Wen Hsueh', 'Monna Lam Yi-Chi']","['time travel', 'bikini', 'semen', 'sex']"
646380,Don't Look Up,"['Comedy', 'Science Fiction', 'Drama']",7.065,9294,11.3264,2021-12-08,75000000,791863,"['Leonardo DiCaprio', 'Jennifer Lawrence', 'Meryl Streep', 'Cate Blanchett', 'Rob Morgan', 'Jonah Hill']","['artificial intelligence (a.i.)', 'the white house', 'asteroid', 'climate change', 'satire', 'global warming', 'comet', 'end of the world']"
297090,The Torture Club,"['Drama', 'Comedy']",5.2,50,11.4679,2014-07-19,0,0,"['Noriko Kohara', 'Haruna Yoshizumi', 'Yuki Mamiya', 'Mika Yano', 'Nami Motoyama', 'Kanako Mochida']","['bondage', 'lesbian relationship', 'torture', 'based on manga', 'teenage sexuality', 'bdsm', 'lesbian', ""girls' love (gl)""]"
667538,Transformers: Rise of the Beasts,"['Science Fiction', 'Adventure', 'Action']",7.171,5248,10.9359,2023-06-06,195000000,441381193,"['Anthony Ramos', 'Dominique Fishback', 'Peter Cullen', 'Ron Perlman', 'Peter Dinklage', 'Michelle Yeoh']","['peru', 'alien', 'end of the world', 'based on toy', 'giant robot', 'robot', 'duringcreditsstinger', '1990s']"
1022787,Elio,"['Adventure', 'Animation', 'Comedy', 'Family', 'Science Fiction']",6.918,961,11.0136,2025-06-18,150000000,154291182,"['Yonas Kibreab', 'Remy Edgerly', 'Zoe Saldaña', 'Brad Garrett', 'Brandon Moon', 'Jameela Jamil']","['villain', 'alien', 'coming of age', 'computer animation', 'eye patch', 'social outcast', 'aftercreditsstinger', 'beforecreditsstinger']"
137113,Edge of Tomorrow,"['Action', 'Science Fiction']",7.637,14994,11.6304,2014-05-27,178000000,370541256,"['Tom Cruise', 'Emily Blunt', 'Brendan Gleeson', 'Bill Paxton', 'Jonas Armstrong', 'Tony Way']","['deja vu', 'based on novel or book', 'restart', 'military officer', 'dystopia', 'affectation', 'training', 'alien']"
949536,Kill Code,"['Action', 'Thriller', 'Science Fiction']",5.9,10,11.0431,2026-04-16,20000000,19426,"['Franzi Schissler', 'Frank Grillo', 'Harvey Keitel', 'Tyrese Gibson', 'Peter Stormare', 'Jacob Artist']",[]
1813,The Devil's Advocate,"['Horror', 'Drama', 'Mystery']",7.5,6747,10.779,1997-10-17,57000000,153000000,"['Keanu Reeves', 'Al Pacino', 'Charlize Theron', 'Jeffrey Jones', 'Judith Ivey', 'Connie Nielsen']","['child abuse', 'southern usa', 'marriage crisis', 'obsession', 'bible', 'seduction', 'hallucination', ""devil's son""]"
562,Die Hard,"['Action', 'Thriller']",7.81,12237,11.8539,1988-07-15,28000000,140767956,"['Bruce Willis', 'Alan Rickman', 'Alexander Godunov', 'Bonnie Bedelia', 'Reginald VelJohnson', 'Paul Gleason']","['husband wife relationship', 'based on novel or book', 's.w.a.t.', 'fbi', 'christmas party', 'vault', 'heist', 'murder']"
59,A History of Violence,"['Drama', 'Thriller', 'Crime']",7.163,3704,11.7908,2005-09-23,32000000,61477797,"['Viggo Mortensen', 'Maria Bello', 'Ed Harris', 'William Hurt', 'Ashton Holmes', 'Peter MacNeill']","['small town', 'hero', 'robbery', 'indiana, usa', 'distrust', 'philadelphia, pennsylvania', 'dual identity', 'double life']"
539745,Animal Farm,"['Animation', 'Family', 'Comedy']",5.3,6,11.6225,2026-04-30,35000000,3400000,"['Seth Rogen', 'Gaten Matarazzo', 'Woody Harrelson', 'Kieran Culkin', 'Glenn Close', 'Andy Serkis']","['sheep', 'corruption', 'based on novel or book', 'pig', 'horse', 'dictatorship', 'coming of age', 'social satire']"
108258,The Great Mom Swap,"['Comedy', 'TV Movie']",6.8,5,6.3307,1995-09-23,0,0,"['Shelley Fabares', 'Hillary Tuck', 'Valerie Harper', 'Mary Kate Schellhardt', 'Sid Caesar', 'Robert Clohessy']",[]
1123640,Manji Mai 3: I will let you go Paradise Jodo,['Drama'],0.0,0,10.4407,1996-05-18,0,0,"['Hitoe Ootake', 'Taisaku Akino', 'Junko Asahina', 'Ito Yozaburo', 'Hiroyuki Konishi', ""Tommy's Masa""]",[]
640,Catch Me If You Can,"['Drama', 'Crime']",7.977,17024,11.7219,2002-12-16,52000000,352114312,"['Leonardo DiCaprio', 'Tom Hanks', 'Christopher Walken', 'Martin Sheen', 'Nathalie Baye', 'Amy Adams']","['fbi', 'con man', 'biography', 'based on true story', 'con artist', 'chameleon', 'attempted jailbreak', 'engagement party']"
1220564,The Secret Agent,"['Thriller', 'Drama', 'Crime']",7.295,644,12.6993,2025-07-23,5000000,18988224,"['Wagner Moura', 'Tânia Maria', 'Alice Carvalho', 'Maria Fernanda Cândido', 'Gabriel Leone', 'Udo Kier']","['police', 'professor', '1970s', 'secret agent', 'dictatorship', 'on the run', 'recife', 'brazilian politics']"
1489187,You Drive Me Crazy,"['Comedy', 'Romance', 'Fantasy']",7.769,13,9.4851,2025-10-09,0,0,"['Mila Ershova', 'Yuri Nasonov', 'Anton Vasilyev', 'Anton Artemyev', 'Nadezhda Ivanova', 'Lyudmila Artemeva']",[]
423,The Pianist,"['Drama', 'War']",8.374,10096,12.1875,2002-09-17,35000000,120098945,"['Adrien Brody', 'Thomas Kretschmann', 'Frank Finlay', 'Maureen Lipman', 'Emilia Fox', 'Ed Stoppard']","['concert', 'nazi', 'resistance', 'warsaw ghetto', 'polish resistance', 'homeland', 'holocaust (shoah)', 'hunger']"
1302007,Kaulayaw,['Drama'],5.833,6,11.4383,2024-07-18,0,0,"['Micaella Raz', 'Matthew Francisco', 'Robb Guinto', 'Adelaide Sojo', 'Dante Navat', 'Jolly Jamero']","['lesbian relationship', 'lesbian', ""girls' love (gl)"", 'lesbian kiss']"
593643,The Menu,"['Comedy', 'Horror']",7.173,6143,11.8968,2022-11-17,35000000,79628200,"['Anya Taylor-Joy', 'Ralph Fiennes', 'Nicholas Hoult', 'Janet McTeer', 'Paul Adelstein', 'Rob Yang']","['psychopath', 'obsession', 'mass murder', 'restaurant', 'dark comedy', 'revenge', 'food', 'mass suicide']"
140300,Kung Fu Panda 3,"['Animation', 'Action', 'Adventure', 'Comedy', 'Family']",6.923,6552,10.5947,2016-01-23,145000000,521170825,"['Jack Black', 'Bryan Cranston', 'Dustin Hoffman', 'Angelina Jolie', 'J.K. Simmons', 'Jackie Chan']","['martial arts', 'kung fu', 'china', 'fighter', 'village', 'villain', 'sequel', 'panda']"
604,The Matrix Reloaded,"['Adventure', 'Action', 'Thriller', 'Science Fiction']",7.074,11908,10.5911,2003-05-15,150000000,738599701,"['Keanu Reeves', 'Laurence Fishburne', 'Carrie-Anne Moss', 'Hugo Weaving', 'Jada Pinkett Smith', 'Gloria Foster']","['dying and death', 'future', 'mission', 'man vs machine', 'underground world', 'martial arts', 'kung fu', 'hero']"
420817,Aladdin,"['Adventure', 'Fantasy', 'Romance', 'Family']",7.085,10589,11.8583,2019-05-22,183000000,1054304000,"['Will Smith', 'Mena Massoud', 'Naomi Scott', 'Marwan Kenzari', 'Navid Negahban', 'Nasim Pedrad']","['princess', 'hero', 'hustler', 'palace', 'sultan', 'flying carpet', 'musical', 'rags to riches']"
1401778,Turbulence,"['Thriller', 'Action', 'Adventure', 'Drama', 'Fantasy']",6.66,119,11.3076,2025-11-26,0,0,"['Jeremy Irvine', 'Olga Kurylenko', 'Kelsey Grammer', 'Hera Hilmar', 'Lionel Robert Blanc', 'Stuart Whelan']","['italy', 'married couple', 'pilot', 'hot air balloon', 'couple', 'dolomites', 'survival thriller']"
58008,Night Nurse,['Comedy'],5.2,53,12.6056,1979-02-07,0,0,"['Gloria Guida', 'Lino Banfi', 'Alvaro Vitali', 'Leo Colonna', 'Mario Carotenuto', 'Annamaria Clementi']","['nurse', 'sex comedy']"
140607,Star Wars: The Force Awakens,"['Adventure', 'Action', 'Science Fiction']",7.25,20489,11.3293,2015-12-15,245000000,2068223624,"['Daisy Ridley', 'John Boyega', 'Oscar Isaac', 'Adam Driver', 'Carrie Fisher', 'Harrison Ford']","['android', 'spacecraft', 'space opera', 'tuwaderalit']"
1391,Y Tu Mamá También,"['Drama', 'Romance']",7.415,1739,9.7314,2001-06-08,5000000,33600000,"['Maribel Verdú', 'Gael García Bernal', 'Diego Luna', 'Daniel Giménez Cacho', 'Diana Bracho', 'Verónica Langer']","['friendship', 'adolescence', 'beach', 'mexico', 'group sex', 'male friendship', 'road trip', 'coming of age']"
48650,Room in Rome,"['Drama', 'Romance']",6.41,826,11.3298,2010-05-07,0,844281,"['Elena Anaya', 'Natasha Yarovenko', 'Enrico Lo Verso', 'Najwa Nimri', 'Ander Malles', 'Laura Meizoso']","['hotel', 'hotel room', 'rome, italy', 'female friendship', 'one-night stand', 'lesbian sex', 'based on movie', 'lying']"
1592031,The Great Money Robbery,['Crime'],7.0,1,10.2505,2026-05-08,0,0,"['Wu Yue', ""Bao Bei'er"", 'Tan Kai', 'Rui Xiu', 'Daniella Wang', 'Liang Songqing']",[]
466272,Once Upon a Time... in Hollywood,"['Comedy', 'Drama', 'Thriller']",7.421,14781,11.8604,2019-07-24,95000000,392105159,"['Leonardo DiCaprio', 'Brad Pitt', 'Margot Robbie', 'Emile Hirsch', 'Margaret Qualley', 'Timothy Olyphant']","['movie business', 'male friendship', 'cult', 'based on true story', 'celebrity', 'fame', 'hollywood', 'los angeles, california']"
1181678,¿Quieres ser mi hijo?,"['Comedy', 'Romance']",8.453,330,11.3329,2023-09-21,0,0,"['Ludwika Paleta', 'Juanpa Zurita', 'Hernán Mendoza', 'Harold Azuara', 'Agustín Arana', 'Yuriria del Valle']",[]
870028,The Accountant²,"['Mystery', 'Crime', 'Thriller']",7.068,1735,12.6232,2025-04-23,80000000,103223366,"['Ben Affleck', 'Jon Bernthal', 'Cynthia Addai-Robinson', 'J.K. Simmons', 'Allison Robertson', 'Alison Wright']","['hitman', 'autism', 'sequel', 'conspiracy', 'whodunit', 'insecure', 'accountant', 'mysterious death']"
2288,Closer,"['Drama', 'Romance']",6.833,3726,11.5281,2004-12-03,27000000,115505027,"['Jude Law', 'Natalie Portman', 'Julia Roberts', 'Clive Owen', 'Colin Stinton', 'Nick Hobbs']","['infidelity', 'secret love', 'husband wife relationship', 'cheating', 'photographer', 'loss of loved one', 'love at first sight', 'photography']"
615777,Babylon,"['Drama', 'Comedy']",7.357,3751,10.9585,2022-12-22,78000000,65267446,"['Diego Calva', 'Margot Robbie', 'Brad Pitt', 'Jovan Adepo', 'Jean Smart', 'J.C. Currais']","['elephant', 'gambling', 'gambling debt', 'movie business', 'orgy', 'cocaine', 'melancholy', 'champagne']"
490132,Green Book,"['Drama', 'Comedy', 'History']",8.224,12811,12.7271,2018-11-16,23000000,321752656,"['Viggo Mortensen', 'Mahershala Ali', 'Linda Cardellini', 'Sebastian Maniscalco', 'Dimiter D. Marinov', 'Mike Hatton']","['friendship', 'southern usa', 'based on true story', 'road trip', 'racism', 'pianist', 'driver', 'lgbt']"
10009,Brother Bear,"['Adventure', 'Animation', 'Family']",7.273,5735,11.5794,2003-10-23,128000000,250397798,"['Joaquin Phoenix', 'Jeremy Suarez', 'Jason Raize', 'Rick Moranis', 'Dave Thomas', 'D. B. Sweeney']","['friendship', 'sibling relationship', 'transformation', 'grizzly bear', 'inuit', 'bear', 'sibling rivalry', 'turns into animal']"
746036,The Fall Guy,"['Action', 'Comedy', 'Romance']",6.959,3711,10.8007,2024-04-24,125000000,181073291,"['Ryan Gosling', 'Emily Blunt', 'Aaron Taylor-Johnson', 'Hannah Waddingham', 'Teresa Palmer', 'Stephanie Hsu']","['sydney, australia', 'movie business', 'stuntman', 'missing person', 'aftercreditsstinger', 'duringcreditsstinger', 'action comedy', 'based on tv series']"
1242332,Normal,"['Action', 'Crime', 'Thriller']",7.1,27,12.5828,2026-04-16,10000000,5811137,"['Bob Odenkirk', 'Henry Winkler', 'Lena Headey', 'Ryan Allen', 'Billy MacLellan', 'Brendan Fletcher']","['small town', 'sheriff', 'bank robbery', 'small town sheriff', 'corrupt mayor', 'secret benefactor', 'criminal plot', 'criminal conspiracy']"
297762,Wonder Woman,"['Action', 'Adventure', 'Fantasy']",7.209,20866,9.8837,2017-05-30,149000000,823970682,"['Gal Gadot', 'Chris Pine', 'Connie Nielsen', 'Robin Wright', 'Danny Huston', 'David Thewlis']","['island', 'hero', 'strong woman', 'world war i', 'empowerment', 'superhero', 'feminism', 'greek mythology']"
560016,Monkey Man,"['Action', 'Thriller']",6.875,1392,10.9498,2024-04-03,10000000,35271631,"['Dev Patel', 'Sikandar Kher', 'Makrand Deshpande', 'Pitobash', 'Vipin Sharma', 'Ashwini Kalsekar']","['police brutality', 'corruption', 'social injustice', 'revenge thriller', 'indian politics', 'action thriller', 'night club', 'urban poverty']"
1526650,Mudborn,"['Horror', 'Thriller']",7.1,40,11.0764,2025-10-09,0,111,"['Tony Yang', 'Cecilia Choi', 'Derek Chang', 'Tracy Chou', 'Puff Kuo', 'Chen Wei-min']",[]
301528,Toy Story 4,"['Family', 'Comedy', 'Animation', 'Adventure']",7.466,10481,12.4063,2019-06-19,175000000,1073841394,"['Tom Hanks', 'Tim Allen', 'Annie Potts', 'Tony Hale', 'Keegan-Michael Key', 'Madeleine McGraw']","['friendship', 'cartoon', 'rescue mission', 'sequel', 'anti villain', 'buddy', 'cowboy', 'duringcreditsstinger']"
118,Charlie and the Chocolate Factory,"['Adventure', 'Comedy', 'Family', 'Fantasy']",7.038,16073,11.5218,2005-07-13,150000000,475000000,"['Johnny Depp', 'Freddie Highmore', 'David Kelly', 'Helena Bonham Carter', 'Noah Taylor', 'Missi Pyle']","['factory worker', 'london, england', 'based on novel or book', 'chocolate', 'candy', 'overweight child', 'parent child relationship', 'grandparent grandchild relationship']"
405746,Door,"['Horror', 'Mystery', 'Thriller']",6.019,26,11.2982,1988-05-14,0,0,"['Keiko Takahashi', 'Daijiro Tsutsumi', 'Shirō Shimomoto', 'Takuto Yonezu', 'Masao Ishida', 'Yoshihiro Shimada']","['salesman', 'home invasion', 'back stabbing', 'obsessed with a woman', 'suspense']"
405746,Door,"['Horror', 'Mystery', 'Thriller']",6.019,26,11.2982,1988-05-14,0,0,"['Keiko Takahashi', 'Daijiro Tsutsumi', 'Shirō Shimomoto', 'Takuto Yonezu', 'Masao Ishida', 'Yoshihiro Shimada']","['salesman', 'home invasion', 'back stabbing', 'obsessed with a woman', 'suspense']"
197,Braveheart,"['Action', 'Drama', 'History', 'War']",7.944,11060,10.9436,1995-05-24,72000000,213216216,"['Mel Gibson', 'Catherine McCormack', 'Sophie Marceau', 'Patrick McGoohan', 'Angus Macfadyen', 'Brendan Gleeson']","['england', 'scotland', 'loss of loved one', 'idealism', 'based on true story', 'catholic', 'medieval', 'war']"
426889,Le Clitoris,"['Animation', 'Documentary']",6.756,43,10.7972,2017-08-24,0,0,['Lori Malépart-Traversy'],"['sex education', 'female sexuality', 'short film']"
439079,The Nun,['Horror'],5.9,7149,10.6649,2018-09-05,22000000,366082797,"['Taissa Farmiga', 'Demián Bichir', 'Bonnie Aarons', 'Jonas Bloquet', 'Ingrid Bisu', 'Patrick Wilson']","['rome, italy', 'nun', 'supernatural', 'exorcism', 'halloween', 'father', 'priest', 'spirit']"
244998,Senario XX,"['Comedy', 'Adventure', 'Action']",0.0,0,10.5124,2005-05-19,0,0,"['Wahid Senario', 'Nur Fazura', 'Saiful Apek', 'Yassin Senario', 'Mazlan Pet Pet', 'Azlee Senario']",[]
1656061,Immortal Combat,"['Action', 'Adventure', 'Science Fiction']",6.8,5,12.7587,2026-04-24,0,0,"['Dominique Swain', 'Eve Fournier', 'Roxanne G.C. Brooks', 'Charlit Dae', 'Samuel Selman', 'Josiah D. Lee']",[]
103,Taxi Driver,"['Crime', 'Drama']",8.126,13377,12.0376,1976-02-09,1900000,28579636,"['Robert De Niro', 'Jodie Foster', 'Cybill Shepherd', 'Harvey Keitel', 'Peter Boyle', 'Leonard Harris']","['drug dealer', 'vietnam veteran', 'new york city', 'taxi', 'pornography', 'obsession', 'taxi driver', '1970s']"
1417,Pan's Labyrinth,"['Fantasy', 'Drama', 'War']",7.763,11413,10.1976,2006-10-11,19000000,83258226,"['Ivana Baquero', 'Sergi López', 'Maribel Verdú', 'Doug Jones', 'Ariadna Gil', 'Álex Angulo']","['princess', 'army', 'fairy tale', 'resistance', 'servant', 'anti hero', 'franco regime (francoism)', 'woods']"
698508,Redeeming Love,"['Romance', 'Drama', 'Western']",7.832,739,11.2907,2022-01-21,30000000,9464198,"['Abigail Cowen', 'Tom Lewis', 'Eric Dane', 'Famke Janssen', 'Logan Marshall-Green', 'Nina Dobrev']","['pedophilia', 'child abuse', 'california', 'rape', 'based on novel or book', 'prayer', 'san francisco, california', 'love at first sight']"
9757,Norbit,['Comedy'],5.666,2584,10.8785,2007-02-08,10000000,159814490,"['Eddie Murphy', 'Thandiwe Newton', 'Terry Crews', 'Clifton Powell', 'Lester Speight', 'Cuba Gooding Jr.']","['orphanage', 'overweight woman']"
530385,Midsommar,"['Horror', 'Drama', 'Mystery']",7.152,8025,12.2196,2019-07-03,9000000,48498408,"['Florence Pugh', 'Jack Reynor', 'William Jackson Harper', 'Will Poulter', 'Vilhelm Blomgren', 'Isabelle Grill']","['loss of loved one', 'ritual', 'paranoia', 'sweden', 'cult', 'hallucinogenic drug', 'magic mushroom', 'anthropology']"
257211,The Intern,['Comedy'],7.229,7297,10.7826,2015-09-23,35000000,194564672,"['Robert De Niro', 'Anne Hathaway', 'Rene Russo', 'Anders Holm', 'JoJo Kushner', 'Andrew Rannells']","['new york city', 'friendship', 'san francisco, california', 'office', 'masseuse', 'website', 'tai chi', 'internet']"
399566,Godzilla vs. Kong,"['Action', 'Science Fiction', 'Adventure']",7.535,10597,13.0575,2021-03-24,200000000,470116094,"['Alexander Skarsgård', 'Rebecca Hall', 'Kaylee Hottle', 'Brian Tyree Henry', 'Millie Bobby Brown', 'Julian Dennison']","['giant monster', 'dinosaur', 'creature feature', 'kaiju', 'sign languages', 'giant ape', 'godzilla', 'robot dinosaur']"
348893,Boyka: Undisputed IV,"['Action', 'Drama', 'Thriller', 'Crime']",7.173,1446,11.1916,2016-08-01,0,63500000,"['Scott Adkins', 'Teodora Duhovnikova', 'Alon Aboutboul', 'Julian Vergov', 'Martyn Ford', 'Brahim Achabbakhe']","['prison', 'martial arts', 'sports', 'wife', 'affectation', 'sequel', 'accidental death', 'fighting']"
330457,Frozen II,"['Family', 'Animation', 'Adventure', 'Comedy', 'Fantasy']",7.232,10257,12.1494,2019-11-20,150000000,1453683476,"['Idina Menzel', 'Kristen Bell', 'Josh Gad', 'Jonathan Groff', 'Evan Rachel Wood', 'Sterling K. Brown']","['princess', 'magic', 'kingdom', 'winter', 'queen', 'castle', 'musical', 'sequel']"
1117857,In Your Dreams,"['Adventure', 'Animation', 'Comedy', 'Family', 'Fantasy']",7.0,213,9.7318,2025-11-07,0,0,"['Jolie Hoang-Rappaport', 'Elias Janssen', 'Simu Liu', 'Craig Robinson', 'Cristin Milioti', 'Gia Carides']","['magic', 'wish', 'family', 'dream']"
420818,The Lion King,"['Adventure', 'Drama', 'Family', 'Animation']",7.099,10721,11.093,2019-07-12,260000000,1662020819,"['Chiwetel Ejiofor', 'John Oliver', 'Donald Glover', 'James Earl Jones', 'John Kani', 'Alfre Woodard']","['africa', 'lion', 'prince', 'redemption', 'musical', 'uncle', 'remake', 'grief']"
773543,Fib the Truth,"['Drama', 'Thriller']",5.772,90,10.3662,2021-09-09,0,0,"['Darya Melnikova', 'Evgeny Romantsov', 'Pavel Priluchnyy', 'Elizaveta Kononova', 'Aleksandr Oblasov', 'Grigory Vernik']",[]
5175,Rush Hour 2,"['Action', 'Comedy', 'Crime']",6.759,4568,11.0635,2001-08-03,90000000,347325802,"['Jackie Chan', 'Chris Tucker', 'John Lone', 'Roselyn Sánchez', 'Zhang Ziyi', 'Alan King']","['martial arts', 'los angeles, california', 'criminal investigation', 'interracial friendship', 'buddy cop', 'duringcreditsstinger', 'action hero', 'good versus evil']"
745,The Sixth Sense,"['Mystery', 'Thriller', 'Drama']",7.951,12807,10.9732,1999-08-06,40000000,672800000,"['Bruce Willis', 'Haley Joel Osment', 'Toni Collette', 'Olivia Williams', 'Trevor Morgan', 'Donnie Wahlberg']","['dying and death', 'child abuse', 'philadelphia, pennsylvania', 'sense of guilt', 'afterlife', 'marriage crisis', 'loss of loved one', 'confidence']"
530915,1917,"['War', 'History', 'Drama']",7.988,13488,12.3761,2019-12-25,100000000,446064352,"['George MacKay', 'Dean-Charles Chapman', 'Mark Strong', 'Andrew Scott', 'Richard Madden', 'Claire Duburcq']","['race against time', 'world war i', 'british army', 'soldier', 'period drama', 'real time', 'trenches', '1910s']"
7485,Shooter,"['Drama', 'Action', 'Thriller']",7.12,5419,11.2705,2007-03-22,61000000,95700000,"['Mark Wahlberg', 'Michael Peña', 'Danny Glover', 'Kate Mara', 'Elias Koteas', 'Rhona Mitra']","['philadelphia, pennsylvania', 'assassination', 'usa president', 'based on novel or book', 'widow', 'fbi', 'ethiopia', 'on the run']"
9552,The Exorcist,"['Horror', 'Drama']",7.742,8594,10.7037,1973-12-26,12000000,441306145,"['Ellen Burstyn', 'Linda Blair', 'Jason Miller', 'Max von Sydow', 'Lee J. Cobb', ""William O'Malley""]","['washington dc, usa', 'religion and supernatural', 'exorcism', 'paranormal phenomena', 'possession', 'satan', 'priest', 'demon']"
82690,Wreck-It Ralph,"['Family', 'Animation', 'Comedy', 'Adventure']",7.356,13033,9.755,2012-11-01,165000000,471222889,"['John C. Reilly', 'Sarah Silverman', 'Jack McBrayer', 'Jane Lynch', 'Alan Tudyk', 'Rich Moore']","['video game', 'support group', 'villain', 'bullying', 'medal', 'product placement', 'jail', 'racing']"
73,American History X,['Drama'],8.327,12522,10.9255,1998-07-01,20000000,23900000,"['Edward Norton', 'Edward Furlong', ""Beverly D'Angelo"", 'Jennifer Lien', 'Ethan Suplee', 'Fairuza Balk']","['prison', 'neo-nazism', 'rape', 'skinhead', 'sibling relationship', 'swastika', 'nazi', 'brother']"
1366,Rocky,['Drama'],7.795,8573,11.2134,1976-12-03,1000000,117253345,"['Sylvester Stallone', 'Talia Shire', 'Burt Young', 'Carl Weathers', 'Burgess Meredith', 'Thayer David']","['underdog', 'philadelphia, pennsylvania', 'transporter', ""love of one's life"", 'italian american', 'sports', 'fight', 'independence']"
20222,Sex with Love,"['Comedy', 'Romance']",6.533,242,8.4408,2003-03-27,0,0,"['Álvaro Rudolphy', 'Sigrid Alegría', 'Patricio Contreras', 'María Izquierdo', 'Boris Quercia', 'Cecilia Amenábar']",['cine chileno']
588,Silent Hill,"['Horror', 'Mystery']",6.622,4850,11.5309,2006-04-21,50000000,100605135,"['Radha Mitchell', 'Sean Bean', 'Jodelle Ferland', 'Laurie Holden', 'Deborah Kara Unger', 'Kim Coates']","['hotel', 'pedophilia', 'child abuse', 'monster', 'suffering', 'nurse', 'nun', 'darkness']"
31591,Bad Company,"['Western', 'Drama']",6.4,99,7.3216,1972-10-08,0,0,"['Jeff Bridges', 'Barry Brown', 'David Huddleston', 'Jerry Houser', 'Geoffrey Lewis', 'Ed Lauter']","['runaway', 'marshal', 'loyalty', 'missouri', 'betrayal', 'draft dodger', '19th century']"
1724,The Incredible Hulk,"['Science Fiction', 'Action', 'Adventure']",6.235,12638,10.7522,2008-06-12,150000000,264770996,"['Edward Norton', 'Liv Tyler', 'Tim Roth', 'William Hurt', 'Tim Blake Nelson', 'Ty Burrell']","['new york city', 'rio de janeiro', 'superhero', 'based on comic', 'fugitive', 'on the run', 'super soldier', 'scientist']"
1359,American Psycho,"['Thriller', 'Drama', 'Crime']",7.408,12230,11.9591,2000-04-13,7000000,34269748,"['Christian Bale', 'Justin Theroux', 'Josh Lucas', 'Bill Sage', 'Chloë Sevigny', 'Reese Witherspoon']","['new york city', 'based on novel or book', 'businessman', 'psychopath', 'dark comedy', 'satire', 'wall street', 'serial killer']"
176,Saw,"['Horror', 'Mystery', 'Crime']",7.42,10020,10.9148,2004-10-01,1200000,104045735,"['Tobin Bell', 'Cary Elwes', 'Leigh Whannell', 'Danny Glover', 'Monica Potter', 'Ken Leung']","['sadism', 'shotgun', 'detective', 'flashback', 'hospital', 'doctor', 'torture', 'sadist']"
940721,Godzilla Minus One,"['Science Fiction', 'Horror', 'Action']",7.568,3136,10.7651,2023-11-03,15000000,113676322,"['Ryunosuke Kamiki', 'Minami Hamabe', 'Yuki Yamada', 'Munetaka Aoki', 'Hidetaka Yoshioka', 'Sakura Ando']","['monster', 'loss of loved one', 'giant monster', 'kamikaze', 'duty', 'atomic bomb test', 'radioactivity', 'naval combat']"
161,Ocean's Eleven,"['Thriller', 'Crime']",7.458,12494,10.7977,2001-12-07,85000000,450717150,"['George Clooney', 'Brad Pitt', 'Andy Garcia', 'Matt Damon', 'Julia Roberts', 'Casey Affleck']","['casino', 'pickpocket', 'heist', 'con artist', 'remake', 'caper', 'las vegas', 'inside man']"
545611,Everything Everywhere All at Once,"['Action', 'Adventure', 'Science Fiction']",7.722,7895,11.8431,2022-03-24,25000000,139200000,"['Michelle Yeoh', 'Stephanie Hsu', 'Ke Huy Quan', 'James Hong', 'Jamie Lee Curtis', 'Tallie Medel']","['mother', 'martial arts', 'kung fu', 'nihilism', 'philosophy', 'generations conflict', 'chinese woman', 'surrealism']"
374720,Dunkirk,"['War', 'Action', 'Drama']",7.451,17518,11.3904,2017-07-19,150000000,549136737,"['Fionn Whitehead', 'Tom Hardy', 'Mark Rylance', 'Kenneth Branagh', 'Cillian Murphy', 'Barry Keoghan']","['army', 'beach', 'france', 'allies', 'raf (royal air force)', 'military officer', 'world war ii', 'evacuation']"
454626,Sonic the Hedgehog,"['Action', 'Science Fiction', 'Comedy', 'Family']",7.285,10371,11.0867,2020-02-12,85000000,319715683,"['Ben Schwartz', 'James Marsden', 'Tika Sumpter', 'Jim Carrey', 'Natasha Rothwell', 'Adam Pally']","['friendship', 'video game', 'san francisco, california', 'road trip', 'cop', 'based on video game', 'duringcreditsstinger', 'bar fight']"
1403735,Laila,"['Comedy', 'Romance']",5.25,8,11.4078,2025-02-14,0,0,"['Vishwak Sen', 'Akanksha Sharma', 'Babloo Prithiveeraj', 'Abhimanyu Singh', 'Vineet Kumar', 'Kamakshi Bhaskarla']",[]
299537,Captain Marvel,"['Action', 'Adventure', 'Science Fiction']",6.783,16705,11.1038,2019-03-06,152000000,1131416446,"['Brie Larson', 'Samuel L. Jackson', 'Ben Mendelsohn', 'Jude Law', 'Annette Bening', 'Djimon Hounsou']","['superhero', 'based on comic', 'alien', 'alien invasion', 'super power', 'female hero', 'aftercreditsstinger', 'duringcreditsstinger']"
286687,Love Lesson,"['Romance', 'Drama', 'Comedy']",6.8,42,11.3804,2013-12-05,0,0,"['Kim Sun-young', 'Byun Jun-suk', 'Oh Cho-hee', 'Kim Ji-hoon', 'Heo Jung-min', 'Min Ji-Hyuk']","['softcore', 'intimate']"
424694,Bohemian Rhapsody,"['Music', 'Drama']",8.0,17733,11.1251,2018-10-24,52000000,910813521,"['Rami Malek', 'Gwilym Lee', 'Ben Hardy', 'Joseph Mazzello', 'Lucy Boynton', 'Aidan Gillen']","['london, england', 'aids', 'musician', '1970s', 'biography', 'based on true story', 'singer', 'hiv']"
1396,Mirror,"['Drama', 'History']",7.953,1088,11.1247,1975-03-07,825000,124367,"['Margarita Terekhova', 'Ignat Daniltsev', 'Larisa Tarkovskaya', 'Alla Demidova', 'Anatoliy Solonitsyn', 'Mykola Hrynko']","['dreams', 'wind', 'poetry', 'world war ii', 'cigarette', 'field', 'spanish civil war (1936-39)', 'nostalgia']"
93456,Despicable Me 2,"['Animation', 'Comedy', 'Family']",6.945,11969,10.3847,2013-06-26,76000000,970766005,"['Steve Carell', 'Kristen Wiig', 'Benjamin Bratt', 'Miranda Cosgrove', 'Dana Gaier', 'Elsie Fisher']","['parent child relationship', 'villain', 'adoptive father', 'secret agent', 'bakery', 'sequel', 'falling in love', 'family']"
1087891,The Amateur,"['Thriller', 'Action']",6.948,1580,9.835,2025-04-09,60000000,96000836,"['Rami Malek', 'Holt McCallany', 'Danny Sapani', 'Rachel Brosnahan', 'Michael Stuhlbarg', 'Laurence Fishburne']","['central intelligence agency (cia)', 'based on novel or book', 'escape', 'blackmail', 'revenge', 'agent', 'government assassin', 'government cover-up']"
1422211,The Pursuit of Lust,"['Romance', 'Drama']",6.846,13,9.4328,2025-01-23,0,0,"['STEPINSTONE', 'E.KHANDMAA', 'E.BATKHULEG']",['softcore']
69857,The Last Mile,['Drama'],5.833,15,10.2334,1932-08-17,0,0,"['Preston Foster', 'Howard Phillips', 'George E. Stone', 'Noel Madison', 'Alan Roscoe', 'Paul Fix']",['prison']
423108,The Conjuring: The Devil Made Me Do It,"['Horror', 'Mystery', 'Thriller']",7.354,6511,10.4656,2021-05-25,39000000,206444123,"['Vera Farmiga', 'Patrick Wilson', 'Sterling Jerins', 'Sarah Catherine Hook', ""Ruairí O'Connor"", 'Julian Hilliard']","['supernatural', 'exorcism', 'connecticut', 'sequel', 'paranormal investigation', '1980s', 'religious horror', 'intense']"
10494,Perfect Blue,"['Animation', 'Thriller']",8.3,3158,11.3009,1998-02-28,3000000,683666,"['Junko Iwao', 'Rica Matsumoto', 'Shiho Niiyama', 'Masaaki Okura', 'Shinpachi Tsuji', 'Emiko Furukawa']","['career', 'based on novel or book', 'paranoia', 'stalker', 'celebrity', 'singer', 'fame', 'female protagonist']"
1259102,Eternity,"['Romance', 'Comedy', 'Drama']",7.0,638,10.3392,2025-11-26,12000000,32867848,"['Elizabeth Olsen', 'Miles Teller', 'Callum Turner', ""Da'Vine Joy Randolph"", 'John Early', 'Barry Primus']","['afterlife', 'widow', 'marriage', 'romcom', 'woman between two men', 'first love', 'death of husband', 'eternity']"
575100,When Mom Is Away,"['Comedy', 'Family']",6.5,518,6.9646,2019-02-07,0,7478544,"['Fabio De Luigi', 'Valentina Lodovini', 'Angelica Elli', 'Bianca Usai', 'Matteo Castellucci', 'Diana Del Bufalo']","['marriage', 'family', 'e agora? a mamãe saiu de férias!']"
38321,Priest,"['Action', 'Fantasy', 'Horror']",5.866,2507,9.7521,2011-05-05,60000000,84154026,"['Paul Bettany', 'Karl Urban', 'Lily Collins', 'Maggie Q', 'Stephen Moyer', 'Cam Gigandet']","['vampire', 'dystopia', 'post-apocalyptic future', 'crucifixion', 'vampire hunter (slayer)', 'disobey', 'niece', 'dark hero']"
810693,Jujutsu Kaisen 0,"['Animation', 'Action', 'Fantasy']",8.098,1726,12.0298,2021-12-24,0,195870885,"['Megumi Ogata', 'Kana Hanazawa', 'Yuichi Nakamura', 'Takahiro Sakurai', 'Mikako Komatsu', 'Koki Uchiyama']","['supernatural', 'exorcism', 'paranormal', 'prequel', 'tragedy', 'curse', 'based on manga', 'spirit']"
257344,Pixels,"['Action', 'Comedy', 'Science Fiction']",5.774,8018,11.2756,2015-07-16,88000000,244874809,"['Adam Sandler', 'Kevin James', 'Michelle Monaghan', 'Peter Dinklage', 'Josh Gad', 'Matt Lintz']","['new york city', 'london, england', 'usa president', 'washington dc, usa', 'video game', 'nerd', 'alien', 'gamer']"
812583,Wake Up Dead Man: A Knives Out Mystery,"['Thriller', 'Mystery', 'Comedy']",7.204,2425,11.2176,2025-11-26,210000000,4000000,"['Daniel Craig', ""Josh O'Connor"", 'Glenn Close', 'Josh Brolin', 'Mila Kunis', 'Jeremy Renner']","['sequel', 'whodunit', 'murder investigation', 'murder mystery', 'upstate new york', 'web of lies', 'mystery thriller', 'hidden motives']"
635302,Demon Slayer -Kimetsu no Yaiba- The Movie: Mugen Train,"['Animation', 'Action', 'Fantasy']",8.198,4473,11.4881,2020-10-16,15700000,523542183,"['Natsuki Hanae', 'Akari Kito', 'Hiro Shimono', 'Yoshitsugu Matsuoka', 'Satoshi Hino', 'Takahiro Sakurai']","['fight', 'magic', 'supernatural', 'psychology', 'gore', 'sequel', 'coming of age', 'survival']"
260513,Incredibles 2,"['Action', 'Adventure', 'Animation', 'Family']",7.451,13638,11.3385,2018-06-14,200000000,1243225667,"['Craig T. Nelson', 'Holly Hunter', 'Sarah Vowell', 'Huck Milner', 'Catherine Keener', 'Eli Fucile']","['married couple', 'superhero', 'cartoon', 'villain', 'sequel', 'parenting', 'family', 'super power']"
259316,Fantastic Beasts and Where to Find Them,"['Fantasy', 'Adventure']",7.308,19655,9.5104,2016-11-16,180000000,809342332,"['Eddie Redmayne', 'Katherine Waterston', 'Dan Fogler', 'Alison Sudol', 'Colin Farrell', 'Jon Voight']","['witch', 'new york city', 'robbery', 'escape', 'teleportation', 'magic', 'suitcase', 'mistake']"
207703,Kingsman: The Secret Service,"['Crime', 'Comedy', 'Action', 'Adventure']",7.619,17767,10.8844,2015-01-24,81000000,414351546,"['Taron Egerton', 'Colin Firth', 'Samuel L. Jackson', 'Mark Strong', 'Sophie Cookson', 'Sofia Boutella']","['great britain', 'spy', 'secret organization', 'microchip', 'secret agent', 'training', 'based on comic', 'implant']"
1242501,Icefall,"['Action', 'Crime', 'Thriller']",6.3,161,9.5702,2025-10-16,0,0,"['Joel Kinnaman', 'Cara Jade Myers', 'Danny Huston', 'Graham Greene', 'Martin Sensmeier', 'Oliver Trevena']","['dreary', 'demeaning']"
1057491,Naughty,['Drama'],6.139,101,10.6102,2023-02-14,0,0,"['Anastasiya Reznik', 'Alexander Petrov', 'Semen Arzumanov', 'Yan Tsapnik', 'Anna Churina', 'Nikita Tarasov']","['young woman', 'construction', 'environmentalism', 'college student', 'activism', 'environmental activist', 'ecologism']"
19173,Diary of a Nymphomaniac,"['Drama', 'Romance']",5.637,361,10.5938,2008-10-17,0,0,"['Belén Fabra', 'Leonardo Sbaraglia', 'Llum Barrera', 'Geraldine Chaplin', 'Ángela Molina', 'Pedro Gutiérrez']","['eroticism', 'nymphomaniac', 'prostitution', 'softcore', 'red dress', 'promiscuous past', 'nymphomania']"
628847,Trap House,"['Action', 'Crime', 'Thriller']",6.558,257,10.191,2025-11-14,0,0,"['Dave Bautista', 'Jack Champion', 'Sophia Lillis', 'Whitney Peak', 'Bobby Cannavale', 'Kate del Castillo']",[]
630,The Wizard of Oz,"['Adventure', 'Fantasy', 'Family']",7.585,6095,12.8015,1939-08-15,2777000,33754967,"['Judy Garland', 'Ray Bolger', 'Jack Haley', 'Bert Lahr', 'Frank Morgan', 'Margaret Hamilton']","['witch', 'adolescence', 'dreams', 'based on novel or book', 'secret identity', 'lion', 'tornado', 'twister']"
550988,Free Guy,"['Comedy', 'Adventure', 'Science Fiction']",7.451,9761,12.9571,2021-08-11,110000000,331526598,"['Ryan Reynolds', 'Jodie Comer', 'Lil Rel Howery', 'Joe Keery', 'Utkarsh Ambudkar', 'Taika Waititi']","['hero', 'artificial intelligence (a.i.)', 'video game', 'virtual reality', 'gun', 'code', 'gamer', 'bank robbery']"
447332,A Quiet Place,"['Horror', 'Drama', 'Science Fiction']",7.391,15292,11.6264,2018-04-03,17000000,340955294,"['Emily Blunt', 'John Krasinski', 'Millicent Simmonds', 'Noah Jupe', 'Cade Woodward', 'Leon Russom']","['pregnancy', 'fireworks', 'deaf', 'post-apocalyptic future', 'alien life-form', 'child in peril', 'creature', 'alien invasion']"
524434,Eternals,"['Science Fiction', 'Action', 'Adventure']",6.774,9101,9.8937,2021-11-03,200000000,402064899,"['Gemma Chan', 'Richard Madden', 'Angelina Jolie', 'Salma Hayek Pinault', 'Kumail Nanjiani', 'Lia McHugh']","['saving the world', 'superhero', 'supernatural', 'based on comic', 'alien', 'super power', 'lgbt', 'aftercreditsstinger']"
602,Independence Day,"['Action', 'Adventure', 'Science Fiction']",6.905,10378,10.0556,1996-06-25,75000000,817400891,"['Will Smith', 'Bill Pullman', 'Jeff Goldblum', 'Mary McDonnell', 'Judd Hirsch', 'Robert Loggia']","['spacecraft', 'showdown', 'independence', 'patriotism', 'countdown', 'invasion', 'alien', 'ufo']"
812037,Last Summer,['Drama'],6.08,245,10.3946,2023-09-13,0,1022551,"['Léa Drucker', 'Samuel Kircher', 'Olivier Rabourdin', 'Clotilde Courau', 'Serena Hu', 'Angela Chen']","['coming of age', 'remake', 'older woman younger man relationship', 'candid', 'unfaithful wife', 'intimate', 'stepmother stepson relationship', 'provocative']"
957119,Sidelined: The QB and Me,"['Comedy', 'Romance']",6.177,218,9.8459,2025-02-06,0,0,"['Siena Agudong', 'Noah Beck', 'Drew Ray Tanner', 'James Van Der Beek', 'Deborah Cox', 'Asia Lizardo']","['high school', 'based on novel or book', 'american football player', 'based on web novel', 'audacious', 'enchant']"
38575,The Karate Kid,"['Action', 'Adventure', 'Drama', 'Family']",6.565,6533,11.1966,2010-06-10,40000000,359126022,"['Jaden Smith', 'Jackie Chan', 'Taraji P. Henson', 'Wenwen Han', 'Zac Wang', 'Yu Rongguang']","['martial arts', 'aftercreditsstinger', 'duringcreditsstinger', 'karate kid', 'intense', 'pretentious', 'straightforward', 'tragic']"
926393,The Equalizer 3,"['Action', 'Thriller', 'Crime']",7.287,3689,10.38,2023-08-30,70000000,191067560,"['Denzel Washington', 'Dakota Fanning', 'Eugenio Mastrandrea', 'David Denman', 'Gaia Scodellaro', 'Remo Girone']","['italy', 'investigation', 'camorra', 'organized crime', 'vigilante justice', 'personal redemption', 'retired operative', 'mafia retaliation']"
49529,John Carter,"['Action', 'Adventure', 'Science Fiction']",6.361,6074,9.4661,2012-03-07,263700000,284100000,"['Taylor Kitsch', 'Lynn Collins', 'Samantha Morton', 'Mark Strong', 'Ciarán Hinds', 'Dominic West']","['princess', 'medallion', 'planet mars', 'based on novel or book', 'escape', 'space travel', 'alien', 'martian']"
30112,Lost in Beijing,"['Romance', 'Drama']",6.6,62,11.8027,2007-09-26,0,5095696,"['Fan Bingbing', 'Tony Leung Ka-fai', 'Elaine Jin Yan-Ling', 'Tong Dawei', 'Chloe Maayan', 'Bao Zhenjiang']","['rape', 'extortion', 'illegal prostitution', 'extramarital affair', 'woman director']"
102651,Maleficent,"['Fantasy', 'Adventure', 'Action', 'Family', 'Romance']",7.1,13688,12.1381,2014-05-28,180000000,758539785,"['Angelina Jolie', 'Elle Fanning', 'Imelda Staunton', 'Sharlto Copley', 'Lesley Manville', 'Juno Temple']","['friendship', 'magic', 'kingdom', 'fairy tale', 'fairy', 'prince', 'enchantment', 'betrayal']"
698687,Transformers One,"['Animation', 'Science Fiction', 'Adventure', 'Family']",7.968,1601,11.2499,2024-09-11,75000000,129408392,"['Chris Hemsworth', 'Brian Tyree Henry', 'Scarlett Johansson', 'Keegan-Michael Key', 'Jon Hamm', 'Steve Buscemi']","['based on toy', 'giant robot', 'aftercreditsstinger', 'duringcreditsstinger', 'buddy movie', 'brothers-in-arms relationship', 'origin story', 'alien robot']"
1119878,Ice Road: Vengeance,"['Action', 'Thriller', 'Drama']",6.244,619,9.6638,2025-06-27,0,0,"['Liam Neeson', 'Fan Bingbing', 'Marcus Thomas', ""Grace O'Sullivan"", 'Saksham Sharma', 'Bernard Curry']","['mercenary', 'sequel', 'mount everest', 'suspenseful', 'embarrassed', 'optimistic', 'urgent']"
4413,The Brave One,"['Crime', 'Drama', 'Thriller']",6.592,1065,6.462,2007-09-12,70000000,69766619,"['Jodie Foster', 'Terrence Howard', 'Nicky Katt', 'Naveen Andrews', 'Mary Steenburgen', 'Ene Oloja']","['new york city', 'metropolis', 'loss of loved one', 'bravery', 'urban life', 'revenge', 'vigilante', 'rape and revenge']"
615,The Passion of the Christ,['Drama'],7.536,5182,10.586,2004-02-25,30000000,610063468,"['Jim Caviezel', 'Maia Morgenstern', 'Christo Jivkov', 'Francesco De Vito', 'Monica Bellucci', 'Mattia Sbragia']","['mission', 'suffering', 'roman empire', 'christianity', 'jewry', 'roman', 'crucifixion', 'apostle']"
1135873,GGS - Ganteng-Ganteng Sange,"['Drama', 'Romance']",6.1,7,9.3718,2023-05-28,0,0,[],[]
675353,Sonic the Hedgehog 2,"['Action', 'Adventure', 'Family', 'Comedy']",7.432,5850,9.7515,2022-03-30,110000000,405421518,"['Ben Schwartz', 'James Marsden', 'Tika Sumpter', ""Colleen O'Shaughnessey"", 'Idris Elba', 'Jim Carrey']","['mad scientist', 'sequel', 'revenge', 'based on video game', 'duringcreditsstinger', 'hedgehog', 'live action and animation', 'relaxed']"
1642859,Iron Maiden: Burning Ambition,"['Documentary', 'Music']",7.2,4,10.2668,2026-05-07,0,0,"['Steve Harris', 'Bruce Dickinson', 'Nicko McBrain', 'Adrian Smith', 'Dave Murray', 'Janick Gers']",['heavy metal']
330459,Rogue One: A Star Wars Story,"['Action', 'Adventure', 'Science Fiction']",7.505,16351,9.6885,2016-12-14,200000000,1056057273,"['Felicity Jones', 'Diego Luna', 'Alan Tudyk', 'Donnie Yen', 'Jiang Wen', 'Ben Mendelsohn']","['rebellion', 'spacecraft', 'rebel', 'space battle', 'space travel', 'prequel', 'female protagonist', 'space western']"
616037,Thor: Love and Thunder,"['Fantasy', 'Action', 'Comedy']",6.369,8526,10.9964,2022-07-06,250000000,760928081,"['Chris Hemsworth', 'Natalie Portman', 'Christian Bale', 'Tessa Thompson', 'Taika Waititi', 'Russell Crowe']","['hero', 'ex-girlfriend', 'superhero', 'greek mythology', 'based on comic', 'sequel', 'shadow', 'norse mythology']"
49519,The Croods,"['Animation', 'Adventure', 'Family', 'Comedy']",6.937,7511,11.0454,2013-03-15,135000000,587204668,"['Nicolas Cage', 'Emma Stone', 'Ryan Reynolds', 'Catherine Keener', 'Cloris Leachman', 'Clark Duke']","['daughter', 'parent child relationship', 'stone age', 'father', 'prehistory', 'ancient world', 'family', 'cavemen']"
575264,Mission: Impossible - Dead Reckoning Part One,"['Action', 'Thriller', 'Adventure']",7.504,5085,10.3616,2023-07-08,220000000,571125435,"['Tom Cruise', 'Hayley Atwell', 'Ving Rhames', 'Simon Pegg', 'Rebecca Ferguson', 'Vanessa Kirby']","['mask', 'race against time', 'mission', 'rome, italy', 'chase', 'secret mission', 'spy', 'fake identity']"
1271,300,"['Action', 'Adventure', 'War']",7.197,14671,10.1281,2007-03-07,65000000,456082343,"['Gerard Butler', 'Lena Headey', 'Dominic West', 'David Wenham', 'Vincent Regan', 'Michael Fassbender']","['army', 'narration', 'gore', 'based on true story', 'based on comic', 'sword fight', 'massacre', 'ancient world']"
601,E.T. the Extra-Terrestrial,"['Science Fiction', 'Adventure', 'Family', 'Fantasy']",7.513,11964,11.5436,1982-06-11,10500000,797307407,"['Henry Thomas', 'Drew Barrymore', 'Robert MacNaughton', 'Peter Coyote', 'Dee Wallace', 'Erika Eleniak']","['farewell', 'space marine', 'operation', 'flying saucer', 'nasa', 'homesickness', 'loss of loved one', 'extraterrestrial technology']"
615173,The Witch Part 2 - The Other One,"['Action', 'Mystery', 'Thriller', 'Science Fiction']",7.37,440,10.3296,2022-06-15,0,23068596,"['Shin Sia', 'Park Eun-bin', 'Seo Eun-soo', 'Jin Goo', 'Sung Yoo-bin', 'Justin John Harvey']","['witch', 'supernatural', 'sequel', 'supernatural power']"
1735,The Mummy: Tomb of the Dragon Emperor,"['Adventure', 'Action', 'Fantasy']",5.516,4794,10.081,2008-07-01,145000000,403449830,"['Brendan Fraser', 'Maria Bello', 'John Hannah', 'Luke Ford', 'Isabella Leong Lok-Sze', 'Jet Li']","['china', 'sword', 'pyramid', 'mummy', 'yeti', 'chinese emperor', 'tomb', 'great wall of china']"
9820,The Parent Trap,"['Comedy', 'Family', 'Romance']",7.211,4504,11.5787,1998-07-28,15000000,92108518,"['Lindsay Lohan', 'Dennis Quaid', 'Natasha Richardson', 'Elaine Hendrix', 'Lisa Ann Walter', 'Simon Kunz']","['california', 'summer camp', 'twin sister', 'remake', 'matchmaking', 'family reunion', 'wedding dress', 'gold digger']"
70345,Sssssss,"['Horror', 'Science Fiction']",5.153,111,10.6884,1973-07-06,0,0,"['Strother Martin', 'Dirk Benedict', 'Heather Menzies', 'Richard B. Shull', ""Tim O'Connor"", 'Jack Ging']","['experiment', 'snake', 'transformation', 'mad scientist', 'turns into animal', 'cobra', 'college student']"
270946,Penguins of Madagascar,"['Family', 'Animation', 'Adventure', 'Comedy']",6.531,4451,10.1577,2014-11-22,132000000,373515621,"['Tom McGrath', 'Chris Miller', 'Christopher Knights', 'Conrad Vernon', 'John Malkovich', 'Benedict Cumberbatch']","['rescue', 'wolf', 'octopus', 'spy', 'zoo', 'penguin', 'cartoon', 'villain']"
1242419,Roofman,"['Crime', 'Comedy', 'Drama']",7.082,759,11.0314,2025-10-08,18000000,34852212,"['Channing Tatum', 'Kirsten Dunst', 'Ben Mendelsohn', 'LaKeith Stanfield', 'Juno Temple', 'Melonie Díaz']","['based on true story', 'fugitive', 'toy store', 'escaped prisoner', 'armed robbery', 'hiding out', 'ex-elite soldier', 'former soldier']"
38700,Bad Boys for Life,"['Thriller', 'Action', 'Crime']",7.115,8717,9.7998,2020-01-15,90000000,426505244,"['Will Smith', 'Martin Lawrence', 'Vanessa Hudgens', 'Alexander Ludwig', 'Charles Melton', 'Paola Nuñez']","['mexico', 'miami, florida', 'detective', ""women's prison"", 'sequel', 'prison escape', 'murder', 'drug cartel']"
166426,Pirates of the Caribbean: Dead Men Tell No Tales,"['Adventure', 'Action', 'Fantasy']",6.654,12759,9.8922,2017-05-23,230000000,795922298,"['Johnny Depp', 'Javier Bardem', 'Geoffrey Rush', 'Brenton Thwaites', 'Kaya Scodelario', 'Golshifteh Farahani']","['treasure map', 'royal navy', 'pirate', 'swashbuckler', 'caribbean sea', 'dark fantasy', 'trident', 'treasure hunting']"
245891,John Wick,"['Action', 'Thriller']",7.453,20751,11.164,2014-10-22,20000000,86085191,"['Keanu Reeves', 'Michael Nyqvist', 'Alfie Allen', 'Willem Dafoe', 'Dean Winters', 'Adrianne Palicki']","['hitman', 'bratva (russian mafia)', 'gangster', 'secret organization', 'revenge', 'murder', 'dog', 'retired']"
246,Zatoichi,"['Adventure', 'Drama', 'Action']",7.242,957,10.3664,2003-09-06,2500000,34196922,"['Takeshi Kitano', 'Tadanobu Asano', 'Michiyo Yasuda', 'Yui Natsukawa', 'Guadalcanal Taka', 'Daigorô Tachibana']","['martial arts', 'japan', 'samurai', 'sword', 'geisha', 'blackmail', 'revenge', 'blind']"
174341,Some Velvet Morning,['Drama'],5.836,61,10.3102,2013-12-13,0,6420,"['Stanley Tucci', 'Alice Eve']","['infidelity', 'prostitute']"
348350,Solo: A Star Wars Story,"['Science Fiction', 'Adventure', 'Action']",6.558,9231,9.6321,2018-05-15,250000000,392952373,"['Alden Ehrenreich', 'Joonas Suotamo', 'Woody Harrelson', 'Emilia Clarke', 'Donald Glover', 'Thandiwe Newton']","['spacecraft', 'smuggling (contraband)', 'prequel', 'spin off', 'space opera']"
1892,Return of the Jedi,"['Adventure', 'Action', 'Science Fiction']",7.907,16879,10.3587,1983-05-25,32350000,572700000,"['Mark Hamill', 'Harrison Ford', 'Carrie Fisher', 'Billy Dee Williams', 'Anthony Daniels', 'Peter Mayhew']","['spacecraft', 'sibling relationship', 'rebel', 'emperor', 'space battle', 'matter of life and death', 'forest', 'sequel']"
57800,Ice Age: Continental Drift,"['Animation', 'Comedy', 'Adventure', 'Family']",6.4,8077,10.5541,2012-06-27,95000000,877244782,"['Ray Romano', 'John Leguizamo', 'Denis Leary', 'Seann William Scott', 'Josh Peck', 'Queen Latifah']","['villain', 'sequel', 'prehistory', 'seal (animal)', 'aftercreditsstinger', 'duringcreditsstinger', 'melting ice', 'floating ice']"
615656,Meg 2: The Trench,"['Action', 'Science Fiction', 'Horror']",6.4,3940,9.8652,2023-08-02,129000000,398500317,"['Jason Statham', 'Wu Jing', 'Shuya Sophia Cai', 'Page Kennedy', 'Sergio Peris-Mencheta', 'Sienna Guillory']","['based on novel or book', 'deep sea', 'sequel', 'underwater', 'shark', 'kaiju', 'civil action', 'animal horror']"
1371534,He Sees You When You're Sleeping,['Horror'],6.538,13,9.2343,2024-11-01,0,0,"['Caroline Williams', 'Lauren-Marie Taylor', 'Tom Malloy', 'Nicholas Vince', 'David Lenik', 'Tom Moynahan']","['slasher', 'killer santa claus', 'christmas spirit']"
16859,Kiki's Delivery Service,"['Animation', 'Family', 'Fantasy']",7.833,4546,10.7144,1989-07-29,6900000,4493017,"['Minami Takayama', 'Rei Sakuma', 'Kappei Yamaguchi', 'Keiko Toda', 'Mieko Nobusawa', 'Koichi Miura']","['witch', 'clock tower', 'bicycle accident', 'female friendship', 'bakery', 'coming of age', ""based on children's book"", 'cartoon cat']"
11544,Lilo & Stitch,"['Animation', 'Family', 'Comedy', 'Science Fiction']",7.559,7063,10.6936,2002-06-21,80000000,273144151,"['Daveigh Chase', 'Chris Sanders', 'Tia Carrere', 'David Ogden Stiers', 'Kevin McDonald', 'Ving Rhames']","['sibling relationship', 'mutation', 'extraterrestrial technology', 'hawaii', 'adoption', 'villain', 'alien life-form', 'alien']"
9072,Little Man,"['Comedy', 'Crime']",5.935,1887,10.1859,2006-08-31,64000000,104003322,"['Marlon Wayans', 'Shawn Wayans', 'Kerry Washington', 'John Witherspoon', 'Tracy Morgan', 'Lochlyn Munro']","['baby', 'small person', 'married couple', 'adoption', 'criminal', 'comforting']"
1029575,The Family Plan,"['Action', 'Comedy', 'Family']",7.2,1865,10.5251,2023-12-14,0,0,"['Mark Wahlberg', 'Michelle Monaghan', 'Maggie Q', 'Zoe Colletti', 'Van Crosby', 'Ciarán Hinds']","['road trip', 'on the run', 'gamer', 'car salesman', 'las vegas', 'duringcreditsstinger', 'hidden identity', 'family trip']"
438148,Minions: The Rise of Gru,"['Animation', 'Adventure', 'Comedy', 'Family', 'Science Fiction']",7.271,4000,10.3992,2022-06-29,85000000,940203765,"['Steve Carell', 'Pierre Coffin', 'Alan Arkin', 'Taraji P. Henson', 'Julie Andrews', 'Jean-Claude Van Damme']","['1970s', 'villain', 'sequel', 'spin off', 'duringcreditsstinger', 'supervillain']"
1091,The Thing,"['Horror', 'Mystery', 'Science Fiction']",8.07,7881,10.9147,1982-06-25,15000000,19629760,"['Kurt Russell', 'Wilford Brimley', 'T.K. Carter', 'David Clennon', 'Keith David', 'Richard Dysart']","['spacecraft', 'helicopter', 'space marine', 'based on novel or book', 'isolation', 'mutation', 'paranoia', 'snowstorm']"
14537,Harakiri,"['Action', 'Drama', 'History']",8.433,1201,10.0336,1962-09-15,0,0,"['Tatsuya Nakadai', 'Akira Ishihama', 'Shima Iwashita', 'Tetsuro Tamba', 'Masao Mishima', 'Ichirō Nakatani']","['suicide', 'japan', 'samurai', 'asia', 'flashback', 'revenge', 'poverty', 'black and white']"
293167,Kong: Skull Island,"['Action', 'Adventure', 'Fantasy']",6.553,11103,10.4884,2017-03-08,185000000,566652812,"['Tom Hiddleston', 'Samuel L. Jackson', 'John Goodman', 'Brie Larson', 'Jing Tian', 'Toby Kebbell']","['vietnam veteran', 'island', 'monster', '1970s', 'expedition', 'giant monster', 'giant spider', 'creature']"
1083637,Kantara - A Legend: Chapter 1,"['Action', 'Drama', 'Fantasy']",7.167,78,9.4023,2025-10-01,14000000,91000000,"['Rishab Shetty', 'Rukmini Vasanth', 'Jayaram', 'Gulshan Devaiah', 'Ramitha Shailendra', 'Pramod Shetty']",[]
1174870,The Part of His Life He Wants to Show Me,['Drama'],5.0,3,9.9994,2023-08-24,5000,0,"['Carlos Ramirez', 'ana spears']","['lgbt', 'gay theme']"
11423,Memories of Murder,"['Crime', 'Drama', 'Thriller']",8.057,4558,10.861,2003-04-25,2800000,26000000,"['Song Kang-ho', 'Kim Sang-kyung', 'Kim Roi-ha', 'Song Jae-ho', 'Byun Hee-bong', 'Go Seo-hee']","['assassin', 'police brutality', 'rape', 'corruption', 'police', 'detective', 'investigation', 'victim']"
363088,Ant-Man and the Wasp,"['Action', 'Adventure', 'Science Fiction']",6.903,14143,11.4628,2018-07-04,140000000,622674139,"['Paul Rudd', 'Evangeline Lilly', 'Michael Douglas', 'Hannah John-Kamen', 'Randall Park', 'Michelle Pfeiffer']","['van', 'dreams', 'insect', 'flying', 'chase', 'fight', 'superhero', 'ant']"
12155,Alice in Wonderland,"['Family', 'Fantasy', 'Adventure']",6.639,14752,10.5952,2010-03-03,200000000,1025467110,"['Mia Wasikowska', 'Johnny Depp', 'Anne Hathaway', 'Helena Bonham Carter', 'Crispin Glover', 'Matt Lucas']","['based on novel or book', 'queen', ""based on children's book"", 'psychotic', 'fantasy world', 'taunting', 'mad hatter', 'lewis carroll']"
240832,Lucy,"['Action', 'Science Fiction']",6.474,17013,9.5599,2014-07-25,40000000,469058574,"['Scarlett Johansson', 'Morgan Freeman', 'Choi Min-sik', 'Amr Waked', 'Julian Rhind-Tutt', 'Pilou Asbæk']","['artificial intelligence (a.i.)', 'telepathy', 'intelligence', 'drug mule', 'time travel', 'telekinesis', 'futuristic', 'drugs']"
5559,Bee Movie,"['Family', 'Animation', 'Adventure', 'Comedy']",6.037,5243,10.2792,2007-10-28,150000000,287594577,"['Jerry Seinfeld', 'Renée Zellweger', 'Matthew Broderick', 'Patrick Warburton', 'John Goodman', 'Chris Rock']","['factory worker', 'airplane', 'court', 'tennis', 'florist', 'flower shop', 'college', 'pilot']"
36647,Blade,"['Horror', 'Action']",6.832,6667,10.4087,1998-08-21,45000000,131183530,"['Wesley Snipes', 'Stephen Dorff', 'Kris Kristofferson', ""N'Bushe Wright"", 'Donal Logue', 'Udo Kier']","['martial arts', 'hero', 'vampire', 'superhero', 'supernatural', 'based on comic', 'rivalry', 'vampire hunter (slayer)']"
170,28 Days Later,"['Horror', 'Thriller', 'Science Fiction']",7.2,8446,10.184,2002-10-31,8000000,82784517,"['Cillian Murphy', 'Naomie Harris', 'Brendan Gleeson', 'Megan Burns', 'Christopher Eccleston', 'Noah Huntley']","['daughter', 'taxi', 'london, england', 'submachine gun', 'gas station', 'post-apocalyptic future', 'infection', 'outbreak']"
297222,PK,"['Comedy', 'Drama', 'Science Fiction']",7.691,1147,10.6464,2014-12-18,13000000,118920000,"['Aamir Khan', 'Anushka Sharma', 'Saurabh Shukla', 'Boman Irani', 'Sushant Singh Rajput', 'Sanjay Dutt']","['friendship', 'society', 'christianity', 'hinduism', 'islam', 'satire', 'alien', 'love']"
8681,Taken,"['Action', 'Thriller']",7.403,12052,11.7512,2008-02-18,25000000,226830568,"['Liam Neeson', 'Maggie Grace', 'Famke Janssen', 'Olivier Rabourdin', 'Leland Orser', 'Jon Gries']","['rescue', 'paris, france', 'kidnapping', 'prostitution', 'sex trafficking', 'albanian', 'missing daughter', 'ex special forces']"
10198,The Princess and the Frog,"['Animation', 'Romance', 'Fantasy', 'Family']",7.214,6086,10.9596,2009-12-08,105000000,270997378,"['Anika Noni Rose', 'Bruno Campos', 'Jim Cummings', 'Michael-Leon Wooley', 'Keith David', 'Jennifer Cody']","['princess', 'voodoo', 'new orleans, louisiana', 'restaurant', 'villain', 'kiss', 'musical', 'turns into animal']"
11688,The Emperor's New Groove,"['Adventure', 'Animation', 'Comedy', 'Family', 'Fantasy']",7.558,7265,10.9427,2000-12-15,100000000,169327687,"['David Spade', 'John Goodman', 'Eartha Kitt', 'Patrick Warburton', 'Wendie Malick', 'Kellyann Kelso']","['central and south america', 'emperor', 'cartoon', 'incan empire', 'kids', 'lighthearted', 'animation', 'comedy']"
1654429,Crush The Wicked,"['Action', 'Crime']",0.0,0,9.7912,2026-03-20,0,0,"['Pan Binlong', ""Bao Bei'er"", 'Zhao Runnan', 'Clara Lee', 'Zhou Dayong', 'Yu Bolin']",[]
458156,John Wick: Chapter 3 - Parabellum,"['Action', 'Thriller', 'Crime']",7.438,11674,10.0395,2019-05-15,55000000,328349908,"['Keanu Reeves', 'Halle Berry', 'Ian McShane', 'Laurence Fishburne', 'Mark Dacascos', 'Asia Kate Dillon']","['new york city', 'martial arts', 'bratva (russian mafia)', 'casablanca, morocco', 'secret society', 'secret organization', 'black humor', 'sahara desert']"
484503,The Black Pearl,['Drama'],0.0,0,12.0203,1982-01-01,0,0,"['Hsiang Yun-Peng', 'Sophia Ching', 'Wa Lun', 'Phoenix Chu']","[""women's prison"", 'torture']"
57214,Project X,['Comedy'],6.885,6776,11.2379,2012-03-01,12000000,102731865,"['Thomas Mann', 'Oliver Cooper', 'Jonathan Daniel Brown', 'Dax Flame', 'Kirby Bliss Blanton', 'Brady Hender']","['high school', 'birthday', 'birthday party', 'mockumentary', 'house party', 'teen movie', 'high school student', 'fake documentary']"
6977,No Country for Old Men,"['Crime', 'Thriller', 'Western']",7.95,13245,12.5656,2007-11-09,25000000,171627166,"['Javier Bardem', 'Tommy Lee Jones', 'Josh Brolin', 'Woody Harrelson', 'Kelly Macdonald', 'Garret Dillahunt']","['vietnam veteran', 'sheriff', 'trailer park', 'based on novel or book', 'hitman', 'psychopath', 'drug trafficking', 'texas']"
484641,Anna,"['Action', 'Adventure', 'Thriller']",6.716,2977,9.9853,2019-06-19,34000000,31626978,"['Sasha Luss', 'Helen Mirren', 'Luke Evans', 'Cillian Murphy', 'Lera Abova', 'Alexander Petrov']","['central intelligence agency (cia)', 'paris, france', 'cold war', 'kgb', 'female assassin', 'lgbt', 'modeling', 'professional assassin']"
792307,Poor Things,"['Science Fiction', 'Romance', 'Comedy']",7.644,5456,10.0468,2023-12-07,35000000,117607117,"['Emma Stone', 'Mark Ruffalo', 'Willem Dafoe', 'Ramy Youssef', 'Christopher Abbott', 'Suzy Bemba']","['ship', 'london, england', 'experiment', 'paris, france', 'based on novel or book', 'obsession', 'lisbon, portugal', 'crooked lawyer']"
10591,The Girl Next Door,"['Comedy', 'Romance']",6.739,3980,10.8144,2004-04-09,21000000,31635150,"['Emile Hirsch', 'Elisha Cuthbert', 'Timothy Olyphant', 'Christopher Rodriguez Marquette', 'Paul Dano', 'James Remar']","['high school', 'porn actor', 'pornographic video', 'school party', 'blonde', 'prom', 'sexual attraction', 'teenage boy']"
718930,Bullet Train,"['Action', 'Comedy', 'Thriller']",7.413,7476,11.8427,2022-08-03,90000000,239268602,"['Brad Pitt', 'Joey King', 'Aaron Taylor-Johnson', 'Brian Tyree Henry', 'Andrew Koji', 'Hiroyuki Sanada']","['mission', 'japan', 'assassin', 'based on novel or book', 'hitman', 'briefcase', 'train', 'luck']"
135397,Jurassic World,"['Adventure', 'Science Fiction']",6.699,21521,10.667,2015-06-06,150000000,1671537444,"['Chris Pratt', 'Bryce Dallas Howard', 'Irrfan Khan', ""Vincent D'Onofrio"", 'Ty Simpkins', 'Nick Robinson']","['island', 'primal fear', 'escape', 'velociraptor', 'dna', 'tyrannosaurus rex', 'animal attack', 'sequel']"
76492,Hotel Transylvania,"['Animation', 'Comedy', 'Family', 'Fantasy']",6.963,9154,10.3606,2012-09-20,85000000,358375603,"['Adam Sandler', 'Andy Samberg', 'Selena Gomez', 'Kevin James', 'Fran Drescher', 'Steve Buscemi']","['hotel', 'witch', 'vampire', 'romance', 'love', 'zombie', 'invisible person', 'duringcreditsstinger']"
335983,Venom,"['Science Fiction', 'Action']",6.825,17187,10.5553,2018-09-28,116000000,856085151,"['Tom Hardy', 'Michelle Williams', 'Riz Ahmed', 'Scott Haze', 'Reid Scott', 'Jenny Slate']","['spacecraft', 'san francisco, california', 'superhero', 'anti hero', 'alien life-form', 'based on comic', 'aftercreditsstinger', 'duringcreditsstinger']"
438695,Sing 2,"['Animation', 'Music', 'Comedy', 'Family']",7.832,4750,10.1878,2021-12-01,85000000,408402685,"['Matthew McConaughey', 'Reese Witherspoon', 'Scarlett Johansson', 'Taron Egerton', 'Bobby Cannavale', 'Tori Kelly']","['wolf', 'stage', 'villain', 'sequel', 'anthropomorphism', 'singing', 'thug', 'animals']"
527774,Raya and the Last Dragon,"['Animation', 'Family', 'Fantasy', 'Adventure', 'Action']",7.801,7263,10.388,2021-03-03,100000000,130423032,"['Kelly Marie Tran', 'Awkwafina', 'Gemma Chan', 'Alan Tudyk', 'Izaac Wang', 'Benedict Wong']","['kung fu', 'sword', 'warrior woman', 'female protagonist', 'dragon', 'vietnamese', 'south asian', 'warrior']"
1305781,Blades of the Guardians: Wind Rises in the Desert,"['Action', 'Drama', 'History']",7.1,36,9.4641,2026-02-17,123000000,203356793,"['Wu Jing', 'Nicholas Tse Ting-Fung', 'Yu Shi', 'Chen Lijun', 'Sun Yizhou', 'Ci Sha']","['martial arts', 'bounty hunter', 'wuxia', 'historical drama', 'historical epic', 'a.d. anno domini', 'based on manhua', 'admiring']"
43347,Love & Other Drugs,"['Drama', 'Comedy', 'Romance']",7.038,5571,9.9409,2010-11-22,30000000,102800000,"['Jake Gyllenhaal', 'Anne Hathaway', 'Oliver Platt', 'Hank Azaria', 'Josh Gad', 'Gabriel Macht']","['letter', 'sexual freedom', 'love', 'viagra', 'free spirit', ""parkinson's disease"", 'pills']"
1327862,Regretting You,"['Romance', 'Drama']",7.01,387,10.1766,2025-10-22,30000000,90452948,"['Mckenna Grace', 'Mason Thames', 'Allison Williams', 'Dave Franco', 'Sam Morelos', 'Scott Eastwood']","['high school', 'based on novel or book', 'aunt niece relationship', 'north carolina', 'death of father', 'car crash', 'underage drinking', 'tragedy']"
50546,Just Go with It,"['Comedy', 'Romance']",6.705,6095,7.96,2011-02-10,80000000,214945591,"['Adam Sandler', 'Jennifer Aniston', 'Brooklyn Decker', 'Nicole Kidman', 'Nick Swardson', 'Bailee Madison']","['friendship', 'hawaii', 'assistant', 'plastic surgery', 'romcom', 'waterfall', 'falling in love', 'older man younger woman relationship']"
982843,The Great Flood,"['Science Fiction', 'Adventure', 'Drama']",5.993,688,9.0244,2025-09-18,0,0,"['Kim Da-mi', 'Park Hae-soo', 'Kwon Eun-seong', 'Jeon Hye-jin', 'Park Byung-eun', 'Lee Hak-ju']","['climate change', 'natural disaster', 'global warming', 'transhumanism', 'flood', 'meditative', 'detached', 'vexed']"
13448,Angels & Demons,"['Thriller', 'Mystery']",6.7,7296,9.6347,2009-04-20,150000000,485930816,"['Tom Hanks', 'Ewan McGregor', 'Ayelet Zurer', 'Stellan Skarsgård', 'Pierfrancesco Favino', 'Nikolaj Lie Kaas']","['based on novel or book', 'rome, italy', 'vatican (holy see)', 'symbolism', 'illuminati', 'quantum mechanics', 'prequel', 'anti matter']"
1307373,Wasteman,"['Crime', 'Drama', 'Thriller']",7.3,37,6.5688,2026-02-20,0,1200343,"['David Jonsson', 'Tom Blyth', 'Alex Hassell', 'Neil Linpow', 'Paul Hilton', 'Corin Silva']","['prison', 'male friendship', 'addiction', 'drug dealing', 'parole', 'parolee', 'estranged son', 'british prison']"
109418,Grown Ups 2,['Comedy'],6.143,4646,9.3533,2013-07-11,80000000,247022278,"['Adam Sandler', 'Kevin James', 'Chris Rock', 'David Spade', 'Salma Hayek Pinault', 'Maya Rudolph']","['friendship', 'journey in the past', 'cliff', 'past', 'sequel', 'friends', 'ridiculous', 'burpsnart']"
265177,Mommy,['Drama'],8.2,2841,9.5347,2014-09-19,4900000,3494070,"['Anne Dorval', 'Suzanne Clément', 'Antoine Olivier Pilon', 'Patrick Huard', 'Alexandre Goyette', 'Michèle Lituac']","['canada', 'parent child relationship', 'karaoke', 'quebec', 'dysfunctional family', 'coming of age', 'single mother', 'juvenile delinquent']"
1429520,Sidelined 2: Intercepted,"['Romance', 'Comedy']",6.901,86,8.9666,2025-11-27,0,0,"['Noah Beck', 'Siena Agudong', 'Charlie Gillespie', 'Drew Ray Tanner', 'James Van Der Beek', 'Roan Curtis']","['dancer', 'based on novel or book', 'college', 'sequel', 'teenage romance', 'young adult', 'college american football', 'based on web novel']"
1208348,Rental Family,"['Drama', 'Comedy']",7.737,762,9.4173,2025-11-20,0,26585129,"['Brendan Fraser', 'Takehiro Hira', 'Mari Yamamoto', 'Shannon Mahina Gorman', 'Akira Emoto', 'Paolo Andrea Di Pietro']","['self-discovery', 'tokyo, japan', 'candid', 'social isolation', 'actor', 'emotional healing', 'inner conflict', 'rental family']"
381288,Split,"['Horror', 'Thriller']",7.3,18284,10.8444,2017-01-19,9000000,278454358,"['James McAvoy', 'Anya Taylor-Joy', 'Haley Lu Richardson', 'Jessica Sula', 'Betty Buckley', 'Izzie Coffey']","['child abuse', 'philadelphia, pennsylvania', 'kidnapping', 'gore', 'sequel', 'stalking', 'teenage girl', 'super power']"
1180831,Troll 2,"['Action', 'Fantasy', 'Thriller']",6.41,463,8.6123,2025-11-30,11200000,0,"['Ine Marie Wilmann', 'Kim S. Falck-Jørgensen', 'Mads Sjøgård Pettersen', 'Sara Khorami', 'Karoline Viktoria Sletteng Garvang', 'Anne Krigsvoll']","['mythical creature', 'sequel', 'troll', 'kaiju', 'oslo, norway', 'monster movie', 'norwegian folklore', 'action thriller']"
114,Pretty Woman,"['Romance', 'Comedy']",7.448,8954,10.855,1990-03-23,14000000,463406268,"['Richard Gere', 'Julia Roberts', 'Ralph Bellamy', 'Jason Alexander', 'Laura San Giacomo', 'Héctor Elizondo']","['prostitute', 'sports car', 'capitalism', 'expensive restaurant', 'workaholic', 'fire escape', 'romcom', 'los angeles, california']"
122906,About Time,"['Drama', 'Romance', 'Fantasy']",7.906,9224,10.4756,2013-09-04,12000000,87100449,"['Domhnall Gleeson', 'Rachel McAdams', 'Bill Nighy', 'Tom Hollander', 'Margot Robbie', 'Lydia Wilson']","['london, england', 'soulmates', 'parent child relationship', 'time travel', 'family secrets', 'cornwall, england', 'family', 'second chance']"
1199193,Pose,['Thriller'],6.156,32,9.8474,2026-02-25,0,0,"['James McAvoy', 'Lucas Bravo', 'Leila Farzad', 'Almudena Amor', 'Aisling Franciosi', 'Elektra Jansson-Kilbey']",[]
1665092,Swallowed Star The Movie  - Battle on Primal Star,"['Animation', 'Adventure', 'Science Fiction']",7.0,1,7.8429,2026-05-01,0,0,"['Zhao Qianjing', 'Wen Liu', 'Lei Wu', 'Chang Xu', 'Zhang Lei']",['universe']
980489,Gran Turismo,"['Adventure', 'Drama', 'Action']",7.7,3364,10.5356,2023-08-09,60000000,121700000,"['Archie Madekwe', 'David Harbour', 'Orlando Bloom', 'Djimon Hounsou', 'Darren Barnet', 'Maeve Courtier-Lilley']","['sports', 'based on true story', 'racing', 'based on video game', 'aftercreditsstinger', 'duringcreditsstinger', 'motorsport']"
1495694,Beauty from Pain,"['Romance', 'Drama']",7.219,16,10.1771,2025-12-18,0,0,"['Samantha Allsop', 'Jackson Gallagher', 'Arielle Cartwright', 'Callan Colley', 'Brittany Grey', 'Jasmine Barui']","['based on novel or book', 'heartbreak', 'romantic drama', 'winemaking']"
499191,Call Boy,['Drama'],6.509,55,9.4101,2018-04-06,0,0,"['Tori Matsuzaka', 'Sei Matobu', 'Ami Tomite', 'Yuki Sakurai', 'Kenta Izuka', 'Yu Koyanagi']","['based on novel or book', 'unrequited love', 'male prostitution', 'prostitution', 'older woman younger man relationship', 'bdsm', 'sex industry', 'oedipus complex']"
1031774,Thriller 40,"['Documentary', 'Music']",8.485,100,10.705,2023-12-02,0,0,"['Michael Jackson', 'Quincy Jones', 'Paul McCartney', 'Usher', 'Mary J. Blige', 'Mark Ronson']","['pop star', 'music documentary']"
91314,Transformers: Age of Extinction,"['Science Fiction', 'Action', 'Adventure']",5.959,8713,10.4727,2014-06-25,210000000,1105261713,"['Mark Wahlberg', 'Peter Cullen', 'Stanley Tucci', 'Kelsey Grammer', 'Nicola Peltz', 'Jack Reynor']","['bounty hunter', 'texas', 'sequel', 'alien', 'on the run', 'based on toy', 'giant robot', 'robot']"
1097549,Babygirl,"['Romance', 'Thriller']",5.697,1180,9.5314,2024-12-25,20000000,60934894,"['Nicole Kidman', 'Harris Dickinson', 'Antonio Banderas', 'Esther-Rose McGregor', 'Sophie Wilde', 'Vaughan Reilly']","['infidelity', 'new york city', 'husband wife relationship', 'sexual frustration', 'sexuality', 'eroticism', 'seduction', 'workplace']"
677638,We Bare Bears: The Movie,"['Animation', 'Adventure', 'Family', 'Comedy', 'TV Movie']",7.836,848,9.2429,2020-06-30,0,0,"['Eric Edelstein', 'Bobby Moynihan', 'Demetri Martin', 'Marc Evan Jackson', 'Jason Lee', 'Patton Oswalt']","['canada', 'grizzly bear', 'villain', 'polar bear', 'road trip', 'panda', 'slice of life', 'fugitive']"
8363,Superbad,['Comedy'],7.262,8045,10.4781,2007-08-17,20000000,170800000,"['Jonah Hill', 'Michael Cera', 'Christopher Mintz-Plasse', 'Bill Hader', 'Seth Rogen', 'Martha MacIsaac']","['high school', 'police', 'alcohol', 'chaos', 'nerd', 'coming of age', 'school', 'los angeles, california']"
36557,Casino Royale,"['Adventure', 'Action', 'Thriller']",7.569,11642,9.756,2006-11-14,150000000,599045960,"['Daniel Craig', 'Eva Green', 'Mads Mikkelsen', 'Judi Dench', 'Jeffrey Wright', 'Giancarlo Giannini']","['banker', 'casino', 'based on novel or book', 'poker', 'italy', 'spy', 'money', 'torture']"
281957,The Revenant,"['Western', 'Drama', 'Adventure']",7.541,19252,10.652,2015-12-25,135000000,532950503,"['Leonardo DiCaprio', 'Tom Hardy', 'Domhnall Gleeson', 'Will Poulter', 'Forrest Goodluck', 'Duane Howard']","['rape', 'based on novel or book', 'parent child relationship', 'winter', 'child murder', 'mountain', 'grizzly bear', 'animal attack']"
131631,The Hunger Games: Mockingjay - Part 1,"['Science Fiction', 'Adventure', 'Thriller']",6.817,16690,10.556,2014-11-19,125000000,755356711,"['Jennifer Lawrence', 'Josh Hutcherson', 'Liam Hemsworth', 'Woody Harrelson', 'Elizabeth Banks', 'Julianne Moore']","['based on novel or book', 'resistance', 'dystopia', 'post-apocalyptic future', 'sequel', 'female protagonist', 'bow and arrow', 'game']"
1252037,The Tank,"['War', 'Action', 'Drama']",7.065,422,9.3665,2025-09-18,0,0,"['Laurence Rupp', 'David Schütter', 'Sebastian Urzendowsky', 'Leonard Kunz', 'Yoran Leicher', 'André Hennicke']","['world war ii', 'tank', 'anti war', '1940s', 'war trauma', 'desperation', 'eastern front', 'meth']"
242,The Godfather Part III,"['Crime', 'Drama', 'Thriller']",7.4,6826,10.3078,1990-12-25,54000000,136766062,"['Al Pacino', 'Diane Keaton', 'Talia Shire', 'Andy Garcia', 'Eli Wallach', 'Joe Mantegna']","['daughter', 'new york city', 'helicopter', 'assassination', 'italian american', 'italy', 'gangster', 'confession']"
76338,Thor: The Dark World,"['Action', 'Adventure', 'Fantasy']",6.509,18282,9.8996,2013-10-30,170000000,644783140,"['Chris Hemsworth', 'Natalie Portman', 'Tom Hiddleston', 'Christopher Eccleston', 'Anthony Hopkins', 'Jaimie Alexander']","['superhero', 'based on comic', 'hostile takeover', 'norse mythology', 'aftercreditsstinger', 'duringcreditsstinger', 'marvel cinematic universe (mcu)', 'mythological place']"
120467,The Grand Budapest Hotel,"['Comedy', 'Drama']",8.028,16033,10.3039,2014-02-26,30000000,174600318,"['Ralph Fiennes', 'F. Murray Abraham', 'Mathieu Amalric', 'Adrien Brody', 'Willem Dafoe', 'Jeff Goldblum']","['hotel', 'painting', 'wartime', 'eastern europe', 'author', 'gunfight', 'theft', 'period drama']"
162,Edward Scissorhands,"['Fantasy', 'Drama', 'Romance']",7.7,13730,9.3715,1990-12-07,20000000,86024005,"['Johnny Depp', 'Winona Ryder', 'Dianne Wiest', 'Anthony Michael Hall', 'Kathy Baker', 'Robert Oliveri']","['underdog', 'small town', 'unsociability', 'inventor', 'hairdresser', 'isolation', 'scissors', 'burglar']"
8835,Legally Blonde,['Comedy'],6.806,4516,10.361,2001-07-13,18000000,141778365,"['Reese Witherspoon', 'Luke Wilson', 'Selma Blair', 'Matthew Davis', 'Victor Garber', 'Jennifer Coolidge']","['father murder', 'blonde', 'superficiality', 'beauty salon', 'law school', 'murder', 'cynical', 'girl power']"
600,Full Metal Jacket,"['Drama', 'War']",8.119,11407,9.1631,1987-06-26,30000000,46357676,"['Matthew Modine', 'Adam Baldwin', ""Vincent D'Onofrio"", 'R. Lee Ermey', 'Dorian Harewood', 'Kevyn Major Howard']","['rescue', 'sniper', 'vietnam war', 'suicide', 'vietnam', 'helicopter', 'army', 'prostitute']"
950,Ice Age: The Meltdown,"['Animation', 'Family', 'Comedy', 'Adventure']",6.717,10313,8.9515,2006-03-29,80000000,660998756,"['Ray Romano', 'John Leguizamo', 'Denis Leary', 'Queen Latifah', 'Seann William Scott', 'Josh Peck']","['mammoth', 'sloth', 'ice age', 'barrier ice', 'ice melting', 'iceberg', 'villain', 'flooding']"
646385,Scream,"['Horror', 'Mystery']",6.685,3851,10.2194,2022-01-12,24000000,138874789,"['Melissa Barrera', 'Jenna Ortega', 'Mason Gooding', 'Jasmin Savoy Brown', 'Jack Quaid', 'Mikey Madison']","['mask', 'attempted murder', 'hallucination', 'murder', 'teen movie', 'serial killer', 'hospital', 'slasher']"
92060,Michael Jackson's Thriller,"['Horror', 'Thriller', 'Music']",8.255,748,10.3191,2008-02-08,500000,0,"['Michael Jackson', 'Ola Ray', 'Vincent Price', 'Cynthia Garris', 'Mick Garris', 'Hanala Sagal']","['dancing', 'date', 'narration', 'music video', 'zombie', 'werewolf', 'graveyard']"
359724,Ford v Ferrari,"['Drama', 'Action', 'History']",8.007,8934,9.2123,2019-11-13,97600000,225508210,"['Matt Damon', 'Christian Bale', 'Jon Bernthal', 'Caitríona Balfe', 'Josh Lucas', 'Noah Jupe']","['based on novel or book', 'car race', 'sports', 'car mechanic', 'biography', 'based on true story', 'le mans', 'racing']"
44896,Rango,"['Animation', 'Comedy', 'Family', 'Western', 'Adventure']",6.893,7057,10.2258,2011-03-02,135000000,245724603,"['Johnny Depp', 'Isla Fisher', 'Ned Beatty', 'Bill Nighy', 'Abigail Breslin', 'Alfred Molina']","['hero', 'gunslinger', 'sheriff', 'nevada', 'mayor', 'pet', 'native american', 'water supply']"
776503,CODA,"['Drama', 'Music', 'Romance']",7.891,2570,9.3479,2021-08-13,10000000,1905058,"['Emilia Jones', 'Marlee Matlin', 'Troy Kotsur', 'Eugenio Derbez', 'Ferdia Walsh-Peelo', 'Daniel Durant']","['parent child relationship', 'music teacher', 'fishing', 'deaf', 'massachusetts', 'coming of age', 'remake', 'singing']"
500,Reservoir Dogs,"['Crime', 'Thriller']",8.114,15401,10.047,1992-09-02,1200000,2859750,"['Harvey Keitel', 'Tim Roth', 'Michael Madsen', 'Chris Penn', 'Steve Buscemi', 'Lawrence Tierney']","['escape', 'jewelry', 'psychopath', 'traitor', 'ear', 'heist', 'thief', 'betrayal']"
1426964,State of Fear,"['Action', 'Thriller', 'Crime', 'Drama']",5.701,67,9.1435,2026-02-10,0,0,"['Naruna Costa', 'Camilla Damião', 'Seu Jorge', 'David Santos', 'Marcélia Cartaxo', 'Lee Taylor']",['romantic']
351286,Jurassic World: Fallen Kingdom,"['Adventure', 'Science Fiction', 'Thriller']",6.53,12717,9.336,2018-06-06,170000000,1310469037,"['Chris Pratt', 'Bryce Dallas Howard', 'Rafe Spall', 'Justice Smith', 'Daniella Pineda', 'James Cromwell']","['tyrannosaurus rex', 'volcano', 'rescue mission', 'sequel', 'wild animal', 'prehistoric creature', 'dinosaur', 'genetic engineering']"
335,Once Upon a Time in the West,"['Drama', 'Western']",8.273,4876,10.3684,1968-12-21,5000000,5380118,"['Claude Cardinale', 'Henry Fonda', 'Jason Robards', 'Charles Bronson', 'Gabriele Ferzetti', 'Paolo Stoppa']","['small town', 'loss of loved one', 'harmonica', 'wedding party', 'spaghetti western', 'arizona territory', 'intercontintental railroad', 'outlaw gang']"
447277,The Little Mermaid,"['Adventure', 'Family', 'Fantasy', 'Romance']",6.277,3298,10.6865,2023-05-18,297000000,569626289,"['Halle Bailey', 'Jonah Hauer-King', 'Melissa McCarthy', 'Javier Bardem', 'Noma Dumezweni', 'Art Malik']","['witch', 'mermaid', 'musical', 'based on fairy tale', 'live action remake']"
11631,Mamma Mia!,"['Comedy', 'Romance']",6.972,6970,10.0206,2008-07-03,52000000,609841637,"['Amanda Seyfried', 'Meryl Streep', 'Pierce Brosnan', 'Colin Firth', 'Stellan Skarsgård', 'Christine Baranski']","['single parent', 'parent child relationship', 'greece', 'musical', 'romcom', 'based on play or musical', 'unknown father', 'single mother']"
1368,First Blood,"['Action', 'Adventure', 'Thriller', 'War']",7.5,6855,10.5141,1982-10-22,15000000,125212904,"['Sylvester Stallone', 'Richard Crenna', 'Brian Dennehy', 'Bill McKinney', 'Jack Starrett', 'Michael Talbott']","['prison', 'guerrilla warfare', 'dying and death', 'vietnam war', 'vietnam veteran', 'hero', 'vietnam', 'police brutality']"
1100782,Smile 2,"['Horror', 'Mystery', 'Music']",6.584,2128,9.1025,2024-10-16,28000000,138128854,"['Naomi Scott', 'Rosemarie DeWitt', 'Lukas Gage', 'Miles Gutierrez-Riley', 'Peter Jacobson', 'Ray Nicholson']","['drug dealer', 'depression', 'new york city', 'dancing', 'suicide', 'concert', 'nightmare', 'escape']"
1125257,Freakier Friday,"['Comedy', 'Fantasy', 'Family', 'Romance']",6.833,680,9.4213,2025-08-06,42000000,153176952,"['Lindsay Lohan', 'Jamie Lee Curtis', 'Julia Butters', 'Sophia Hammons', 'Manny Jacinto', 'Mark Harmon']","['based on novel or book', 'body exchange', 'sequel', 'body-swap', 'mother daughter relationship', 'amused']"
49444,Kung Fu Panda 2,"['Animation', 'Family', 'Comedy', 'Action']",7.059,7843,9.7252,2011-05-25,150000000,665692281,"['Jack Black', 'Angelina Jolie', 'Dustin Hoffman', 'Gary Oldman', 'Jackie Chan', 'Lucy Liu']","['mission', 'martial arts', 'kung fu', 'fortune teller', 'post-traumatic stress disorder (ptsd)', 'prophecy', 'hope', 'villain']"
122126,The Concubine,['Drama'],5.8,110,9.7432,2012-06-06,0,16465764,"['Cho Yeo-jeong', 'Kim Dong-wook', 'Kim Min-jun', 'Park Ji-young', 'Cho Eun-ji', 'Lee Kyung-young']","['palace', 'eunuch', 'concubine', 'period drama', 'political intrigue\xa0', '15th century', 'joseon dynasty (1392–1910)']"
43947,I Spit on Your Grave,"['Thriller', 'Crime', 'Horror']",6.506,2547,9.875,2010-06-17,2000000,572809,"['Sarah Butler', 'Jeff Branson', 'Tracey Walter', 'Andrew Howard', 'Chad Lindberg', 'Rodney Eastman']","['rape', 'fondling', 'remake', 'revenge', 'writer', 'garden shears', 'rape and revenge', 'emasculation']"
1404404,Crayon Shin-chan the Movie: Super Hot! The Spicy Kasukabe Dancers,"['Animation', 'Adventure', 'Comedy']",7.111,9,8.5519,2025-08-08,0,18364894,"['Yumiko Kobayashi', 'Miki Narahashi', 'Toshiyuki Morikawa', 'Satomi Korogi', 'Mari Mashiba', 'Tamao Hayashi']","['dancer', 'based on manga', 'india', 'seinen', 'anime']"
882569,Guy Ritchie's The Covenant,"['War', 'Action', 'Thriller']",7.721,3145,10.3824,2023-04-19,55000000,21948551,"['Jake Gyllenhaal', 'Dar Salim', 'Sean Sagar', 'Jason Wong', 'Rhys Yates', 'Christian Ochoa']","['ambush', 'interpreter', 'afghanistan', 'rescue mission', 'afghanistan war (2001-2021)', 'taliban', 'behind enemy lines', 'wounded soldier']"
787699,Wonka,"['Comedy', 'Family', 'Fantasy']",7.039,4364,12.2084,2023-12-06,125000000,634502312,"['Timothée Chalamet', 'Calah Lane', 'Keegan-Michael Key', 'Hugh Grant', 'Paterson Joseph', 'Olivia Colman']","['chocolate', 'musical', 'prequel', 'duringcreditsstinger', 'cartel', 'joyous', 'amused']"
737057,Suspicious Practice Room: Special Treatment of Mother's Friend,"['Drama', 'Romance']",3.75,4,9.8131,2018-03-06,0,0,"['Yurina Aizawa', 'Makiko Ichinose', 'Shin Fuji', 'Take Makimura']",['softcore']
46853,Playing with Love,['Drama'],5.256,87,9.9501,1977-05-17,0,0,"['Lara Wendel', 'Éva Ionesco', 'Martin Loeb']","['love triangle', 'cave', 'summer residence', 'forest', 'growing up', 'teenage sexuality']"
242582,Nightcrawler,"['Crime', 'Drama', 'Thriller']",7.709,11670,10.7123,2014-10-23,8500000,47425835,"['Jake Gyllenhaal', 'Riz Ahmed', 'Rene Russo', 'Bill Paxton', 'Kevin Rahm', 'Michael Hyatt']","['underground', 'psychopath', 'journalism', 'job interview', 'cynicism', 'sociopath', 'murder', 'serial killer']"
1050035,Monster,"['Mystery', 'Thriller', 'Drama']",7.915,875,9.756,2023-06-02,0,0,"['Sakura Ando', 'Soya Kurokawa', 'Hinata Hiiragi', 'Eita Nagayama', 'Yuko Tanaka', 'Mitsuki Takahata']","['friendship', 'japan', 'bullying', 'elementary school', 'coming of age', 'school', 'teacher student relationship', 'childhood']"
149,Akira,"['Animation', 'Science Fiction', 'Action']",7.944,4751,9.4253,1988-06-10,5700000,49000000,"['Mitsuo Iwata', 'Nozomu Sasaki', 'Mami Koyama', 'Taro Ishida', 'Mizuho Suzuki', 'Tessyo Genda']","['army', 'street gang', 'saving the world', 'total destruction', 'experiment', 'general', 'megacity', 'atomic bomb']"
321612,Beauty and the Beast,"['Family', 'Fantasy', 'Romance']",7.0,15979,10.4393,2017-03-16,160000000,1266115964,"['Emma Watson', 'Dan Stevens', 'Luke Evans', 'Kevin Kline', 'Emma Thompson', 'Ewan McGregor']","['france', 'magic', 'fairy tale', 'transformation', 'cartoon', 'castle', 'musical', 'remake']"
585511,Luck,"['Animation', 'Adventure', 'Comedy', 'Fantasy', 'Family']",7.72,1943,9.2818,2022-08-05,0,0,"['Eva Noblezada', 'Simon Pegg', 'Jane Fonda', 'Whoopi Goldberg', ""Colin O'Donoghue"", 'Lil Rel Howery']","['superstition', 'bad luck', 'leprechaun', 'computer animation', 'female protagonist', 'calm']"
222517,Snow White and 7 Wise Men,['Comedy'],4.735,17,10.2597,1982-04-03,0,0,"['Michela Miti', 'Franco Bracardi', 'Aldo Sambrell', ""Gianfranco D'Angelo"", 'Oreste Lionello', 'Gianni Magni']",['parody']
323260,The Gigolo,"['Romance', 'Drama', 'Comedy']",5.411,45,10.2504,2015-01-29,0,709136,"['Dominic Ho Hou-Man', 'Candy Yuen', 'Jeana Ho Pui-Yu', 'Hazel Tong Chi-Yui', 'Winnie Leung Man-Yee', 'Pal Sinn Lap-Man']","['male prostitution', 'erotic movie']"
384018,Fast & Furious Presents: Hobbs & Shaw,"['Action', 'Adventure', 'Comedy']",6.832,7728,9.6749,2019-07-31,200000000,760098996,"['Dwayne Johnson', 'Jason Statham', 'Idris Elba', 'Vanessa Kirby', 'Helen Mirren', 'Eiza González']","['london, england', 'biological weapon', 'secret organization', 'family clan', 'friends', 'spin off', 'family reunion', 'buddy comedy']"
448772,A Great Love,"['Drama', 'Comedy']",5.0,5,7.4965,1995-01-01,0,0,"['Malù', 'Alex Damiani', 'Antonio Zequila', 'Cristina Bersacchi', 'Carlo Macaro', 'Valeria Favaro']",['erotic movie']
377,A Nightmare on Elm Street,['Horror'],7.344,5700,9.7911,1984-11-09,1800000,57004513,"['John Saxon', 'Ronee Blakley', 'Heather Langenkamp', 'Amanda Wyss', 'Jsu Garcia', 'Johnny Depp']","['dreams', 'nightmare', 'psychopath', 'sleep', 'child murder', 'supernatural', 'ohio', 'murder']"
246655,X-Men: Apocalypse,"['Science Fiction', 'Fantasy', 'Action']",6.522,13734,10.1398,2016-05-18,178000000,543934787,"['James McAvoy', 'Michael Fassbender', 'Jennifer Lawrence', 'Nicholas Hoult', 'Oscar Isaac', 'Rose Byrne']","['egypt', 'hero', 'superhero', 'mutant', 'based on comic', 'sequel', 'superhuman', 'super power']"
9487,A Bug's Life,"['Family', 'Animation', 'Adventure', 'Comedy']",6.976,9702,10.0739,1998-11-25,80000000,363258859,"['Dave Foley', 'Kevin Spacey', 'Julia Louis-Dreyfus', 'Hayden Panettiere', 'Phyllis Diller', 'Richard Kind']","['fight', 'circus', 'winter', 'ant-hill', 'ant', 'villain', 'invention', 'collector']"
166428,How to Train Your Dragon: The Hidden World,"['Animation', 'Family', 'Adventure']",7.75,7072,9.2604,2019-01-03,129000000,539987993,"['Jay Baruchel', 'America Ferrera', 'F. Murray Abraham', 'Cate Blanchett', 'Gerard Butler', 'Craig Ferguson']","['based on novel or book', 'flying', 'villain', 'melancholy', 'vikings (norsemen)', 'sequel', 'overpopulation', 'dragon']"
1064028,Subservience,"['Science Fiction', 'Horror', 'Thriller']",6.617,990,10.1681,2024-08-15,4400000,262793,"['Megan Fox', 'Michele Morrone', 'Madeline Zima', 'Matilda Firth', 'Andrew Whipp', 'Atanas Srebrev']","['artificial intelligence (a.i.)', 'robot', 'fight for survival', 'loss of control', 'android horror', 'psychological tension', 'rogue ai', 'sci‑fi horror thriller']"
87101,Terminator Genisys,"['Science Fiction', 'Action', 'Thriller']",5.951,8941,10.9628,2015-06-23,155000000,440603537,"['Emilia Clarke', 'Jai Courtney', 'Arnold Schwarzenegger', 'Jason Clarke', 'Matt Smith', 'J.K. Simmons']","['future', 'artificial intelligence (a.i.)', 'saving the world', 'cyborg', 'killer robot', 'dystopia', 'time travel', 'sequel']"
255709,Hope,['Drama'],8.388,845,10.491,2013-10-02,0,0,"['Sul Kyung-gu', 'Uhm Ji-won', 'Lee Re', 'Kim Sang-ho', 'Kim Hae-sook', 'Ra Mi-ran']","['child abuse', 'hope', 'based on true story', 'sexual assault', 'south korea']"
508883,The Boy and the Heron,"['Animation', 'Fantasy', 'Drama']",7.402,2616,10.3106,2023-07-14,50000000,294200000,"['Soma Santoki', 'Masaki Suda', 'Ko Shibasaki', 'Aimyon', 'Yoshino Kimura', 'Takuya Kimura']","['loss of loved one', 'world war ii', 'supernatural', 'education', 'coming of age', 'spirituality', 'poverty', 'teenage boy']"
316029,The Greatest Showman,['Drama'],7.859,10030,9.4496,2017-12-20,84000000,459066134,"['Hugh Jackman', 'Zac Efron', 'Michelle Williams', 'Rebecca Ferguson', 'Zendaya', 'Keala Settle']","['adultery', 'circus', 'musical', 'biography', 'rags to riches', 'based on true story', 'outcast', 'singing']"
927118,Odoru Chibusa,"['Drama', 'Mystery']",3.3,3,10.5637,1984-07-13,0,0,"['Kate Asabuki', 'Mizuho Nakagawa', 'Kaoru Mizuki', 'Yūji Nogami', 'Shinji Sekikawa', 'Hidekazu Takahara']","['softcore', 'pink film']"
102899,Ant-Man,"['Science Fiction', 'Adventure', 'Action']",7.065,20815,9.3118,2015-07-14,130000000,519311965,"['Paul Rudd', 'Michael Douglas', 'Evangeline Lilly', 'Corey Stoll', 'Bobby Cannavale', 'Anthony Mackie']","['superhero', 'ant', 'master thief', 'shrinking', 'based on comic', 'heist', 'miniaturization', 'mentor protégé relationship']"
670292,The Creator,"['Science Fiction', 'Action', 'Adventure']",7.01,3801,9.0013,2023-09-27,80000000,104272136,"['John David Washington', 'Madeleine Yuna Voyles', 'Gemma Chan', 'Allison Janney', 'Ken Watanabe', 'Sturgill Simpson']","['artificial intelligence (a.i.)', 'asia', 'cyberpunk', 'transhumanism', 'robot', 'space station', 'kids', 'ex special forces']"
1151031,Bring Her Back,['Horror'],7.339,1612,9.9185,2025-05-28,15000000,39410222,"['Billy Barratt', 'Sally Hawkins', 'Mischa Heywood', 'Jonah Wren Phillips', 'Stephen Phillips', 'Sally-Anne Upton']","['sibling relationship', 'ritual', 'supernatural', 'death of father', 'grief', 'death', 'death of daughter', 'angry']"
13375,The Tit and the Moon,"['Drama', 'Comedy']",6.3,93,8.7527,1994-03-29,0,0,"['Biel Duran', 'Mathilda May', 'Gérard Darmon', 'Miguel Poveda', 'Abel Folk', 'Laura Mañá']",[]
32657,Percy Jackson & the Olympians: The Lightning Thief,"['Adventure', 'Fantasy', 'Family']",6.212,7799,10.1673,2010-02-01,95000000,226497209,"['Logan Lerman', 'Brandon T. Jackson', 'Alexandra Daddario', 'Jake Abel', 'Pierce Brosnan', 'Sean Bean']","['monster', 'based on novel or book', 'greek mythology', 'dyslexia', 'god', 'poseidon', 'lightning bolt', 'fantasy world']"
11645,Ran,"['Action', 'Drama', 'History']",8.0,1803,10.5193,1985-06-01,12000000,23334156,"['Tatsuya Nakadai', 'Akira Terao', 'Jinpachi Nezu', 'Daisuke Ryū', 'Mieko Harada', 'Yoshiko Miyazaki']","['assassination', 'kingdom', 'gun', 'greed', 'castle', 'siege', 'heir to the throne', 'revenge']"
1217584,Torrente for President,['Comedy'],6.3,34,8.2659,2026-03-13,0,0,"['Santiago Segura', 'Fernando Esteso', 'Gabino Diego', 'Carlos Areces', 'Josele Román', 'Leo Harlem']","['dark comedy', 'political satire', 'political corruption', 'political comedy', 'amused', 'scathing']"
11970,Hercules,"['Animation', 'Family', 'Fantasy', 'Adventure', 'Comedy', 'Romance']",7.491,7900,9.8591,1997-06-13,85000000,252712101,"['Tate Donovan', 'Josh Keaton', 'Roger Bart', 'Danny DeVito', 'James Woods', 'Susan Egan']","['peasant', 'hades', 'cartoon', 'villain', 'musical', 'pegasus', 'zeus', 'coming of age']"
1011477,Karate Kid: Legends,"['Action', 'Adventure', 'Drama']",6.994,1178,9.2974,2025-05-08,45000000,117105466,"['Jackie Chan', 'Ben Wang', 'Joshua Jackson', 'Sadie Stanley', 'Ming-Na Wen', 'Wyatt Oleff']","['new york city', 'martial arts', 'kung fu', 'mentor', 'ex-boyfriend', 'karate', 'beijing, china', 'martial arts tournament']"
343611,Jack Reacher: Never Go Back,"['Action', 'Thriller', 'Drama', 'Crime']",6.0,5307,8.6716,2016-10-19,60000000,162100000,"['Tom Cruise', 'Cobie Smulders', 'Danika Yarosh', 'Aldis Hodge', 'Patrick Heusinger', 'Madalyn Horcher']","['based on novel or book', 'espionage', 'military officer', 'homicide', 'falsely accused', 'new orleans, louisiana', 'investigation', 'afghanistan']"
207768,I Spit on Your Grave 2,"['Thriller', 'Horror', 'Crime']",6.3,1417,9.3396,2013-08-25,0,678604,"['Jemma Dallender', 'Joe Absolom', 'Aleksandar Aleksiev', 'Yavor Baharov', 'Mary Stockley', 'Michael Dixon']","['rape', 'exploitation', 'sequel', 'revenge', 'model', 'american express', 'rape and revenge']"
1146506,CatBoy,['Drama'],0.0,0,10.4431,2023-07-01,0,0,"['Javier des León', 'Cacao Díaz', 'Gorgeous Jayce Gucci', 'Chap Rodríguez Rosell', 'Panterino']","['gay theme', '同性']"
1291335,Solo Mio,"['Romance', 'Comedy']",7.1,133,10.9035,2026-02-05,4000000,26310611,"['Kevin James', 'Nicole Grimaudo', 'Kim Coates', 'Jonathan Roumie', 'Alyson Hannigan', 'Julie Ann Emery']","['rome, italy', 'italy', 'sadness', 'honeymoon', 'romcom', 'loneliness', 'abandonment', 'relaxed']"
1493859,Pizza Movie,['Comedy'],6.424,99,8.6985,2026-03-13,0,0,"['Gaten Matarazzo', 'Sean Giambrone', 'Lulu Wilson', 'Jack Martin', 'Peyton Elizabeth Lee', 'Marcus Scribner']","['drugs', 'nostalgic', 'buddy comedy', 'paranoid', 'college student', 'playful', 'stoner comedy']"
331482,Little Women,"['Drama', 'Romance']",7.854,6805,12.0712,2019-12-25,40000000,332103783,"['Saoirse Ronan', 'Emma Watson', 'Florence Pugh', 'Eliza Scanlen', 'Laura Dern', 'Timothée Chalamet']","['new york city', 'sibling relationship', 'based on novel or book', 'massachusetts', 'coming of age', 'remake', 'period drama', 'american civil war']"
2501,The Bourne Identity,"['Action', 'Drama', 'Mystery', 'Thriller']",7.476,10050,10.6354,2002-06-14,60000000,214034224,"['Matt Damon', 'Franka Potente', 'Chris Cooper', 'Clive Owen', 'Brian Cox', 'Adewale Akinnuoye-Agbaje']","['assassin', 'amnesia', 'paris, france', 'based on novel or book', 'escape', 'barcelona, spain', 'spy', 'secret identity']"
731249,Crayon Shin-chan: Crash! Scribble Kingdom and Almost Four Heroes,"['Animation', 'Comedy', 'Family', 'Action', 'Adventure', 'Fantasy']",7.553,19,8.6337,2020-09-11,0,11000000,"['Yumiko Kobayashi', 'Miki Narahashi', 'Toshiyuki Morikawa', 'Satomi Korogi', 'Mari Mashiba', 'Tamao Hayashi']","['japan', 'kingdom', 'anime', 'child protagonist', 'floating city']"
1439112,Muzzle: City of Wolves,"['Action', 'Thriller', 'Mystery']",6.696,130,8.9787,2025-11-13,0,0,"['Aaron Eckhart', 'Tanya van Graan', 'Karl Thaning', 'Nicole Fortuin', 'Adrian Collins', 'Hakeem Kae-Kazim']","['police dog', 'lapd']"
1627792,Sagaran,['Drama'],4.5,2,9.1046,2026-02-06,0,0,"['Ashley Lopez', 'Yda Manzano', 'Marco Gomez', 'Ralmon Mendoza', 'Kurt Veneracion', 'Trish Gaden']",['sexy']
37043,Double Agent 73,"['Comedy', 'Crime', 'Action']",3.766,31,9.7101,1974-01-01,0,0,"['Chesty Morgan', 'Frank Silvano', 'Saul Meth', 'Jill Harris', 'Louis Burdi', 'Peter Savage']","['undercover agent', 'spy', 'drug trafficking', 'exploitation', 'woman director', 'erotic movie']"
13811,Knowing,"['Action', 'Mystery', 'Science Fiction', 'Thriller']",6.249,5777,8.0886,2009-03-19,50000000,155446362,"['Nicolas Cage', 'Rose Byrne', 'Chandler Canterbury', 'Ben Mendelsohn', 'Nadia Townsend', 'Terry Camilleri']","['cataclysm', 'melancholy', 'code', 'alien', 'time capsule', 'end of the world', 'astrophysicist', 'grieving widower']"
23823,Wrong Turn 3: Left for Dead,"['Horror', 'Thriller']",5.691,1265,9.7155,2009-10-08,3000000,0,"['Tom Frederic', 'Janet Montgomery', 'Louise Cliffe', 'Jack Gordon', 'Emma Clifford', 'Todd Jensen']","['sheriff', 'river', 'penitentiary', 'forest', 'west virginia', 'woods', 'slasher', 'hillbilly']"
38055,Megamind,"['Animation', 'Action', 'Comedy', 'Family', 'Science Fiction']",7.023,7442,9.5117,2010-10-28,130000000,321885765,"['Will Ferrell', 'Brad Pitt', 'Tina Fey', 'Jonah Hill', 'David Cross', 'Ben Stiller']","['prison', 'fish', 'saving the world', 'date', 'gun', 'secret identity', 'superhero', 'anti hero']"
24021,The Twilight Saga: Eclipse,"['Adventure', 'Fantasy', 'Drama', 'Romance']",6.195,9225,9.8471,2010-06-23,68000000,698491347,"['Kristen Stewart', 'Robert Pattinson', 'Taylor Lautner', 'Bryce Dallas Howard', 'Dakota Fanning', 'Billy Burke']","['based on novel or book', 'immortality', 'vampire', 'bite', 'graduation', 'teen movie', 'werewolf', 'based on young adult novel']"
1022256,Selena Gomez: My Mind & Me,"['Documentary', 'Music']",8.497,590,9.9483,2022-11-04,0,0,"['Selena Gomez', 'Raquelle Stevens', 'Ashley Cook', 'Liana Blackburn', 'Brent L. Boxberger', 'Devyck Bull']","['music documentary', 'admiring']"
787,Mr. & Mrs. Smith,"['Action', 'Comedy', 'Drama', 'Thriller']",6.692,11179,9.6891,2005-06-07,110000000,487287646,"['Brad Pitt', 'Angelina Jolie', 'Vince Vaughn', 'Adam Brody', 'Kerry Washington', 'Keith David']","['assassin', 'bomb', 'hitman', 'marriage crisis', 'gun', 'secret identity', 'married couple', 'assault rifle']"
1316427,7 Dogs,"['Action', 'Comedy']",0.0,0,9.6495,2026-05-27,40000000,0,"['Ahmed Ezz', 'Karim Abdel Aziz', 'Monica Bellucci', 'Tara Emad', 'Sandy Bella', 'Martin Lawrence']",[]
141052,Justice League,"['Action', 'Adventure', 'Science Fiction']",6.072,13637,9.2999,2017-11-15,300000000,661326987,"['Ben Affleck', 'Henry Cavill', 'Amy Adams', 'Gal Gadot', 'Ezra Miller', 'Jason Momoa']","['superhero', 'based on comic', 'super power', 'superhero team', 'aftercreditsstinger', 'duringcreditsstinger', 'dc extended universe (dceu)']"
339331,Honey,['Drama'],4.85,20,9.6054,1981-05-08,0,0,"['Clio Goldsmith', 'Catherine Spaak', 'Fernando Rey', 'Donatella Damiani', 'Nieves Navarro', 'Lino Troisi']",['bdsm']
764339,An Affair: My Wife's Friend 2,[],7.0,2,10.4977,2019-08-09,0,0,"['Yoon Da-hyeon', 'Yoo Sul-young', 'Kim Hee-jeong']",['softcore']
4248,Scary Movie 2,['Comedy'],5.816,5125,10.0664,2001-07-04,45000000,141220678,"['Anna Faris', 'Regina Hall', 'Marlon Wayans', 'Shawn Wayans', 'Christopher Masterson', 'Kathleen Robertson']","['supernatural', 'exorcism', 'haunted house', 'parody', 'sequel', 'spoof', 'horror spoof', 'secret door']"
12244,9,"['Action', 'Adventure', 'Animation', 'Science Fiction', 'Thriller']",6.948,3860,10.0717,2009-08-19,30000000,48428063,"['Elijah Wood', 'Christopher Plummer', 'Martin Landau', 'John C. Reilly', 'Crispin Glover', 'Jennifer Connelly']","['friendship', 'man vs machine', 'hope', 'dystopia', 'post-apocalyptic future', 'steampunk', 'coward', 'end of world']"
615453,Ne Zha,"['Animation', 'Fantasy', 'Adventure']",7.888,851,9.5332,2019-07-26,22000000,742718496,"['Lu Yanting', 'Joseph', 'Han Mo', 'Chen Hao', 'Lu Qi', 'Zhang Jiaming']","['fight', 'magic', 'dragon', 'demon', 'dark fantasy', 'based on myths, legends or folklore', '3d animation', 'nezha']"
673593,Mean Girls,['Comedy'],5.875,718,9.1135,2024-01-10,36000000,104970953,"['Angourie Rice', 'Reneé Rapp', 'Auliʻi Cravalho', 'Jaquel Spivey', 'Avantika', 'Bebe Wood']","['high school', 'musical', 'illinois', 'female friendship', 'bullying', 'based on play or musical', 'kenya', 'teen movie']"
1402,The Pursuit of Happyness,['Drama'],7.885,10557,9.934,2006-12-14,55000000,307077295,"['Will Smith', 'Jaden Smith', 'Thandiwe Newton', 'Brian Howe', 'James Karen', 'Dan Castellaneta']","['work', 'worker', 'homeless person', 'single parent', 'san francisco, california', 'bus', 'homelessness', 'church service']"
760104,X,['Horror'],6.7,3929,10.5378,2022-03-17,1000000,15113105,"['Mia Goth', 'Jenna Ortega', 'Brittany Snow', 'Kid Cudi', 'Martin Henderson', 'Owen Campbell']","['van', 'pornography', 'sheriff', 'war veteran', 'gas station', 'shotgun', '1970s', 'texas']"
512200,Jumanji: The Next Level,"['Adventure', 'Comedy', 'Fantasy']",6.873,9323,8.9702,2019-12-04,125000000,801693929,"['Dwayne Johnson', 'Kevin Hart', 'Jack Black', 'Karen Gillan', 'Awkwafina', 'Nick Jonas']","['magic', 'animal attack', 'body-swap', 'adventurer', 'superhuman strength', 'duringcreditsstinger', 'kids', 'action hero']"
615677,We Can Be Heroes,"['Family', 'Action', 'Fantasy', 'Comedy']",5.9,813,9.6195,2020-12-25,0,0,"['YaYa Gosselin', 'Lyon Daniels', 'Andy Walken', 'Hala Finley', 'Lotus Blossom', 'Dylan Henry Lau']","['superhero', 'alien', 'alien invasion', 'family', 'father daughter relationship']"
194,Amélie,"['Comedy', 'Romance']",7.9,12358,9.5359,2001-04-25,10000000,173921954,"['Audrey Tautou', 'Mathieu Kassovitz', 'Rufus', 'Serge Merlin', 'Jamel Debbouze', 'Clotilde Mollet']","['daughter', 'paris, france', 'love triangle', 'photography', 'ghost train', 'sex shop', 'shyness', 'journey around the world']"
3933,Corpse Bride,"['Romance', 'Fantasy', 'Animation']",7.586,10139,9.064,2005-09-12,40000000,118133252,"['Johnny Depp', 'Helena Bonham Carter', 'Emily Watson', 'Tracey Ullman', 'Paul Whitehouse', 'Joanna Lumley']","['skeleton', 'love triangle', 'cheating', 'wedding vows', 'shyness', 'arranged marriage', 'marriage', 'grave']"
1147411,"Miraculous World: Tokyo, Stellar Force","['Animation', 'Family', 'Action', 'Fantasy']",8.238,40,9.1206,2025-12-07,0,0,"['Anouck Hautbois', 'Clara Soares', 'Claire Baradat', 'Grégory Laisné', 'Benjamin Bollen', 'Marie Nonnenmacher']","['magic', 'superhero', 'mecha', 'tokyo, japan', 'kaiju', 'kids']"
934433,Scream VI,"['Horror', 'Thriller', 'Crime']",7.0,3158,10.0872,2023-03-08,33000000,169063850,"['Melissa Barrera', 'Jenna Ortega', 'Jasmin Savoy Brown', 'Mason Gooding', 'Jack Champion', 'Roger L. Jackson']","['mask', 'new york city', 'trauma', 'halloween', 'college', 'dark comedy', 'fake identity', 'sequel']"
124905,Godzilla,"['Action', 'Drama', 'Science Fiction']",6.355,9741,9.6157,2014-05-14,160000000,524978362,"['Aaron Taylor-Johnson', 'Elizabeth Olsen', 'Juliette Binoche', 'Bryan Cranston', 'Ken Watanabe', 'Sally Hawkins']","['japan', 'monster', 'san francisco, california', 'hawaii', 'giant monster', 'tsunami', 'remake', 'prehistoric creature']"
668489,Havoc,"['Action', 'Crime', 'Thriller', 'Drama']",6.38,1209,9.0541,2025-04-25,90000000,0,"['Tom Hardy', 'Jessie Mei Li', 'Timothy Olyphant', 'Forest Whitaker', 'Justin Cornwell', 'Quelin Sepulveda']","['winter', 'detective', 'rescue mission', 'shootout', 'dirty cop', 'police corruption', 'criminal underworld', 'crooked politician']"
9392,The Descent,"['Adventure', 'Horror']",6.98,4366,8.2344,2005-07-08,3500000,57130027,"['Shauna Macdonald', 'Natalie Mendoza', 'Alex Reid', 'MyAnna Buring', 'Saskia Mulder', 'Nora-Jane Noone']","['panic', 'darkness', 'mutant', 'expedition', 'cave', 'claustrophobia', 'trauma', 'gore']"
1673393,Krishnavataram Part 1: The Heart (Hridayam),"['Adventure', 'Romance', 'Drama']",9.0,1,12.1026,2026-05-07,16000000,1000000,"['Siddharth Gupta', 'Sushmitha Bhat', 'Sanskruti Jayana', 'Nivaashiyni Krishnan', 'J. Karthik', 'Smrithi Srikanth']","['hinduism', 'period drama', 'based on myths, legends or folklore', 'ancient india', 'incarnation', 'lord krishna', 'romantic drama', 'romantic fantasy']"
395551,The Cowboy from Sundown,['Western'],9.0,1,8.6969,1940-09-05,0,0,"['Tex Ritter', 'Roscoe Ates', 'Carleton Young', 'George Pembroke', 'Patsy Moran', 'Pauline Haddon']","['singing cowboy', 'rancher']"
51876,Limitless,"['Thriller', 'Mystery', 'Science Fiction']",7.199,11424,10.3042,2011-03-17,27000000,161900000,"['Bradley Cooper', 'Robert De Niro', 'Abbie Cornish', 'Andrew Howard', 'Anna Friel', 'Johnny Whitworth']","['new york city', 'medicine', 'politician', 'iq', 'pill', 'stalking', 'superhuman', 'transhumanism']"
1257868,Couples Weekend,"['Drama', 'Comedy']",6.4,5,8.3973,2026-05-08,0,0,"['Alexandra Daddario', 'Daveed Diggs', 'Josh Gad', 'Ashley Park', 'Kevin Pollak', 'DeMorge Brown']",['surrealism']
507089,Five Nights at Freddy's,"['Horror', 'Thriller']",7.327,4993,10.5982,2023-10-25,20000000,291589416,"['Josh Hutcherson', 'Piper Rubio', 'Elizabeth Lail', 'Matthew Lillard', 'Mary Stuart Masterson', 'Kat Conner Sterling']","['night shift', 'child murder', 'restaurant', 'custody battle', 'child in peril', 'security guard', 'based on video game', 'evil child']"
335797,Sing,"['Animation', 'Music', 'Comedy', 'Family']",7.1,8406,9.3719,2016-11-23,75000000,634151679,"['Matthew McConaughey', 'Reese Witherspoon', 'Seth MacFarlane', 'Scarlett Johansson', 'John C. Reilly', 'Taron Egerton']","['anthropomorphism', 'singing', 'animals', 'flood', 'singing competition', 'talking animal', '3d animation', 'brisk']"
260346,Taken 3,"['Thriller', 'Action']",6.262,6117,9.4211,2014-12-16,48000000,325800000,"['Liam Neeson', 'Forest Whitaker', 'Maggie Grace', 'Dougray Scott', 'Famke Janssen', 'Sam Spruell']","['california', 'escape', 'funeral', 'gas station', 'detective', 'bodyguard', 'suspicion of murder', 'golf']"
1397352,Forbidden Desire,['Drama'],5.8,4,9.893,2024-12-13,0,0,"['Aiko Garcia', 'Josef Elizalde', 'Vern Kaye', 'Rolando Inocencio']",['sexy']
9919,How to Lose a Guy in 10 Days,"['Comedy', 'Romance']",6.863,4448,8.4828,2003-02-07,50000000,177500000,"['Kate Hudson', 'Matthew McConaughey', 'Kathryn Hahn', 'Annie Parisse', 'Adam Goldberg', 'Thomas Lennon']","['bet', 'new york city', 'journalist', 'therapist', 'advertising expert', 'romcom', 'basketball', 'relationship']"
37724,Skyfall,"['Action', 'Adventure', 'Thriller']",7.26,16086,10.1299,2012-10-24,200000000,1108594176,"['Daniel Craig', 'Judi Dench', 'Javier Bardem', 'Ralph Fiennes', 'Naomie Harris', 'Bérénice Marlohe']","['spy', 'aston martin', 'secret agent', 'sociopath', 'police impersonator', 'hacking', 'mi6', 'killer']"
21542,Love Don't Co$t a Thing,"['Comedy', 'Drama', 'Family', 'Romance']",7.58,683,8.9994,2003-12-12,0,21964072,"['Nick Cannon', 'Christina Milian', 'Kenan Thompson', 'Kal Penn', 'Steve Harvey', 'Vanessa Bell Calloway']",['woman director']
254,King Kong,"['Adventure', 'Drama', 'Action']",6.888,8469,9.068,2005-12-12,207000000,562363449,"['Naomi Watts', 'Adrien Brody', 'Jack Black', 'Andy Serkis', 'Colin Hanks', 'Thomas Kretschmann']","['new york city', 'exotic island', 'movie business', 'show business', 'human animal relationship', 'great depression', 'giant insect', 'remake']"
106774,Cathy's Curse,['Horror'],4.951,41,8.9387,1977-07-29,0,0,"['Randi Allen', 'Alan Scarfe', 'Beverly Murray', 'Dorothy Davis', 'Mary Morter', 'Roy Witham']","['fire', 'winter', 'supernatural', 'car crash', 'evil doll', 'murder', 'car accident', 'doll']"
291805,Now You See Me 2,"['Crime', 'Thriller']",6.827,11537,9.4269,2016-06-02,120000000,334897606,"['Jesse Eisenberg', 'Mark Ruffalo', 'Woody Harrelson', 'Dave Franco', 'Daniel Radcliffe', 'Lizzy Caplan']","['prison', 'new york city', 'magic', 'kidnapping', 'fbi', 'card trick', 'secret society', 'hypnosis']"
126889,Alien: Covenant,"['Horror', 'Science Fiction']",6.174,9378,9.1391,2017-05-09,97000000,240891763,"['Michael Fassbender', 'Katherine Waterston', 'Billy Crudup', 'Danny McBride', 'Demián Bichir', 'Carmen Ejogo']","['android', 'spacecraft', 'experiment', 'space travel', 'infection', 'engineer', 'alien life-form', 'sequel']"
1235877,Jana Nayagan,"['Action', 'Drama', 'Science Fiction']",0.0,0,9.1987,,0,0,"['Vijay', 'Mamitha Baiju', 'Bobby Deol', 'Pooja Hegde', 'Priyamani', 'Prakash Raj']","['politics', 'democracy', 'political leader']"
639720,IF,"['Comedy', 'Fantasy', 'Family']",6.964,1594,9.224,2024-05-08,110000000,190309707,"['Cailey Fleming', 'Ryan Reynolds', 'John Krasinski', 'Fiona Shaw', 'Steve Carell', 'Phoebe Waller-Bridge']","['friendship', 'imaginary friend', 'aftercreditsstinger', 'imaginary', 'live action and animation', 'imagination']"
61979,Three Steps Above Heaven,"['Romance', 'Drama']",7.722,3213,9.4244,2010-12-03,0,0,"['Mario Casas', 'María Valverde', 'Álvaro Cervantes', 'Marina Salas', 'Luis Fernández', 'Andrea Duro']","['friendship', 'based on novel or book', 'rebel', 'forbidden love', 'motorcycle crash', 'motor sport', 'street race', 'love']"
335988,Transformers: The Last Knight,"['Action', 'Adventure', 'Science Fiction']",6.051,6678,8.4475,2017-06-16,217000000,605425157,"['Mark Wahlberg', 'Laura Haddock', 'Peter Cullen', 'Anthony Hopkins', 'Erik Aadahl', 'Josh Duhamel']","['england', 'chosen one', 'based on toy', 'knight', 'giant robot', 'planet', 'robot', 'duringcreditsstinger']"
18491,Neon Genesis Evangelion: The End of Evangelion,"['Animation', 'Science Fiction', 'Drama', 'Fantasy']",8.3,1842,9.7604,1997-07-19,0,20563523,"['Megumi Ogata', 'Megumi Hayashibara', 'Kotono Mitsuishi', 'Yuko Miyamura', 'Fumihiko Tachiki', 'Miki Nagasawa']","['philosophy', 'insanity', 'post-apocalyptic future', 'futuristic', 'end of the world', 'mecha', 'avant-garde', 'meaningless existence']"
96569,True Story of a Woman in Jail: Sex Hell,['Crime'],3.8,11,8.8236,1975-03-05,0,0,"['Hitomi Kozue', 'Meika Seri', 'Hiromi Maya', 'Machiko Aoki', 'Rie Mizusawa', 'Emi Misuzu']","['pink film', 'erotic movie', 'women in prison', 'roman porno']"
1894,Star Wars: Episode II - Attack of the Clones,"['Adventure', 'Action', 'Science Fiction']",6.593,14290,8.658,2002-05-15,120000000,649398328,"['Hayden Christensen', 'Ewan McGregor', 'Natalie Portman', 'Christopher Lee', 'Samuel L. Jackson', 'Frank Oz']","['army', 'laser gun', 'senate', 'investigation', 'sequel', 'prequel', 'cult figure', 'wedding']"
75612,Oblivion,"['Action', 'Science Fiction', 'Adventure', 'Mystery']",6.675,11462,8.3762,2013-04-10,120000000,286168572,"['Tom Cruise', 'Morgan Freeman', 'Olga Kurylenko', 'Andrea Riseborough', 'Nikolaj Coster-Waldau', 'Melissa Leo']","['spacecraft', 'dystopia', 'post-apocalyptic future', 'based on comic', 'space', 'drone', 'surveillance', 'human vs alien']"
13186,Wrong Turn 2: Dead End,"['Horror', 'Thriller']",6.133,1533,9.1115,2007-08-25,4000000,0,"['Erica Leerhsen', 'Henry Rollins', 'Texas Battle', 'Aleksa Palladino', 'Daniella Alonso', 'Steve Braun']","['competition', 'dynamite', 'forest', 'west virginia', 'sequel', 'woods', 'road accident', 'slasher']"
28468,The Key,"['Drama', 'Romance']",5.989,439,9.614,1983-10-19,0,0,"['Stefania Sandrelli', 'Frank Finlay', 'Franco Branciaroli', 'Barbara Cupisti', 'Armando Marra', 'Maria Grazia Bon']","['infidelity', 'jealousy', 'husband wife relationship', 'sexual obsession', 'obsession', 'key', 'fascism', 'diary']"
11224,Cinderella,"['Family', 'Fantasy', 'Animation', 'Romance']",7.043,7130,9.6223,1950-02-22,2900000,263600000,"['Ilene Woods', 'Eleanor Audley', 'Verna Felton', 'Claire Du Brey', 'Rhoda Williams', 'James MacDonald']","['princess', 'based on novel or book', 'loss of loved one', 'mouse', 'ball', 'fairy', 'cartoon', 'prince']"
37135,Tarzan,"['Animation', 'Family', 'Adventure']",7.398,7300,8.9237,1999-06-17,130000000,448200000,"['Tony Goldwyn', 'Minnie Driver', 'Glenn Close', 'Alex D. Linz', ""Rosie O'Donnell"", 'Brian Blessed']","['baby', 'africa', 'gorilla', 'adoption', 'cartoon', 'villain', 'feral child', 'tarzan']"
299054,Expend4bles,"['Action', 'Adventure', 'Thriller']",6.077,1872,8.8341,2023-09-15,100000000,37917985,"['Jason Statham', '50 Cent', 'Megan Fox', 'Dolph Lundgren', 'Tony Jaa', 'Iko Uwais']","['sequel', 'nuclear bomb', 'cargo ship', 'ring']"
64690,Drive,"['Drama', 'Thriller', 'Crime']",7.583,13569,10.2816,2011-09-15,15000000,79713640,"['Ryan Gosling', 'Carey Mulligan', 'Bryan Cranston', 'Albert Brooks', 'Oscar Isaac', 'Christina Hendricks']","['robbery', 'car mechanic', 'stuntman', 'beaten to death', 'revenge', 'organized crime', 'neighbor', 'police chase']"
56837,The Likely Lads,['Comedy'],6.325,20,8.6621,1976-02-01,0,0,"['James Bolam', 'Rodney Bewes', 'Brigit Forsyth', 'Mary Tamm', 'Sheila Fearn', 'Zena Walker']","['husband wife relationship', 'bachelor', 'male friendship', 'dating', 'bitterness', 'childhood friends', 'passage of time', 'beer buddy']"
1032892,In the Blink of an Eye,"['Science Fiction', 'Drama']",5.5,112,8.6501,2026-01-26,0,0,"['Kate McKinnon', 'Rashida Jones', 'Daveed Diggs', 'Jorge Vargas', 'Tanaya Beatty', 'Skywalker Hughes']","['hope', 'love', 'multiple storylines', 'connection', 'history of mankind', 'baffled']"
104894,A Garden Without Birds,['Horror'],4.9,9,8.1755,1992-12-01,0,0,"['Hino Harumi', 'Somiya Daisuke', 'Takayuki Harada', 'Yosuke Nikaidou', 'Sham-Tear', 'Yasuyo Takami']","['drugs', 'short film']"
339403,Baby Driver,"['Action', 'Crime']",7.4,16783,9.6124,2017-06-28,34000000,226945087,"['Ansel Elgort', 'Kevin Spacey', 'Lily James', 'Jon Hamm', 'Jamie Foxx', 'Jon Bernthal']","['robbery', 'waitress', 'atlanta', 'crime boss', 'romance', 'heist', 'getaway car', 'on the run']"
438657,Mischievous Kiss the Movie Part 2: Campus,"['Romance', 'Comedy']",7.3,7,8.891,2017-01-27,0,0,"['Reina Visa', 'Kanta Sato', 'Takanori Jinnai', 'Hidehiko Ishizuka', 'Anju Suzuki', 'Shimon Okura']",['based on manga']
718821,Twisters,"['Action', 'Thriller']",6.8,2950,8.762,2024-07-10,155000000,372262265,"['Daisy Edgar-Jones', 'Glen Powell', 'Anthony Ramos', 'Brandon Perea', 'Maura Tierney', 'Harry Hadden-Paton']","['dying and death', 'rodeo', 'climate', 'twister', 'natural disaster', 'oklahoma', 'storm chaser', 'meteorologist']"
788,Mrs. Doubtfire,"['Comedy', 'Drama', 'Family']",7.196,6594,10.1476,1993-11-24,25000000,441286195,"['Robin Williams', 'Sally Field', 'Lisa Jakub', 'Matthew Lawrence', 'Mara Wilson', 'Pierce Brosnan']","['mask', 'parent child relationship', 'san francisco, california', 'social worker', 'transvestite', 'nanny', 'restaurant', 'fake identity']"
810,Shrek the Third,"['Fantasy', 'Adventure', 'Animation', 'Comedy', 'Family']",6.307,9742,9.3616,2007-05-17,160000000,813367380,"['Mike Myers', 'Eddie Murphy', 'Cameron Diaz', 'Antonio Banderas', 'Julie Andrews', 'John Cleese']","['ship', 'island', 'ambush', 'kingdom', 'boarding school', 'liberation of prisoners', 'pregnancy', 'traitor']"
36685,The Rocky Horror Picture Show,"['Comedy', 'Science Fiction', 'Horror']",7.443,3117,7.682,1975-08-14,1400000,171181400,"['Tim Curry', 'Susan Sarandon', 'Barry Bostwick', ""Richard O'Brien"", 'Patricia Quinn', 'Nell Campbell']","['sexual identity', ""rock 'n' roll"", 'transvestism', 'time warp', 'transylvania', 'transvestite', 'group sex', 'halloween']"
916224,Suzume,"['Animation', 'Drama', 'Adventure', 'Fantasy']",7.883,1717,8.6506,2022-11-11,13000000,314992206,"['Nanoka Hara', 'Hokuto Matsumura', 'Eri Fukatsu', 'Shota Sometani', 'Sairi Ito', 'Kotone Hanase']","['magic', 'door', 'natural disaster', 'calamity', 'travel', 'teenage girl', 'female protagonist', 'shrine']"
82507,Sinister,"['Horror', 'Thriller', 'Mystery']",6.874,6007,10.0428,2012-03-29,3000000,82515113,"['Ethan Hawke', 'Juliet Rylance', ""Vincent D'Onofrio"", 'James Ransone', 'Fred Thompson', 'Clare Foley']","['drowning', 'pennsylvania, usa', 'writing', 'child murder', 'snuff', 'tape', 'home movie footage', 'murder']"
941109,Play Dirty,"['Crime', 'Action', 'Thriller']",6.577,605,8.7301,2025-09-30,2500000,0,"['Mark Wahlberg', 'LaKeith Stanfield', 'Rosa Salazar', 'Keegan-Michael Key', 'Chukwudi Iwuji', 'Nat Wolff']","['heist', 'thief', 'insecure', 'reflective', 'wonder', 'awestruck']"
9453,Caligula,"['Drama', 'History']",5.974,976,9.9467,1979-08-14,17500000,23400000,"['Malcolm McDowell', 'Teresa Ann Savoy', 'Helen Mirren', ""Peter O'Toole"", 'John Steiner', 'Guido Mannari']","['rome, italy', 'roman empire', 'historical figure', 'ancient rome', 'family relationships', 'incest', 'madness', 'political corruption']"
917496,Beetlejuice Beetlejuice,"['Comedy', 'Fantasy', 'Horror']",6.934,3090,8.8112,2024-09-04,99000000,452000435,"['Michael Keaton', 'Winona Ryder', ""Catherine O'Hara"", 'Jenna Ortega', 'Justin Theroux', 'Willem Dafoe']","['afterlife', 'haunted house', 'sequel', 'paranormal', 'teenage girl', 'gothic', 'death', 'new england']"
1430,Bowling for Columbine,"['Documentary', 'Drama']",7.512,1682,9.3061,2002-10-09,4000000,35564473,"['Michael Moore', 'George H. W. Bush', 'George W. Bush', 'Charlton Heston', 'Jacobo Árbenz', 'Mike Bradley']","['canada', 'gun', 'homicide', 'mass murder', 'oklahoma city bombing', 'american culture', 'gun violence', 'shocking']"
27578,The Expendables,"['Thriller', 'Adventure', 'Action']",6.251,8259,7.9926,2010-08-07,80000000,274470394,"['Sylvester Stallone', 'Jason Statham', 'Jet Li', 'Dolph Lundgren', 'Eric Roberts', 'Randy Couture']","['rescue', 'sniper', 'island', 'martial arts', 'tattoo', 'escape', 'mercenary', 'bridge']"
44833,Battleship,"['Thriller', 'Action', 'Adventure', 'Science Fiction']",5.887,5922,8.719,2012-04-11,209000000,303025485,"['Taylor Kitsch', 'Alexander Skarsgård', 'Rihanna', 'Brooklyn Decker', 'Tadanobu Asano', 'Hamish Linklater']","['fight', 'u.s. navy', 'mind reading', 'hong kong', 'scientist', 'fictional war', 'armada', 'battleship']"
80321,Madagascar 3: Europe's Most Wanted,"['Animation', 'Family', 'Comedy', 'Adventure']",6.632,6539,8.5407,2012-06-06,145000000,746921274,"['Ben Stiller', 'Chris Rock', 'David Schwimmer', 'Jada Pinkett Smith', 'Frances McDormand', 'Sacha Baron Cohen']","['friendship', 'circus', 'lion', 'zoo', 'hippopotamus', 'giraffe', 'penguin', 'cartoon']"
45243,The Hangover Part II,['Comedy'],6.504,11245,8.5537,2011-05-25,80000000,586764305,"['Bradley Cooper', 'Ed Helms', 'Zach Galifianakis', 'Justin Bartha', 'Mason Lee', 'Ken Jeong']","['stag night', 'memory loss', 'undercover cop', 'drugs', 'joyous', 'amused', 'cheerful']"
8467,Dumb and Dumber,['Comedy'],6.655,6691,8.946,1994-12-16,16000000,247275374,"['Jim Carrey', 'Jeff Daniels', 'Lauren Holly', 'Teri Garr', 'Charles Rocket', 'Karen Duffy']","['gas station', 'utah', 'motel', 'stupidity', 'cigar smoking', 'road trip', 'pill', 'prank']"
871,Planet of the Apes,"['Science Fiction', 'Adventure', 'Drama', 'Action']",7.651,3939,8.6798,1968-02-07,5800000,32589624,"['Charlton Heston', 'Roddy McDowall', 'Kim Hunter', 'Maurice Evans', 'James Whitmore', 'James Daly']","['space marine', 'bondage', 'human evolution', 'based on novel or book', 'gorilla', 'dystopia', 'chimp', 'slavery']"
818647,Through My Window,"['Romance', 'Drama', 'Comedy']",7.351,3332,9.7976,2022-02-04,0,0,"['Clara Galle', 'Julio Peña', 'Guillermo Lasheras', 'Natalia Azahara', 'Hugo Arbues', 'Eric Masip']","['based on novel or book', 'family business ', 'stalking', 'class differences', 'teenage romance', 'toxic relationship', 'brothers', 'family obligations']"
1421155,Ikatan Darah,"['Action', 'Crime', 'Thriller']",6.3,3,9.7402,2026-04-30,0,0,"['Livi Ciananta', 'Derby Romero', 'Ismi Melinda', 'Lydia Kandou', 'Teuku Rifnu Wikana', 'Abdurrahman Arif']","['martial arts', 'gambling', 'fight', 'gangster', 'revenge', 'gang', 'debt', 'female protagonist']"
226074,Pleasure Spa,"['Comedy', 'Drama', 'Romance']",4.7,16,8.4726,2013-02-01,0,0,"['Cindy Lucas', 'Brandin Rackley', 'Frankie Cullen', 'Heather Vandeven', 'Billy Chappell', 'Melissa Jacobs']","['massage', 'undercover cop', 'spa']"
530254,The Witch: Part 1. The Subversion,"['Action', 'Mystery', 'Science Fiction']",7.904,728,8.6281,2018-06-27,5500000,24340302,"['Kim Da-mi', 'Cho Min-soo', 'Park Hee-soon', 'Choi Woo-shik', 'Go Min-si', 'Choi Jung-woo']","['witch', 'amnesia', 'supernatural', 'psychological thriller', 'audition', 'hidden identity', 'supernatural power', 'dark']"
585083,Hotel Transylvania: Transformania,"['Animation', 'Comedy', 'Family', 'Adventure', 'Fantasy']",7.035,3006,9.2647,2022-01-31,75000000,18500000,"['Andy Samberg', 'Selena Gomez', 'Kathryn Hahn', 'Jim Gaffigan', 'Steve Buscemi', 'Molly Shannon']","['monster', 'vampire', 'transformation', 'aftercreditsstinger', 'duringcreditsstinger', 'human']"
185,A Clockwork Orange,"['Science Fiction', 'Crime']",8.178,13783,9.2498,1971-10-28,2200000,27033812,"['Malcolm McDowell', 'Patrick Magee', 'Carl Duering', 'Michael Bates', 'Warren Clarke', 'James Marcus']","['london, england', 'police brutality', 'robbery', 'street gang', 'great britain', 'based on novel or book', 'nihilism', 'parent child relationship']"
756999,The Black Phone,"['Horror', 'Thriller']",7.524,5801,8.9935,2022-06-16,16000000,161441914,"['Mason Thames', 'Madeleine McGraw', 'Ethan Hawke', 'Jeremy Davies', 'E. Roger Mitchell', 'Troy Rudeseal']","['mask', 'small town', 'child abuse', 'dreams', 'sibling relationship', 'kidnapping', 'sadistic', '1970s']"
268,Batman,"['Fantasy', 'Action', 'Crime']",7.231,8536,9.0248,1989-06-21,35000000,411348924,"['Michael Keaton', 'Jack Nicholson', 'Kim Basinger', 'Robert Wuhl', 'Pat Hingle', 'Billy Dee Williams']","['dual identity', 'double life', 'chemical', 'crime fighter', 'superhero', 'villain', 'based on comic', 'vigilante']"
508642,Gonjiam: Haunted Asylum,"['Horror', 'Mystery']",7.3,913,9.1796,2018-03-28,0,21041950,"['Wi Ha-jun', 'Park Ji-hyun', 'Oh Ah-yeon', 'Moon Ye-won', 'Park Sung-hoon', 'Lee Seung-wook']","['asylum', 'camera', 'insane asylum', 'crew', 'paranormal', 'psychiatric hospital', 'paranormal investigation', 'ghost']"
119450,Dawn of the Planet of the Apes,"['Science Fiction', 'Action', 'Drama', 'Thriller']",7.337,12191,8.6034,2014-07-08,170000000,710644566,"['Andy Serkis', 'Jason Clarke', 'Toby Kebbell', 'Gary Oldman', 'Keri Russell', 'Kodi Smit-McPhee']","['san francisco, california', 'peace', 'solidarity', 'gorilla', 'intelligence', 'dystopia', 'horse', 'post-apocalyptic future']"
119450,Dawn of the Planet of the Apes,"['Science Fiction', 'Action', 'Drama', 'Thriller']",7.337,12191,8.6034,2014-07-08,170000000,710644566,"['Andy Serkis', 'Jason Clarke', 'Toby Kebbell', 'Gary Oldman', 'Keri Russell', 'Kodi Smit-McPhee']","['san francisco, california', 'peace', 'solidarity', 'gorilla', 'intelligence', 'dystopia', 'horse', 'post-apocalyptic future']"
297802,Aquaman,"['Action', 'Adventure', 'Fantasy']",6.867,14873,9.4571,2018-12-07,160000000,1152028393,"['Jason Momoa', 'Amber Heard', 'Willem Dafoe', 'Patrick Wilson', 'Nicole Kidman', 'Dolph Lundgren']","['hero', 'chase', 'atlantis', 'superhero', 'half-brother', 'based on comic', 'royalty', 'underwater']"
1585,It's a Wonderful Life,"['Drama', 'Family', 'Fantasy']",8.3,4876,9.1189,1946-12-20,3180000,9644124,"['James Stewart', 'Donna Reed', 'Lionel Barrymore', 'Thomas Mitchell', 'Henry Travers', 'Beulah Bondi']","['small town', 'angel', 'suicide attempt', 'holiday', 'christianity', 'bank', 'great depression', 'family business ']"
453,A Beautiful Mind,"['Drama', 'Romance']",7.9,11041,8.6043,2001-12-14,58000000,316791257,"['Russell Crowe', 'Jennifer Connelly', 'Ed Harris', 'Paul Bettany', 'Christopher Plummer', 'Adam Goldberg']","['schizophrenia', 'based on novel or book', ""love of one's life"", 'self-discovery', 'professor', 'paranoia', 'mathematics', 'massachusetts']"
545609,Extraction,"['Action', 'Thriller']",7.292,6583,7.9884,2020-04-23,65000000,0,"['Chris Hemsworth', 'Rudhraksh Jaiswal', 'Randeep Hooda', 'Golshifteh Farahani', 'Pankaj Tripathi', 'David Harbour']","['drug dealer', 'self sacrifice', 'mercenary', 'crime boss', 'mumbai (bombay), india', 'rescue mission', 'based on comic', 'one man army']"
293670,The Wailing,"['Horror', 'Mystery']",7.4,2034,8.9156,2016-05-12,10951000,49851770,"['Kwak Do-won', 'Hwang Jung-min', 'Chun Woo-hee', 'Jun Kunimura', 'Kim Hwan-hee', 'Heo Jin']","['daughter', 'small town', 'police', 'investigation', 'exorcism', 'possession', 'murder', 'priest']"
11216,Cinema Paradiso,"['Drama', 'Romance']",8.425,4811,9.842,1988-11-17,5000000,35962062,"['Philippe Noiret', 'Jacques Perrin', 'Marco Leonardi', 'Salvatore Cascio', 'Agnese Nano', 'Antonella Attili']","['parent child relationship', 'sicily, italy', 'movie business', 'kiss', 'coming of age', 'flashback', 'magic realism', 'nostalgic']"
9880,The Princess Diaries,"['Comedy', 'Family', 'Romance']",6.962,5255,8.6696,2001-08-03,37000000,165335153,"['Anne Hathaway', 'Julie Andrews', 'Heather Matarazzo', 'Caroline Goodall', 'Héctor Elizondo', 'Robert Schwartzman']","['princess', 'high school', 'based on novel or book', 'grandparent grandchild relationship', 'heir to the throne', 'royalty', 'social outcast', 'fictitious country']"
7345,There Will Be Blood,['Drama'],8.1,7401,8.8322,2007-12-26,25000000,77208711,"['Daniel Day-Lewis', 'Paul Dano', ""Kevin J. O'Connor"", 'Ciarán Hinds', 'Dillon Freasier', 'Hope Elizabeth Reeves']","['california', 'petrol', 'sibling relationship', 'based on novel or book', 'capitalism', 'pastor', 'deaf-mute', 'greed']"
194,Amélie,"['Comedy', 'Romance']",7.9,12358,9.5359,2001-04-25,10000000,173921954,"['Audrey Tautou', 'Mathieu Kassovitz', 'Rufus', 'Serge Merlin', 'Jamel Debbouze', 'Clotilde Mollet']","['daughter', 'paris, france', 'love triangle', 'photography', 'ghost train', 'sex shop', 'shyness', 'journey around the world']"
813,Airplane!,['Comedy'],7.307,5045,9.9027,1980-06-27,3500000,83453539,"['Robert Hays', 'Julie Hagerty', 'Leslie Nielsen', 'Kareem Abdul-Jabbar', 'Lloyd Bridges', 'Peter Graves']","['chicago, illinois', 'post-traumatic stress disorder (ptsd)', 'airplane', 'cataclysm', 'nun', 'guitar', 'alcohol', 'stewardess']"
26466,Triangle,['Horror'],6.922,2946,9.7685,2009-10-16,12000000,1594955,"['Melissa George', 'Liam Hemsworth', 'Emma Lung', 'Rachael Carpani', 'Michael Dorman', 'Joshua McIvor']","['florida', 'ship', 'ocean', 'key', 'autism', 'ghost ship', 'murder', 'purgatory']"
89,Indiana Jones and the Last Crusade,"['Adventure', 'Action']",7.9,11026,8.1754,1989-05-24,48000000,474171806,"['Harrison Ford', 'Sean Connery', 'Denholm Elliott', 'Alison Doody', 'John Rhys-Davies', 'Julian Glover']","['saving the world', 'nazi', 'holy grail', 'venice, italy', 'entrapment', 'crusader', 'germany', 'riddle']"
1084199,Companion,"['Horror', 'Science Fiction', 'Thriller']",7.008,2249,9.1968,2025-01-22,10000000,36869122,"['Sophie Thatcher', 'Jack Quaid', 'Lukas Gage', 'Megan Suri', 'Harvey Guillén', 'Rupert Friend']","['android', 'artificial intelligence (a.i.)', 'cabin', 'robot', 'boyfriend girlfriend relationship', 'duringcreditsstinger', 'robot girl', 'weekend getaway']"
1426776,STRAW,"['Thriller', 'Drama', 'Crime']",7.7,944,8.739,2025-06-05,0,0,"['Taraji P. Henson', 'Sherri Shepherd', 'Teyana Taylor', 'Sinbad', 'Rockmond Dunbar', 'Ashley Versher']","['bank manager', 'arrest', 'loss of job', 'sick child', 'angry', 'aggressive', 'hopeless', 'traffic ticket']"
1033148,Die My Love,['Drama'],6.155,511,8.3853,2025-10-06,0,11745933,"['Jennifer Lawrence', 'Robert Pattinson', 'Sissy Spacek', 'LaKeith Stanfield', 'Nick Nolte', 'Gabrielle Rose']","['husband wife relationship', 'based on novel or book', 'pregnancy', 'dark comedy', 'surrealism', 'rural area', 'female protagonist', 'car accident']"
370172,No Time to Die,"['Action', 'Thriller', 'Adventure']",7.34,7068,9.1329,2021-09-29,250000000,774153024,"['Daniel Craig', 'Léa Seydoux', 'Rami Malek', 'Lashana Lynch', 'Ralph Fiennes', 'Ben Whishaw']","['biological weapon', 'based on novel or book', 'parent child relationship', 'forgiveness', 'poison', 'spy', 'mi6', 'family']"
1500099,Versa,"['Animation', 'Family', 'Drama', 'Fantasy']",7.743,35,8.1779,2025-04-15,0,0,[],"['pregnancy', 'loss', 'grief', 'child loss', 'acceptance', 'loss of child', 'celestial', 'inspirational']"
764,The Evil Dead,['Horror'],7.3,4444,8.5758,1981-10-15,350000,29612367,"['Bruce Campbell', 'Ellen Sandweiss', 'Richard DeManincor', 'Betsy Baker', 'Theresa Tilly', 'Philip A. Gillis']","['falsely accused', 'audio tape', 'aggression', 'log cabin', 'friends', 'zombie', 'occult', 'book of the dead']"
10144,The Little Mermaid,"['Animation', 'Family', 'Fantasy']",7.351,8381,9.3758,1989-11-17,40000000,211343479,"['Jodi Benson', 'Samuel E. Wright', 'Pat Carroll', 'Christopher Daniel Barnes', 'Kenneth Mars', 'Buddy Hackett']","['witch', 'princess', 'sea', 'daughter', 'kingdom', 'fireworks', 'cartoon', 'mermaid']"
142,Brokeback Mountain,"['Drama', 'Romance']",7.785,7521,10.6634,2005-10-22,14000000,178043761,"['Heath Ledger', 'Jake Gyllenhaal', 'Michelle Williams', 'Anne Hathaway', 'Randy Quaid', 'Linda Cardellini']","['secret love', 'wyoming, usa', 'countryside', 'homophobia', 'marriage crisis', 'intolerance', 'in the closet', 'summer']"
56552,The Valley of Light,"['Drama', 'Romance', 'TV Movie']",6.477,22,6.993,2007-01-28,0,0,"['Gretchen Mol', 'Chris Klein', 'Zach Mills', 'Jay O. Sanders', 'Jeff Perry', 'Geoff Pierson']",['based on novel or book']
302946,The Accountant,"['Crime', 'Thriller', 'Drama']",7.134,7317,9.1364,2016-10-13,44000000,155160045,"['Ben Affleck', 'Anna Kendrick', 'J.K. Simmons', 'Jon Bernthal', 'Jeffrey Tambor', 'Cynthia Addai-Robinson']","['prison', 'sniper', 'assassin', 'autism', 'military service', 'money', 'treasury department', 'sniper rifle']"
387848,Buddy's Mom,"['Drama', 'Romance']",5.7,15,10.3488,2015-11-12,0,0,"['Kim Young-sam', 'Ah Ri', 'Kim Hae-jin', 'Park Cho-hyeon', 'Kim Jae-rok', 'Lee Jeong-gil']","['eroticism', 'softcore']"
640146,Ant-Man and the Wasp: Quantumania,"['Action', 'Adventure', 'Science Fiction']",6.229,5798,8.5745,2023-02-15,200000000,476071180,"['Paul Rudd', 'Evangeline Lilly', 'Michael Douglas', 'Michelle Pfeiffer', 'Jonathan Majors', 'Kathryn Newton']","['hero', 'superhero', 'ant', 'based on comic', 'sequel', 'alternate dimension', 'family', 'aftercreditsstinger']"
1127384,Deep Water,"['Thriller', 'Horror']",5.5,2,9.0611,2026-04-30,0,2286163,"['Aaron Eckhart', 'Molly Belle Wright', 'Kelly Gale', 'Ben Kingsley', 'Angus Sampson', 'Rosie Zhao']",[]
9792,The Hills Have Eyes,"['Horror', 'Thriller']",6.46,3322,7.7393,2006-03-10,15000000,69623713,"['Aaron Stanford', 'Dan Byrd', 'Emilie de Ravin', 'Vinessa Shaw', 'Ted Levine', 'Kathleen Quinlan']","['van', 'rape', 'ambush', 'gas station', 'new mexico', 'gore', 'remake', 'serial killer']"
293670,The Wailing,"['Horror', 'Mystery']",7.4,2034,8.9156,2016-05-12,10951000,49851770,"['Kwak Do-won', 'Hwang Jung-min', 'Chun Woo-hee', 'Jun Kunimura', 'Kim Hwan-hee', 'Heo Jin']","['daughter', 'small town', 'police', 'investigation', 'exorcism', 'possession', 'murder', 'priest']"
50646,"Crazy, Stupid, Love.","['Comedy', 'Drama', 'Romance']",7.272,9243,8.9321,2011-07-29,50000000,145079584,"['Steve Carell', 'Ryan Gosling', 'Julianne Moore', 'Emma Stone', 'Lio Tipton', 'Jonah Bobo']","['friendship', 'soulmates', 'marriage crisis', 'midlife crisis', 'babysitter', 'womanizer', 'law school', 'los angeles, california']"
1081003,Supergirl,"['Action', 'Adventure', 'Science Fiction']",0.0,0,8.4666,2026-06-24,0,0,"['Milly Alcock', 'Matthias Schoenaerts', 'Eve Ridley', 'David Krumholtz', 'Emily Beecham', 'Jason Momoa']","['hero', 'superhero', 'villain', 'based on comic', 'female protagonist', 'heroine', 'aftercreditsstinger', 'solitude']"
112929,School on Fire,"['Drama', 'Crime', 'Thriller']",7.297,32,6.5378,1988-08-20,0,0,"['Fennie Yuen Kit-Ying', 'Sarah Lee', 'Roy Cheung Yiu-Yeung', 'Damian Lau Chung-Yan', 'Lam Ching-Ying', 'William Ho']","['school', 'hong kong', 'triads']"
1018,Mulholland Drive,"['Thriller', 'Drama', 'Mystery']",7.8,7001,9.169,2001-06-06,15000000,20289986,"['Naomi Watts', 'Laura Harring', 'Justin Theroux', 'Ann Miller', 'Mark Pellegrino', 'Robert Forster']","['amnesia', 'loss of sense of reality', 'schizophrenia', 'nightmare', 'hitman', 'suppressed past', 'identity', 'key']"
664,Twister,"['Action', 'Adventure', 'Drama']",6.556,3830,8.8789,1996-05-10,92000000,494471524,"['Helen Hunt', 'Bill Paxton', 'Jami Gertz', 'Cary Elwes', 'Lois Smith', 'Philip Seymour Hoffman']","['husband wife relationship', 'climate', 'tornado', 'twister', 'natural disaster', 'oklahoma', 'metereologist', 'invention']"
580489,Venom: Let There Be Carnage,"['Science Fiction', 'Action', 'Adventure']",6.7,11136,8.7755,2021-09-30,110000000,506863592,"['Tom Hardy', 'Woody Harrelson', 'Michelle Williams', 'Naomie Harris', 'Reid Scott', 'Stephen Graham']","['hero', 'psychopath', 'superhero', 'anti hero', 'villain', 'alien life-form', 'based on comic', 'sequel']"
1669045,Halina Ni Aliya,['Documentary'],5.5,2,8.5962,2026-04-14,0,0,['Aliya Raymundo'],['sexy']
6114,Bram Stoker's Dracula,"['Romance', 'Horror']",7.451,5739,7.8113,1992-11-13,40000000,215862692,"['Gary Oldman', 'Winona Ryder', 'Anthony Hopkins', 'Keanu Reeves', 'Sadie Frost', 'Cary Elwes']","['adultery', 'london, england', 'transylvania', 'vampire', 'bite', 'camping', 'maze', 'remake']"
954,Mission: Impossible,"['Adventure', 'Action', 'Thriller']",7.024,9942,8.8462,1996-05-22,80000000,457696391,"['Tom Cruise', 'Jon Voight', 'Emmanuelle Béart', 'Henry Czerny', 'Jean Reno', 'Ving Rhames']","['mask', 'mission', 'london, england', 'central intelligence agency (cia)', 'computer', 'paris, france', 'undercover', 'espionage']"
1367575,A Line of Fire,"['Action', 'Thriller']",5.842,79,7.7804,2025-04-05,0,0,"['David A.R. White', 'Cuba Gooding Jr.', 'Katrina Bowden', 'Jason Patric', 'Scott Baio', ""Gabriel 'G-Rod' Rodriguez""]",[]
397243,The Autopsy of Jane Doe,"['Horror', 'Mystery']",6.835,4696,9.267,2016-12-21,4000000,6170043,"['Emile Hirsch', 'Brian Cox', 'Ophelia Lovibond', 'Olwen Catherine Kelly', 'Michael McElhatton', 'Parker Sawyers']","['parent child relationship', 'supernatural', 'crematorium', 'autopsy', 'morgue', 'murder', 'bell', 'corpse']"
9316,Ong-Bak,"['Action', 'Crime', 'Thriller']",7.139,1872,8.3242,2003-01-31,1100000,20112926,"['Tony Jaa', 'Petchtai Wongkamlao', 'Patrarin Punyanutatam', 'Suchao Pongwilai', 'Choomporn Theppitak', 'Cheathavuth Watcharakhun']","['martial arts', 'fighter', 'thailand', 'sculpture', 'muay thai', 'fate', 'powerful']"
9316,Ong-Bak,"['Action', 'Crime', 'Thriller']",7.139,1872,8.3242,2003-01-31,1100000,20112926,"['Tony Jaa', 'Petchtai Wongkamlao', 'Patrarin Punyanutatam', 'Suchao Pongwilai', 'Choomporn Theppitak', 'Cheathavuth Watcharakhun']","['martial arts', 'fighter', 'thailand', 'sculpture', 'muay thai', 'fate', 'powerful']"
1357449,Ídolos,"['Drama', 'Romance']",7.059,34,8.2686,2026-01-23,0,0,"['Óscar Casas', 'Claudio Santamaria', 'Ana Mena', 'Enrique Arce', 'Saul Nanni', 'Matteo Paolillo']","['racing', 'estranged father', 'motorsport', 'motorbike', 'motor racing', 'romantic drama']"
294254,Maze Runner: The Scorch Trials,"['Science Fiction', 'Action', 'Thriller', 'Adventure']",6.729,10988,8.1947,2015-09-09,61000000,312296056,"[""Dylan O'Brien"", 'Kaya Scodelario', 'Thomas Brodie-Sangster', 'Giancarlo Esposito', 'Ki Hong Lee', 'Dexter Darden']","['based on novel or book', 'escape', 'resistance', 'dystopia', 'maze', 'post-apocalyptic future', 'infection', 'on the run']"
70981,Prometheus,"['Science Fiction', 'Mystery', 'Horror']",6.595,13209,8.9747,2012-05-30,130000000,403354469,"['Noomi Rapace', 'Michael Fassbender', 'Charlize Theron', 'Idris Elba', 'Guy Pearce', 'Logan Marshall-Green']","['android', 'alien', 'space', 'creature', 'spin off', 'creation', 'emergency surgery', 'archaeological dig']"
12092,Alice in Wonderland,"['Animation', 'Family', 'Fantasy', 'Adventure']",7.186,6257,8.6029,1951-08-09,3000000,57200000,"['Kathryn Beaumont', 'Ed Wynn', 'Richard Haydn', 'Sterling Holloway', 'Jerry Colonna', 'Verna Felton']","['dreams', 'based on novel or book', 'heart', 'queen', 'villain', 'time', ""based on children's book"", 'cartoon cat']"
427641,Rampage,"['Action', 'Adventure', 'Science Fiction']",6.446,7481,8.5786,2018-04-11,120000000,428028233,"['Dwayne Johnson', 'Naomie Harris', 'Malin Åkerman', 'Jeffrey Dean Morgan', 'Jake Lacy', 'Joe Manganiello']","['monster', 'wolf', 'mutation', 'gorilla', 'giant monster', 'lizard', 'giant lizard', 'creature']"
936108,Smurfs,"['Animation', 'Family', 'Fantasy']",5.8,262,8.7913,2025-06-30,58000000,124157356,"['Rihanna', 'James Corden', 'Nick Offerman', 'JP Karliak', 'Dan Levy', 'Amy Sedaris']","['musical', 'portal', 'based on comic', 'shocking', 'live action and animation', 'estranged brother', 'abduction', 'amused']"
520763,A Quiet Place Part II,"['Science Fiction', 'Thriller', 'Horror']",7.434,7344,9.5281,2021-05-21,55000000,297372261,"['Emily Blunt', 'John Krasinski', 'Millicent Simmonds', 'Noah Jupe', 'Cillian Murphy', 'Djimon Hounsou']","['new york city', 'island', 'post-apocalyptic future', 'radio transmission', 'alien life-form', 'death of father', 'child in peril', 'sequel']"
1326106,Kaiju No. 8: Mission Recon,"['Animation', 'Action', 'Science Fiction']",7.989,91,8.8877,2025-03-28,0,0,"['Masaya Fukunishi', 'Wataru Katoh', 'Fairouz Ai', 'Tessyo Genda', 'Kengo Kawanishi', 'Keisuke Komoto']","['giant monster', 'compilation', 'based on manga', 'kaiju', 'edited from tv series', 'shounen', 'anime']"
1420733,The Cursed: Insatiable Desires,"['Horror', 'Thriller']",6.0,8,8.6964,2025-09-17,0,0,"['You Chea-myung', 'Moon Chae-won', 'Seo Young-hee', 'Won Hyun-jun', 'Solar', 'Cha Sun-woo']","['anthology', 'horror anthology']"
686,Contact,"['Drama', 'Science Fiction', 'Mystery']",7.443,4964,8.8545,1997-07-11,90000000,171120329,"['Jodie Foster', 'Matthew McConaughey', 'James Woods', 'John Hurt', 'Tom Skerritt', 'William Fichtner']","['based on novel or book', 'nasa', 'extraterrestrial technology', 'new mexico', 'prime number', 'radio wave', 'wormhole', 'fanatic']"
1266798,Dog 51,"['Thriller', 'Science Fiction', 'Crime', 'Action']",6.137,282,8.7098,2025-10-15,0,0,"['Gilles Lellouche', 'Adèle Exarchopoulos', 'Louis Garrel', 'Romain Duris', 'Valeria Bruni Tedeschi', 'Stéphane Bak']","['artificial intelligence (a.i.)', 'paris, france', 'based on novel or book', 'investigation', 'futuristic city', 'near future', 'identity conflict', 'city split into sectors']"
661374,Glass Onion: A Knives Out Mystery,"['Comedy', 'Crime', 'Mystery']",7.03,6776,8.8478,2022-11-23,40000000,15000000,"['Daniel Craig', 'Edward Norton', 'Janelle Monáe', 'Kathryn Hahn', 'Leslie Odom Jr.', 'Kate Hudson']","['detective', 'greece', 'investigation', 'mona lisa (la gioconda)', 'dark comedy', 'satire', 'sequel', 'murder']"
399579,Alita: Battle Angel,"['Action', 'Science Fiction', 'Adventure']",7.245,9945,8.5307,2019-01-31,170000000,405000000,"['Rosa Salazar', 'Christoph Waltz', 'Jennifer Connelly', 'Mahershala Ali', 'Ed Skrein', 'Jackie Earle Haley']","['martial arts', 'bounty hunter', 'strong woman', 'dystopia', 'extreme sports', 'superhero', 'cyberpunk', 'transhumanism']"
948,Halloween,"['Horror', 'Thriller']",7.6,6150,9.0813,1978-10-24,325000,70260597,"['Donald Pleasence', 'Jamie Lee Curtis', 'Nancy Kyes', 'P. J. Soles', 'Charles Cyphers', 'Kyle Richards']","['mask', 'police', 'halloween', 'babysitter', 'marijuana', 'stalking', 'serial killer', 'maniac']"
1631917,18th Rose,"['Drama', 'Romance']",6.781,16,8.1215,2026-04-09,0,0,"['Xyriel Manabat', 'Kyle Echarri', 'Cris Villanueva', 'Nikki Valdez', 'Cai Cortez', 'Yayo Aguila']",[]
1198984,We Bury the Dead,"['Horror', 'Thriller']",5.923,200,10.4725,2026-01-01,0,3745163,"['Daisy Ridley', 'Brenton Thwaites', 'Mark Coles Smith', 'Matt Whelan', 'Chloe Hurst', 'Kym Jackson']","['australia', 'undead', 'zombie', 'missing person', 'military', 'tasmania', 'aggressive', 'somber']"
748783,The Garfield Movie,"['Family', 'Comedy', 'Adventure', 'Animation']",6.996,1428,8.2348,2024-04-30,60000000,254907482,"['Chris Pratt', 'Samuel L. Jackson', 'Hannah Waddingham', 'Ving Rhames', 'Nicholas Hoult', 'Cecily Strong']","['friendship', 'cat', 'villain', 'based on comic', 'lasagna', 'computer animation', 'based on cartoon', 'food']"
17654,District 9,['Science Fiction'],7.465,10290,8.2314,2009-08-05,30000000,210888950,"['Sharlto Copley', 'Jason Cope', 'Nathalie Boltt', 'Sylvaine Strike', 'Elizabeth Mkandawie', 'John Sumner']","['street gang', 'government', 'genetics', 'slum', 'mutation', 'dystopia', 'transformation', 'south africa']"
76493,The Dictator,['Comedy'],6.225,6417,8.6065,2012-05-15,65000000,179379533,"['Sacha Baron Cohen', 'Ben Kingsley', 'Anna Faris', 'Jason Mantzoukas', 'Sayed Badreya', 'Adeel Akhtar']","['petrol', 'culture clash', 'dictator', ""coup d'etat"", 'satire', 'parody', 'uncle', 'conspiracy']"
882598,Smile,"['Horror', 'Mystery']",6.666,4024,8.138,2022-09-23,17000000,217408513,"['Sosie Bacon', 'Kyle Gallner', 'Jessie T. Usher', 'Robin Weigert', 'Caitlin Stasey', 'Kal Penn']","['suicide', 'new jersey', 'post-traumatic stress disorder (ptsd)', 'therapist', 'detective', 'paranoia', 'trauma', 'curse']"
840326,Sisu,"['Action', 'War', 'Thriller']",7.41,2808,8.9168,2022-09-09,6600000,14281199,"['Jorma Tommila', 'Aksel Hennie', 'Jack Doolan', 'Mimosa Willamo', 'Onni Tommila', 'Tatu Sinisalo']","['world war ii', 'nordic mythology', 'gold prospector', '1940s', 'finnish mythology', 'bloody', 'violence', 'survival instinct']"
370663,Below Her Mouth,"['Drama', 'Romance']",6.792,1279,9.0065,2017-02-10,0,33673,"['Erika Linder', 'Natalie Krill', 'Sebastian Pigott', 'Mayko Nguyen', 'Tommie-Amber Pirie', 'Melanie Leishman']","['sexual identity', 'infidelity', 'female friendship', 'love', 'lesbian relationship', 'female protagonist', 'love affair', 'lust']"
400535,Sicario: Day of the Soldado,"['Action', 'Crime', 'Thriller']",6.938,4015,8.6603,2018-06-27,35000000,75836683,"['Benicio del Toro', 'Josh Brolin', 'Isabela Merced', 'Jeffrey Donovan', 'Catherine Keener', 'Manuel Garcia-Rulfo']","['rescue', 'central intelligence agency (cia)', 'corruption', 'usa–mexico border', 'sequel', 'shootout', 'explosion', 'brutality']"
190859,American Sniper,"['War', 'Action']",7.412,13601,9.294,2014-12-25,58800000,542300000,"['Bradley Cooper', 'Sienna Miller', 'Kyle Gallner', 'Cole Konis', 'Ben Reed', 'Elise Robertson']","['sniper', 'based on novel or book', 'affectation', 'grave', 'biography', 'iraq', 'based on true story', 'u.s. navy seal']"
5174,Rush Hour 3,"['Action', 'Comedy', 'Crime']",6.5,3698,8.4443,2007-08-08,140000000,258097122,"['Jackie Chan', 'Chris Tucker', 'Hiroyuki Sanada', 'Max von Sydow', 'Yvan Attal', 'Roman Polanski']","['martial arts', 'ambassador', 'cop', 'los angeles, california', 'interracial friendship', 'buddy cop', 'criminal organization', 'action hero']"
629542,The Bad Guys,"['Action', 'Animation', 'Comedy', 'Crime', 'Family']",7.526,2534,8.4792,2022-03-17,80000000,250162278,"['Sam Rockwell', 'Marc Maron', 'Awkwafina', 'Craig Robinson', 'Anthony Ramos', 'Richard Ayoade']","['based on novel or book', 'snake', 'wolf', 'affectation', 'spider', 'villain', 'heist', 'anthropomorphism']"
80785,Amazon Jail,"['Thriller', 'Adventure', 'Action']",4.34,25,11.1638,1982-01-01,0,0,"['Elizabeth Hartmann', 'Maurício do Valle', 'Sandra Graffi', 'Lígia de Paula', 'Elys Cardoso', 'Shirley Benny']","['kidnapping', ""women's prison"", 'amazon rainforest', 'sexploitation', 'sexual humiliation', 'masturbation', 'devil worship', 'sex slavery']"
845781,Red One,"['Action', 'Comedy', 'Fantasy']",6.987,3024,8.8207,2024-10-31,250000000,185700759,"['Dwayne Johnson', 'Chris Evans', 'Lucy Liu', 'J.K. Simmons', 'Bonnie Hunt', 'Kristofer Hivju']","['rescue', 'bounty hunter', 'holiday', 'kidnapping', 'santa claus', 'rescue mission', 'polar bear', 'rescue team']"
8909,Wanted,"['Action', 'Thriller', 'Crime']",6.529,7567,9.6696,2008-06-19,75000000,342463063,"['James McAvoy', 'Angelina Jolie', 'Morgan Freeman', 'Terence Stamp', 'Thomas Kretschmann', 'Common']","['mission of murder', 'secret base', 'secret organization', 'instinct', 'train crash', 'revenge', 'betrayal', 'fate']"
87827,Life of Pi,"['Adventure', 'Drama']",7.408,13740,9.7754,2012-11-20,120000000,609016565,"['Suraj Sharma', 'Irrfan Khan', 'Ayush Tandon', 'Gautam Belur', 'Adil Hussain', 'Tabu']","['sea', 'faith', 'loss of loved one', '1970s', 'zebra', 'survival', 'young boy', 'zookeeper']"
665,Ben-Hur,"['History', 'Drama', 'Adventure']",7.885,3126,8.7057,1959-11-18,15000000,164000000,"['Charlton Heston', 'Stephen Boyd', 'Hugh Griffith', 'Jack Hawkins', 'Haya Harareet', 'Martha Scott']","['governor', 'middle east', 'based on novel or book', 'roman empire', 'politics', 'christianity', 'jew persecution', 'jewish life']"
725201,The Gray Man,"['Action', 'Thriller']",6.903,4204,8.28,2022-07-13,200000000,454023,"['Ryan Gosling', 'Chris Evans', 'Ana de Armas', 'Billy Bob Thornton', 'Jessica Henwick', 'Dhanush']","['central intelligence agency (cia)', 'based on novel or book', 'hitman', 'kidnapping', 'agent', 'rogue agent', 'hunted', 'ex-cia agent']"
1124620,The Monkey,"['Horror', 'Comedy']",5.999,1281,8.6803,2025-02-14,10000000,68871071,"['Theo James', 'Tatiana Maslany', 'Christian Convery', ""Colin O'Brien"", 'Adam Scott', 'Elijah Wood']","['sibling relationship', 'shotgun', 'supernatural', 'drums', 'harpoon', 'dark comedy', 'gore', 'twin brother']"
2048,"I, Robot","['Action', 'Science Fiction']",6.961,12608,9.1156,2004-07-15,120000000,347234916,"['Will Smith', 'Bridget Moynahan', 'Alan Tudyk', 'James Cromwell', 'Bruce Greenwood', 'Adrian Ricard']","['chicago, illinois', 'future', 'man vs machine', 'hero', 'artificial intelligence (a.i.)', 'based on novel or book', 'grandparent grandchild relationship', 'homicide']"
307081,Southpaw,"['Action', 'Drama']",7.363,5793,8.5864,2015-07-22,30000000,91709827,"['Jake Gyllenhaal', 'Rachel McAdams', 'Forest Whitaker', 'Oona Laurence', '50 Cent', 'Skylan Brooks']","['sports', 'fighter', 'tragedy', 'death', 'boxing', 'box ring', 'father daughter relationship']"
426063,Nosferatu,"['Horror', 'Fantasy']",6.708,3613,8.8373,2024-12-25,50000000,181805645,"['Lily-Rose Depp', 'Nicholas Hoult', 'Bill Skarsgård', 'Aaron Taylor-Johnson', 'Willem Dafoe', 'Emma Corrin']","['cold', 'based on novel or book', 'vampire', 'necrophilia', 'eroticism', 'possession', 'würzburg', 'remake']"
118340,Guardians of the Galaxy,"['Action', 'Science Fiction', 'Adventure']",7.905,29630,8.4767,2014-07-30,170000000,772776600,"['Chris Pratt', 'Zoe Saldaña', 'Dave Bautista', 'Vin Diesel', 'Bradley Cooper', 'Lee Pace']","['spacecraft', 'based on comic', 'space', 'orphan', 'adventurer', 'aftercreditsstinger', 'duringcreditsstinger', 'marvel cinematic universe (mcu)']"
14574,The Boy in the Striped Pyjamas,"['Drama', 'War', 'History']",7.815,7636,8.4324,2008-05-07,12500000,20416563,"['Asa Butterfield', 'Vera Farmiga', 'David Thewlis', 'Jack Scanlon', 'Amber Beattie', 'Rupert Friend']","['based on novel or book', 'nazi', 'nationalism', 'concentration camp', 'world war ii', 'gas chamber', 'concentration camp prisoner', 'children in wartime']"
76,Before Sunrise,"['Drama', 'Romance']",7.974,4660,8.5539,1995-01-27,2500000,5987386,"['Ethan Hawke', 'Julie Delpy', 'Andrea Eckert', 'Hanno Pöschl', 'Karl Bruckschwaiger', 'Tex Rubinowitz']","['talking', 'soulmates', 'walking', 'austria', 'vienna, austria', 'semi autobiographical', 'playful', 'cliché']"
14574,The Boy in the Striped Pyjamas,"['Drama', 'War', 'History']",7.815,7636,8.4324,2008-05-07,12500000,20416563,"['Asa Butterfield', 'Vera Farmiga', 'David Thewlis', 'Jack Scanlon', 'Amber Beattie', 'Rupert Friend']","['based on novel or book', 'nazi', 'nationalism', 'concentration camp', 'world war ii', 'gas chamber', 'concentration camp prisoner', 'children in wartime']"
76,Before Sunrise,"['Drama', 'Romance']",7.974,4660,8.5539,1995-01-27,2500000,5987386,"['Ethan Hawke', 'Julie Delpy', 'Andrea Eckert', 'Hanno Pöschl', 'Karl Bruckschwaiger', 'Tex Rubinowitz']","['talking', 'soulmates', 'walking', 'austria', 'vienna, austria', 'semi autobiographical', 'playful', 'cliché']"
1010820,Groot's Pursuit,"['Animation', 'Family', 'Comedy', 'Science Fiction']",7.106,282,8.2338,2022-08-10,0,0,"['Vin Diesel', 'James Gunn', 'Trevor Devall', 'Terri Douglas']","['marvel cinematic universe (mcu)', 'short film']"
1328803,Prisoner of War,"['Action', 'War', 'Thriller', 'History']",7.1,180,7.5969,2025-09-19,2000000,94700000,"['Scott Adkins', 'Peter Shinkoda', 'Michael Copon', 'Gabbi Garcia', 'Michael Rene Walton', 'Masanori Mimoto']","['world war ii', 'prisoner of war', 'mental breakdown', 'struggle for survival', 'death match', 'internment camp', 'military operation', '1940s']"
49018,Insidious,"['Horror', 'Thriller']",6.941,7287,9.1763,2011-03-31,1500000,100106454,"['Patrick Wilson', 'Rose Byrne', 'Lin Shaye', 'Ty Simpkins', 'Barbara Hershey', 'Leigh Whannell']","['supernatural', 'medium', 'haunted house', 'evil spirit', 'house warming', 'demon', 'new home', 'aftercreditsstinger']"
671043,Spoiled Brats,['Comedy'],6.045,605,6.5,2021-09-15,0,0,"['Gérard Jugnot', 'Camille Lou', 'Artus', 'Louka Meliava', 'François Morel', 'Tom Leeb']","['france', 'spoiled child', 'family relationships', 'remake', 'sibling', 'millionaire', 'reflective', 'tricked']"
69733,The Man-Eater,['Comedy'],5.122,41,8.1758,1999-08-26,0,0,"['Loredana Cannata', 'Arturo Paglia', 'Pascal Persiano', 'Loredana Solfizi', 'Gianluca Cuomo', 'Francesco Di Leva']","['italy', 'sicily, italy', 'sexuality', 'orgy', 'promiscuity', 'prostitution', 'erotic movie']"
335787,Uncharted,"['Action', 'Adventure']",6.865,6747,8.0718,2022-02-10,120000000,407141258,"['Tom Holland', 'Mark Wahlberg', 'Sophia Ali', 'Tati Gabrielle', 'Antonio Banderas', 'Steven Waddington']","['lighter', 'treasure hunt', 'treasure map', 'based on video game', 'lost treasure', 'duringcreditsstinger', 'missing relative']"
165,Back to the Future Part II,"['Adventure', 'Comedy', 'Science Fiction']",7.8,13880,8.0987,1989-11-22,40000000,332000000,"['Michael J. Fox', 'Christopher Lloyd', 'Lea Thompson', 'Thomas F. Wilson', 'Elisabeth Shue', 'James Tolkan']","['flying car', 'skateboarding', 'car race', 'lightning', 'guitar', 'inventor', 'time travel', 'diner']"
505026,Death on the Nile,"['Mystery', 'Crime', 'Thriller']",6.413,4169,8.1132,2022-02-09,90000000,137307235,"['Kenneth Branagh', 'Tom Bateman', 'Annette Bening', 'Russell Brand', 'Ali Fazal', 'Dawn French']","['egypt', 'based on novel or book', 'detective', 'honeymoon', 'nile', 'remake', 'mysterious', 'murder mystery']"
153518,The Angry Birds Movie,"['Animation', 'Adventure', 'Comedy', 'Family']",6.261,3971,9.0214,2016-05-11,73000000,349779543,"['Jason Sudeikis', 'Josh Gad', 'Danny McBride', 'Maya Rudolph', 'Bill Hader', 'Peter Dinklage']","['island', 'pig', 'villain', 'eagle', 'rivalry', 'based on video game', 'creature feature', 'duringcreditsstinger']"
49530,In Time,"['Action', 'Thriller', 'Science Fiction']",6.97,12107,9.1969,2011-10-27,40000000,173900000,"['Amanda Seyfried', 'Justin Timberlake', 'Cillian Murphy', 'Vincent Kartheiser', 'Olivia Wilde', 'Matt Bomer']","['future', 'race against time', 'immortality', 'bank', 'dystopia', 'time', 'love', 'on the run']"
605,The Matrix Revolutions,"['Adventure', 'Action', 'Thriller', 'Science Fiction']",6.8,10764,9.7263,2003-11-05,150000000,424988211,"['Keanu Reeves', 'Laurence Fishburne', 'Carrie-Anne Moss', 'Hugo Weaving', 'Jada Pinkett Smith', 'Mary Alice']","['dying and death', 'rescue', 'future', 'mission', 'man vs machine', 'underground world', 'machine town', 'martial arts']"
487616,Curiosa,"['Drama', 'History']",5.8,241,8.8816,2019-04-03,0,0,"['Noémie Merlant', 'Niels Schneider', 'Benjamin Lavernhe', 'Camélia Jordana', 'Amira Casar', 'Scali Delpeyrat']","['semi autobiographical', 'erotic']"
22832,Ninja Assassin,"['Action', 'Adventure', 'Thriller']",6.672,1754,8.3552,2009-09-29,40000000,61601280,"['Rain', 'Naomie Harris', 'Ben Miles', 'Rick Yune', 'Sho Kosugi', 'Randall Duk Kim']","['martial arts', 'assassin', 'assassination', 'ninja fighter', 'gore', 'stick fighting', 'sensei', 'revenge']"
18239,The Twilight Saga: New Moon,"['Adventure', 'Fantasy', 'Drama', 'Romance']",5.99,9718,8.4228,2009-11-18,50000000,709827462,"['Kristen Stewart', 'Robert Pattinson', 'Taylor Lautner', 'Dakota Fanning', 'Michael Sheen', 'Ashley Greene']","['moon', 'based on novel or book', 'vampire', 'teen movie', 'werewolf', 'interspecies romance', 'based on young adult novel', 'supernatural power']"
1406657,Scarlet,"['Animation', 'Action', 'Drama', 'Science Fiction']",7.299,87,8.9309,2025-11-21,0,1730000,"['Mana Ashida', 'Masaki Okada', 'Yutaka Matsushige', 'Kotaro Yoshida', 'Koji Yakusho', 'Masachika Ichimura']","['princess', 'time travel', 'revenge', 'anime']"
345940,The Meg,"['Action', 'Science Fiction', 'Horror']",6.247,8164,9.0387,2018-08-09,150000000,530517320,"['Jason Statham', 'Li Bingbing', 'Rainn Wilson', 'Cliff Curtis', 'Ruby Rose', 'Jessica McNamee']","['beach', 'based on novel or book', 'deep sea', 'underwater', 'shark', 'oceanic expedition', 'kaiju', 'animal horror']"
73723,The Lorax,"['Animation', 'Family']",6.525,3857,8.5003,2012-03-01,70000000,349305397,"['Danny DeVito', 'Ed Helms', 'Zac Efron', 'Rob Riggle', 'Taylor Swift', 'Jenny Slate']","['aftermath', 'tree', 'villain', 'musical', 'family business ', 'money', 'tragic villain', 'consumerism']"
1949,Zodiac,"['Crime', 'Mystery', 'Thriller']",7.529,11504,9.039,2007-03-02,65000000,84785914,"['Jake Gyllenhaal', 'Mark Ruffalo', 'Anthony Edwards', 'Robert Downey Jr.', 'Chloë Sevigny', 'Elias Koteas']","['newspaper', 'journalist', 'california', 'based on novel or book', 'police', 'san francisco, california', 'killing', 'detective']"
73723,The Lorax,"['Animation', 'Family']",6.525,3857,8.5003,2012-03-01,70000000,349305397,"['Danny DeVito', 'Ed Helms', 'Zac Efron', 'Rob Riggle', 'Taylor Swift', 'Jenny Slate']","['aftermath', 'tree', 'villain', 'musical', 'family business ', 'money', 'tragic villain', 'consumerism']"
1949,Zodiac,"['Crime', 'Mystery', 'Thriller']",7.529,11504,9.039,2007-03-02,65000000,84785914,"['Jake Gyllenhaal', 'Mark Ruffalo', 'Anthony Edwards', 'Robert Downey Jr.', 'Chloë Sevigny', 'Elias Koteas']","['newspaper', 'journalist', 'california', 'based on novel or book', 'police', 'san francisco, california', 'killing', 'detective']"
1592,Primal Fear,"['Crime', 'Drama', 'Mystery', 'Thriller']",7.657,3895,8.8266,1996-04-03,30000000,102616183,"['Richard Gere', 'Laura Linney', 'Edward Norton', 'John Mahoney', 'Alfre Woodard', 'Frances McDormand']","['chicago, illinois', 'death penalty', 'child abuse', 'corruption', 'based on novel or book', 'court case', 'court', 'psychopath']"
12429,Ponyo,"['Animation', 'Fantasy', 'Family']",7.755,4786,8.3893,2008-07-19,34000000,202404009,"['Yuria Kozuki', 'Hiroki Doi', 'George Tokoro', 'Tomoko Yamaguchi', 'Yuki Amami', 'Kazushige Nagashima']","['princess', 'fish', 'fairy tale', 'cliff', 'mermaid', 'heart warming', 'quest', 'anime']"
398818,Call Me by Your Name,"['Romance', 'Drama']",8.092,12720,8.7529,2017-10-01,3500000,43143046,"['Armie Hammer', 'Timothée Chalamet', 'Michael Stuhlbarg', 'Amira Casar', 'Esther Garrel', 'Victoire du Bois']","['based on novel or book', 'upper class', 'italy', 'swimming pool', 'coming of age', 'love', 'breaking the fourth wall', 'summer']"
127585,X-Men: Days of Future Past,"['Action', 'Adventure', 'Science Fiction']",7.529,16205,8.5665,2014-05-15,250000000,748045700,"['Hugh Jackman', 'James McAvoy', 'Michael Fassbender', 'Patrick Stewart', 'Ian McKellen', 'Jennifer Lawrence']","['1970s', 'superhero', 'mutant', 'time travel', 'based on comic', 'superhuman', 'storm', 'political intrigue\xa0']"
466420,Killers of the Flower Moon,"['Crime', 'History', 'Drama']",7.4,4093,8.315,2023-10-18,200000000,158722599,"['Leonardo DiCaprio', 'Robert De Niro', 'Lily Gladstone', 'Jesse Plemons', 'Tantoo Cardinal', 'John Lithgow']","['husband wife relationship', 'based on novel or book', 'war veteran', 'fbi', 'greed', 'oklahoma', 'manipulation', 'native american']"
9441,Stepmom,"['Drama', 'Romance', 'Comedy']",7.154,1534,8.6439,1998-12-25,50000000,159710793,"['Julia Roberts', 'Susan Sarandon', 'Ed Harris', 'Jena Malone', 'Liam Aiken', 'Lynn Whitfield']","['new york city', 'fashion photographer', 'divorce', 'rebellious daughter', 'freeze frame', 'custody', 'school play', 'photo shoot']"
1124566,Sentimental Value,['Drama'],7.5,866,9.1003,2025-08-20,7800000,22000000,"['Renate Reinsve', 'Stellan Skarsgård', 'Inga Ibsdotter Lilleaas', 'Elle Fanning', 'Anders Danielsen Lie', 'Jesper Christensen']","['dysfunctional family', 'filmmaking', 'generational', 'oslo, norway', 'father daughter relationship', 'sister sister relationship', 'memories', 'actress']"
81,Nausicaä of the Valley of the Wind,"['Adventure', 'Animation', 'Fantasy']",7.95,4050,7.4007,1984-03-11,1000000,9016411,"['Sumi Shimamoto', 'Ichiro Nagai', 'Gorō Naya', 'Yoji Matsuda', 'Yoshiko Sakakibara', 'Iemasa Kayumi']","['future', 'airplane', 'saving the world', 'human vs nature', 'fungus spores   ', 'post-apocalyptic future', 'giant insect', 'toxic']"
1084736,The Count of Monte Cristo,"['Adventure', 'Action', 'Drama']",7.9,2005,8.4061,2024-06-28,46000000,75360860,"['Pierre Niney', 'Bastien Bouillon', 'Anaïs Demoustier', 'Laurent Lafitte', 'Pierfrancesco Favino', 'Patrick Mille']","['based on novel or book', 'count', 'revenge', 'wrongful conviction', 'hidden fortune', '19th century', 'moral downfall', 'post‑napoleonic france']"
22881,The Blind Side,['Drama'],7.665,6814,8.4124,2009-11-20,29000000,309231694,"['Sandra Bullock', 'Tim McGraw', 'Quinton Aaron', 'Jae Head', 'Lily Collins', 'Ray McKinnon']","['sports', 'american football', 'adoption', 'private school', 'education', 'based on true story', 'memphis, tennessee', 'duringcreditsstinger']"
579974,RRR,"['Action', 'Adventure', 'Drama']",7.7,1582,8.2144,2022-03-24,69000000,160000000,"['N.T. Rama Rao Jr.', 'Ram Charan', 'Olivia Morris', 'Ray Stevenson', 'Alison Doody', 'Ajay Devgn']","['rescue', 'revolution', 'liberation', 'slavery', 'male friendship', 'freedom fighter', 'british empire', 'interracial romance']"
567,Rear Window,"['Thriller', 'Mystery', 'Drama']",8.339,7136,9.2661,1954-08-01,1000000,37042336,"['James Stewart', 'Grace Kelly', 'Wendell Corey', 'Thelma Ritter', 'Raymond Burr', 'Judith Evelyn']","['nurse', 'isolation', 'photographer', 'suspicion of murder', 'wheelchair', 'girlfriend', 'salesman', 'neighbor']"
1010756,The Strangers: Chapter 2,"['Horror', 'Thriller']",6.097,305,8.4758,2025-09-25,8000000,21921749,"['Madelaine Petsch', 'Froy Gutierrez', 'Gabriel Basso', 'Ema Horvath', 'Brooke Lena Johnson', 'Richard Brake']","['ambulance', 'sequel', 'hospital', 'slasher', 'reboot', 'masked maniac']"
59440,Warrior,"['Drama', 'Action']",7.844,4994,8.7069,2011-09-09,25000000,23300000,"['Joel Edgerton', 'Tom Hardy', 'Nick Nolte', 'Jennifer Morrison', 'Frank Grillo', 'Kevin Dunn']","['bank', 'training', 'beating', 'mixed martial arts (mma)', 'teacher', 'muscleman', 'combat', 'alcoholic']"
86331,Desire,"['Drama', 'Romance']",6.277,1361,8.5982,2011-10-06,1344000,0,"['Déborah Révy', 'Hélène Zimmer', 'Gowan Didi', 'Johnny Amaro', 'Johan Libéreau', 'Jean-François Gallotte']","['france', 'sexuality', 'sexual fantasy', 'unfaithfulness', 'promiscuity', 'prostitution', 'lust', 'couple']"
414419,Kill Bill: The Whole Bloody Affair,"['Action', 'Crime']",8.1,1229,9.1414,2011-03-27,60000000,10627885,"['Uma Thurman', 'Lucy Liu', 'Vivica A. Fox', 'Michael Madsen', 'Daryl Hannah', 'David Carradine']","['martial arts', 'kung fu', 'assassin', 'mass murder', 'yakuza', 'feminism', 'secret society', 'buried alive']"
345887,The Equalizer 2,"['Action', 'Thriller', 'Crime']",6.786,5943,8.3158,2018-07-19,62000000,190400157,"['Denzel Washington', 'Pedro Pascal', 'Ashton Sanders', 'Orson Bean', 'Bill Pullman', 'Melissa Leo']","['drug dealer', 'central intelligence agency (cia)', 'rape', 'kidnapping', 'hostage', 'hurricane', 'sequel', 'revenge']"
1701,Con Air,"['Action', 'Thriller', 'Crime']",6.77,4663,8.1243,1997-06-05,75000000,224012234,"['Nicolas Cage', 'John Cusack', 'John Malkovich', 'Ving Rhames', 'Mykelti Williamson', 'Dave Chappelle']","['undercover', 'ambush', 'war veteran', 'psychopath', 'bravery', 'mexican standoff', 'sandstorm', 'hijacking']"
620,Ghostbusters,"['Comedy', 'Fantasy']",7.495,9710,8.178,1984-06-08,30000000,296640120,"['Bill Murray', 'Dan Aykroyd', 'Sigourney Weaver', 'Harold Ramis', 'Rick Moranis', 'Annie Potts']","['new york city', 'environmental protection agency', 'library', 'supernatural', 'paranormal phenomena', 'loser', 'slime', 'gatekeeper']"
538751,The Day of Swapping,['Romance'],5.8,16,8.5351,2017-07-10,0,0,"['Joo Ye-bin', 'Baek Se-ri', 'Min Do-yoon', 'Ji Eun-seo', 'Jang Seok-min']","['softcore', '交换的一天']"
110143,Craving Desire,"['Drama', 'Thriller']",4.8,35,8.228,1993-06-09,0,0,"['Vittoria Belvedere', 'Ron Nummi', 'Simona Borioni', 'Riccardo Parisio Perrotti', 'Viviana Polic', 'Barbara Cavallari']","['jealousy', 'robbery', 'schizophrenia', 'venezuela', 'insanity', 'diary', 'deception', 'incest']"
1067515,The Boys Club,[],0.0,0,8.4967,2021-11-13,0,0,[],[]
393,Kill Bill: Vol. 2,"['Action', 'Crime', 'Thriller']",7.877,15010,7.869,2004-04-16,30000000,152159461,"['Uma Thurman', 'David Carradine', 'Daryl Hannah', 'Michael Madsen', 'Gordon Liu Chia-Hui', 'Michael Parks']","['daughter', 'martial arts', 'kung fu', 'showdown', 'right and justice', 'rage and hate', 'sibling relationship', 'swordplay']"
605722,Long Distance,"['Science Fiction', 'Comedy', 'Action']",6.428,244,7.923,2024-07-12,0,0,"['Anthony Ramos', 'Naomi Scott', 'Kristofer Hivju', 'Zachary Quinto', 'Izzy Jones', 'Leon Nurse-Joseph']","['galaxy', 'alien encounter', 'survivor', 'asteriod', 'sci‑fi drama', 'communication struggle', 'galactic journey', 'planet exploration']"
30497,The Texas Chain Saw Massacre,['Horror'],7.28,3784,7.1282,1974-10-11,140000,30922680,"['Marilyn Burns', 'Allen Danziger', 'Paul A. Partain', 'William Vail', 'Teri McMinn', 'Edwin Neal']","['van', 'gas station', 'sadistic', 'texas', 'leatherface', 'hitchhiker', 'slaughterhouse', 'slasher']"
56292,Mission: Impossible - Ghost Protocol,"['Action', 'Thriller', 'Adventure']",7.112,10734,8.0461,2011-12-07,145000000,694713380,"['Tom Cruise', 'Paula Patton', 'Simon Pegg', 'Jeremy Renner', 'Michael Nyqvist', 'Vladimir Mashkov']","['mask', 'assassin', 'budapest, hungary', 'skyscraper', 'secret intelligence service', 'sandstorm', 'seattle, washington', 'satellite']"
1232889,Malta,"['Drama', 'Science Fiction']",5.4,8,9.1805,2024-03-08,0,0,"['Estefania Piñeres', 'Patricia Tamayo', 'Emmanuel Restrepo', 'Diego Cremonesi', 'Angela Rodriguez', 'Edwin Riveros']",['cine colombiano']
78133,A Home of Our Own,['Drama'],6.9,92,6.1935,1993-11-05,12000000,1703282,"['Kathy Bates', 'Edward Furlong', 'Clarissa Lassig', 'Sarah Schaub', 'Miles Feulner', 'Amy Sakasitz']","['child abuse', 'widow', 'adoption', 'homelessness', 'biography', 'family relationships', 'poverty', ""child's point of view""]"
59967,Looper,"['Action', 'Thriller', 'Science Fiction']",6.907,10859,7.7598,2012-09-26,30000000,47042000,"['Joseph Gordon-Levitt', 'Bruce Willis', 'Emily Blunt', 'Paul Dano', 'Noah Segan', 'Piper Perabo']","['future', 'suicide', 'assassin', 'dystopia', 'drug addiction', 'time travel', 'retirement', 'tragedy']"
308624,The Story of Ong-nyeo,"['Romance', 'Drama']",5.5,6,8.2453,2014-08-21,0,0,"['Han Chae-you', 'Kang Kyung-woo', 'Shin Yu-ju', 'Kim Tae-hoon', 'Gil Son', 'Baek Gil-seong']","['eroticism', 'softcore']"
759297,The Housemaid,['Thriller'],5.425,53,9.0016,2021-09-10,0,0,"['Kylie Verzosa', 'Jaclyn Jose', 'Alma Moreno', 'Albert Martinez', 'Louise delos Reyes', 'Elia Ilano']",[]
223702,Sausage Party,"['Adventure', 'Animation', 'Comedy', 'Fantasy']",5.754,7694,7.4065,2016-07-11,19000000,140705322,"['Seth Rogen', 'Kristen Wiig', 'Jonah Hill', 'Bill Hader', 'Michael Cera', 'James Franco']","['supermarket', 'parody', 'anthropomorphism', 'sausage', 'food', 'adult animation', 'grocery store', 'sex party']"
200727,"Love, Rosie","['Romance', 'Drama', 'Comedy']",7.811,6485,8.5303,2014-10-16,0,4439431,"['Lily Collins', 'Sam Claflin', 'Christian Cooke', 'Tamsin Egerton', 'Suki Waterhouse', 'Jaime Winstone']","['friendship', 'based on novel or book', 'love', 'best friend', ""valentine's day"", 'teenage pregnancy', 'friends in love', 'missed opportunity']"
296,Terminator 3: Rise of the Machines,"['Action', 'Thriller', 'Science Fiction']",6.189,7217,9.2985,2003-07-02,200000000,435000000,"['Arnold Schwarzenegger', 'Nick Stahl', 'Claire Danes', 'Kristanna Loken', 'Earl Boen', 'David Andrews']","['man vs machine', 'artificial intelligence (a.i.)', 'saving the world', 'leather jacket', 'cyborg', 'killer robot', 'dystopia', 'nanotechnology']"
1542352,Youth,"['Comedy', 'Romance', 'Drama']",7.286,7,7.8956,2026-03-19,752800,7528000,"['Ken Karunaas', 'Anishma Anilkumar', 'Suraj Venjaramoodu', 'Devadarshini', 'Meenakshi Dinesh', 'Priyanshi Yadav']",[]
10995,The Lover,"['Drama', 'Romance']",6.988,755,7.8918,1992-01-22,0,5013090,"['Jane March', 'Tony Leung Ka-fai', 'Frédérique Meininger', 'Arnaud Giovaninetti', 'Melvil Poupaud', 'Lisa Faulkner']","['lolita', 'virgin', 'vietnam', 'based on novel or book', 'age difference', 'arranged marriage', 'lover', 'affectation']"
1593,Night at the Museum,"['Fantasy', 'Family', 'Comedy']",6.599,10925,8.8698,2006-12-20,110000000,574480841,"['Ben Stiller', 'Carla Gugino', 'Dick Van Dyke', 'Mickey Rooney', 'Bill Cobbs', 'Jake Cherry']","['night shift', 'skeleton', 'chaos', 'maya civilization', 'museum', 'genghis khan', 'natural history', 'dinosaur']"
44214,Black Swan,"['Drama', 'Thriller', 'Horror']",7.7,15507,8.7267,2010-12-03,13000000,329398046,"['Natalie Portman', 'Mila Kunis', 'Vincent Cassel', 'Barbara Hershey', 'Winona Ryder', 'Benjamin Millepied']","['new york city', 'dance', 'nightmare', 'obsession', 'insanity', 'paranoia', 'hallucination', 'ballet dancer']"
620249,The Legend of Hei,"['Animation', 'Fantasy', 'Action']",8.294,459,8.7451,2019-08-27,0,48045728,"['Shan Xin', 'Liu Mingyue', 'Hao Xianghai', 'Ding Dang', 'Yuntu Cao', 'Sheng Feng']","['monster', 'magic', 'cat', 'shapeshifting', 'dilemma', 'betrayal', 'animals', 'environmental']"
2034,Training Day,"['Action', 'Crime', 'Drama']",7.52,6558,8.4537,2001-10-05,45000000,104900000,"['Denzel Washington', 'Ethan Hawke', 'Scott Glenn', 'Tom Berenger', 'Harris Yulin', 'Raymond J. Barry']","['drug dealer', 'california', 'police brutality', 'poker', 'bratva (russian mafia)', 'war on drugs', 'drug trafficking', 'police corruption']"
353081,Mission: Impossible - Fallout,"['Action', 'Adventure']",7.449,9101,8.5141,2018-07-25,178000000,824171374,"['Tom Cruise', 'Henry Cavill', 'Ving Rhames', 'Simon Pegg', 'Rebecca Ferguson', 'Sean Harris']","['mask', 'race against time', 'london, england', 'central intelligence agency (cia)', 'helicopter', 'paris, france', 'chase', 'gun']"
2493,The Princess Bride,"['Adventure', 'Family', 'Fantasy', 'Comedy', 'Romance']",7.699,5073,8.6893,1987-09-25,16000000,30900000,"['Cary Elwes', 'Robin Wright', 'Mandy Patinkin', 'Chris Sarandon', 'Christopher Guest', 'Wallace Shawn']","['dreams', 'based on novel or book', 'narration', 'wrestling', 'miracle', 'sword fight', 'revenge', 'boat chase']"
14,American Beauty,['Drama'],8.0,13003,8.4573,1999-09-15,15000000,356296601,"['Kevin Spacey', 'Annette Bening', 'Thora Birch', 'Wes Bentley', 'Mena Suvari', 'Peter Gallagher']","['estate agent', 'adultery', 'coming out', 'first time', 'virgin', 'cheating', 'parent child relationship', 'age difference']"
235,Stand by Me,"['Crime', 'Drama']",7.838,6492,8.5501,1986-08-08,8000000,52289686,"['Wil Wheaton', 'River Phoenix', 'Corey Feldman', ""Jerry O'Connell"", 'Kiefer Sutherland', 'Casey Siemaszko']","['friendship', 'based on novel or book', 'leech', 'dark comedy', 'bullying', 'road trip', 'oregon, usa', 'coming of age']"
95,Armageddon,"['Action', 'Science Fiction', 'Adventure']",6.83,8538,7.8417,1998-07-01,140000000,553799566,"['Bruce Willis', 'Billy Bob Thornton', 'Ben Affleck', 'Liv Tyler', 'Will Patton', 'Steve Buscemi']","['daughter', 'race against time', 'space marine', 'moon', 'washington dc, usa', 'saving the world', 'cataclysm', 'paris, france']"
1242011,Together,"['Horror', 'Romance']",6.937,1103,7.757,2025-07-28,17000000,34747399,"['Dave Franco', 'Alison Brie', 'Damon Herriman', 'Mia Morrissey', 'Karl Richmond', 'Jack Kenny']","['countryside', 'musician', 'cave', 'cult', 'woods', 'romance', 'teacher', 'church']"
619803,The Roundup 2,"['Action', 'Crime', 'Thriller', 'Adventure']",7.329,424,8.6929,2022-05-18,7600000,101166707,"['Don Lee', 'Son Suk-ku', 'Choi Gwi-hwa', 'Park Ji-hwan', 'Heo Dong-won', 'Ha Jun']","['vietnam', 'police', 'gangster', 'detective', 'sequel', 'murder investigation', 'international crime', '2000s']"
4327,Charlie's Angels,"['Action', 'Comedy', 'Adventure']",5.853,4495,8.4134,2000-11-02,92000000,264105545,"['Cameron Diaz', 'Drew Barrymore', 'Lucy Liu', 'Bill Murray', 'Sam Rockwell', 'Tim Curry']","['martial arts', 'undercover agent', 'spy', 'secret agent', 'satire', 'female friendship', 'millionaire', 'agent']"
1174128,Forbidden Fairytale,"['Comedy', 'Romance']",7.55,20,7.314,2025-01-08,0,0,"['Park Ji-hyun', 'Choi Si-won', 'Sung Dong-il', 'Park Geon-il', 'Hwang Se-on', 'Seol Woo-in']","['sex comedy', 'lighthearted']"
929590,Civil War,"['War', 'Action', 'Drama']",6.861,4293,8.874,2024-04-10,50000000,126542249,"['Kirsten Dunst', 'Wagner Moura', 'Cailee Spaeny', 'Stephen McKinley Henderson', 'Nelson Lee', 'Nick Offerman']","['sniper', 'new york city', 'race against time', 'washington dc, usa', 'the white house', 'civil war', 'post-traumatic stress disorder (ptsd)', 'war crimes']"
88,Dirty Dancing,"['Drama', 'Music', 'Romance']",7.327,6491,8.5131,1987-08-21,6000000,214577242,"['Jennifer Grey', 'Patrick Swayze', 'Cynthia Rhodes', 'Neal Jones', 'Jerry Orbach', 'Kelly Bishop']","['hotel', 'daughter', 'dancing', 'secret love', 'robbery', 'sibling relationship', 'summer camp', 'dancing master']"
1550797,Prep & Landing: The Snowball Protocol,"['Animation', 'Comedy', 'Fantasy', 'Family']",7.19,29,7.7121,2025-11-27,0,0,"['Dave Foley', 'Derek Richardson', 'Sarah Chalke', 'Debi Derryberry', 'Colleen Evanson', 'Manny Jacinto']","['hijinks', 'buddy comedy', 'told in flashback', 'christmas', 'christmas special', 'elf']"
10474,The Basketball Diaries,"['Drama', 'Crime']",7.399,2187,8.2114,1995-04-21,2000000,2381087,"['Leonardo DiCaprio', 'Bruno Kirby', 'Lorraine Bracco', 'Ernie Hudson', 'Patrick McGaw', 'James Madio']","['new york city', 'sports', 'heroin', 'addiction', 'basketball', 'friends', 'based on memoir or autobiography', 'drugs']"
185664,Nun in Rope Hell,"['Drama', 'Horror']",6.3,37,7.5156,1984-05-25,0,0,"['Miki Takakura', 'Maya Ito', 'Asami Ogawa', 'Hiroshi Unayama', 'Hiromi Yamaguchi', 'Shingo Yamamoto']","['bondage', 'roman porno']"
581726,Infinite,"['Science Fiction', 'Action', 'Adventure']",6.564,2125,8.2937,2021-09-09,0,0,"['Mark Wahlberg', 'Chiwetel Ejiofor', 'Sophie Cookson', 'Jason Mantzoukas', 'Rupert Friend', 'Toby Jones']","['based on novel or book', 'secret organization', 'reincarnation', 'memories', 'matter of fact', 'straightforward']"
17422,Summer Palace,"['Drama', 'Romance']",7.3,112,9.672,2006-05-18,0,0,"['Hao Lei', 'Guo Xiaodong', 'Hu Ling', 'Zhang Xianmin', 'Cui Lin', 'Chloe Maayan']",[]
335977,Indiana Jones and the Dial of Destiny,"['Adventure', 'Action']",6.512,4122,7.2339,2023-06-25,294700000,383963057,"['Harrison Ford', 'Phoebe Waller-Bridge', 'Mads Mikkelsen', 'Boyd Holbrook', 'Olivier Richters', 'Ethann Isidore']","['melancholy', 'treasure hunt', 'ancient rome', 'sequel', 'flashback', 'knife fight', 'archaeologist', 'adventurer']"
877703,Teen Wolf: The Movie,"['Action', 'Fantasy', 'TV Movie']",7.476,955,8.0151,2023-01-18,15000000,0,"['Tyler Posey', 'Crystal Reed', 'Holland Roden', 'Tyler Hoechlin', 'Shelley Hennig', 'JR Bourne']","['sequel', 'werewolf', 'supernatural creature', 'based on movie', 'banshee', 'northern california', 'based on tv series']"
877703,Teen Wolf: The Movie,"['Action', 'Fantasy', 'TV Movie']",7.476,955,8.0151,2023-01-18,15000000,0,"['Tyler Posey', 'Crystal Reed', 'Holland Roden', 'Tyler Hoechlin', 'Shelley Hennig', 'JR Bourne']","['sequel', 'werewolf', 'supernatural creature', 'based on movie', 'banshee', 'northern california', 'based on tv series']"
1146239,Don't Mess with Grandma,"['Comedy', 'Action', 'Thriller']",6.105,19,6.9592,2024-09-20,1500000,0,"['Michael Jai White', 'Jackie Richardson', 'Billy Zane', 'Miles Faber', 'Ess Hödlmoser', 'Rebecca Auerbach']","['fight', 'heavy metal', 'film noir', 'dog', 'madcap comedy', 'gritty', 'comedy', 'action']"
878608,Resurrection,"['Science Fiction', 'Drama']",7.193,75,8.0659,2025-11-22,0,27783000,"['Jackson Yee', 'Shu Qi', 'Mark Chao', 'Li Gengxi', 'Huang Jue', 'Chen Yongzhong']","['five senses', 'experimental cinema']"
87428,That's My Boy,['Comedy'],5.803,2143,8.0635,2012-06-14,70000000,57719093,"['Adam Sandler', 'Andy Samberg', 'Leighton Meester', 'Vanilla Ice', 'Tony Orlando', 'Will Forte']","['talk show', 'older woman seduces younger guy', ""women's prison"", 'strip club', 'drinking', 'prison sentence', 'single father', 'incest']"
402,Basic Instinct,"['Thriller', 'Mystery']",6.942,4349,8.3082,1992-03-20,49000000,352927224,"['Michael Douglas', 'Sharon Stone', 'George Dzundza', 'Jeanne Tripplehorn', 'Denis Arndt', 'Leilani Sarelle']","['dying and death', 'california', 'jealousy', 'sexual obsession', 'police', 'san francisco, california', 'sadism', 'psychopath']"
920728,We Want Now,['Romance'],0.0,0,6.106,2016-04-20,0,0,"['수지', 'Han Seok-bong']",['softcore']
587,Big Fish,"['Adventure', 'Fantasy', 'Drama']",7.758,7735,8.273,2003-12-10,70000000,123200000,"['Ewan McGregor', 'Albert Finney', 'Billy Crudup', 'Jessica Lange', 'Helena Bonham Carter', 'Alison Lohman']","['witch', 'fish', ""love of one's life"", 'parent child relationship', 'circus', 'fairy tale', 'fishing', 'leech']"
1233327,Matka,"['Action', 'Crime']",4.9,11,7.0719,2024-11-14,0,0,"['Varun Tej', 'Meenakshi Chaudhary', 'Nora Fatehi', 'Naveen Chandra', 'Ajay Ghosh', 'Kishore']","['bet', 'casino', 'crime boss', 'betting']"
579974,RRR,"['Action', 'Adventure', 'Drama']",7.7,1582,8.2144,2022-03-24,69000000,160000000,"['N.T. Rama Rao Jr.', 'Ram Charan', 'Olivia Morris', 'Ray Stevenson', 'Alison Doody', 'Ajay Devgn']","['rescue', 'revolution', 'liberation', 'slavery', 'male friendship', 'freedom fighter', 'british empire', 'interracial romance']"
270303,It Follows,"['Horror', 'Mystery']",6.583,6886,6.2299,2015-02-04,2300000,23374076,"['Maika Monroe', 'Keir Gilchrist', 'Daniel Zovatto', 'Jake Weary', 'Olivia Luccardi', 'Lili Sepe']","['beach', 'chase', 'supernatural', 'friends', 'vision', 'teenage girl', 'school', 'detroit, michigan']"
9323,Ghost in the Shell,"['Action', 'Animation', 'Science Fiction']",7.921,3861,8.1537,1995-11-18,3000000,10000000,"['Atsuko Tanaka', 'Akio Otsuka', 'Iemasa Kayumi', 'Koichi Yamadera', 'Yutaka Nakano', 'Tamio Ohki']","['android', 'man vs machine', 'artificial intelligence (a.i.)', 'computer virus', 'cyborg', 'dystopia', 'implantat', 'fugitive']"
476669,The King's Man,"['Action', 'Adventure', 'Thriller']",6.7,5032,7.8335,2021-12-22,100000000,125897478,"['Ralph Fiennes', 'Gemma Arterton', 'Rhys Ifans', 'Matthew Goode', 'Tom Hollander', 'Harris Dickinson']","['london, england', 'world war i', 'spy', 'based on comic', 'prequel', 'world domination', 'duringcreditsstinger', 'speculative']"
13009,Zombie Strippers!,"['Comedy', 'Horror', 'Science Fiction']",4.858,424,8.6739,2008-04-18,0,0,"['Jenna Jameson', 'Robert Englund', 'Roxy Saint', 'John T. Woods', 'Penny Drake', 'Whitney Anderson']","['striptease', 'strip club', 'zombie', 'lap dance', 'strip tease', 'head crushing', 'small town girl']"
115,The Big Lebowski,"['Comedy', 'Crime']",7.839,12129,7.4004,1998-03-06,15000000,47010480,"['Jeff Bridges', 'John Goodman', 'Julianne Moore', 'Steve Buscemi', 'David Huddleston', 'Philip Seymour Hoffman']","['vietnam veteran', 'white russian', 'bowling', 'carpet', 'nihilism', 'heart attack', 'kidnapping', 'lsd']"
2270,Stardust,"['Adventure', 'Fantasy', 'Romance', 'Family']",7.289,4427,7.415,2007-08-10,70000000,137500000,"['Charlie Cox', 'Claire Danes', 'Michelle Pfeiffer', 'Mark Strong', 'Jason Flemyng', 'Robert De Niro']","['witch', 'new love', 'based on novel or book', 'kingdom', 'transformation', 'prince', 'beauty', 'wall']"
563,Starship Troopers,"['Adventure', 'Action', 'Thriller', 'Science Fiction']",7.104,5461,7.8686,1997-11-07,105000000,121214377,"['Casper Van Dien', 'Dina Meyer', 'Denise Richards', 'Jake Busey', 'Neil Patrick Harris', 'Clancy Brown']","['spacecraft', 'space marine', 'army', 'moon', 'based on novel or book', 'asteroid', 'intelligence', 'dystopia']"
558,Spider-Man 2,"['Action', 'Adventure', 'Science Fiction']",7.304,16285,8.3698,2004-06-25,200000000,788976453,"['Tobey Maguire', 'Kirsten Dunst', 'James Franco', 'Alfred Molina', 'Rosemary Harris', 'J.K. Simmons']","['new york city', 'dual identity', ""love of one's life"", 'secret identity', 'superhero', 'pizza boy', 'based on comic', 'sequel']"
10528,Sherlock Holmes,"['Adventure', 'Crime', 'Mystery']",7.218,14733,8.1809,2009-12-23,90000000,524028679,"['Robert Downey Jr.', 'Jude Law', 'Rachel McAdams', 'Mark Strong', 'Eddie Marsan', 'Robert Maillet']","['london, england', 'based on novel or book', 'detective', 'scotland yard', 'coffin', 'pentagram', 'black magic', 'arrest']"
1398655,Blue Film,['Drama'],0.0,0,7.2606,2026-05-08,0,0,"['Reed Birney', 'Kieron Moore']","['fetish', 'lgbt', 'social media', 'sex worker', 'cam']"
799583,The Ministry of Ungentlemanly Warfare,"['Action', 'Comedy', 'War']",7.017,1860,8.6317,2024-04-18,60000000,29768915,"['Henry Cavill', 'Eiza González', 'Alan Ritchson', 'Henry Golding', 'Cary Elwes', 'Alex Pettyfer']","['casino', 'based on novel or book', 'nazi', 'world war ii', 'based on true story', 'historical figure', 'military prison', 'harbor']"
27945,Hombre,['Western'],7.069,240,5.0444,1967-03-21,5860000,12000000,"['Paul Newman', 'Fredric March', 'Richard Boone', 'Diane Cilento', 'Cameron Mitchell', 'Barbara Rush']","['apache nation', 'outlaw', 'stagecoach', 'journey']"
10527,Madagascar: Escape 2 Africa,"['Adventure', 'Animation', 'Comedy', 'Family']",6.524,7403,8.0334,2008-10-30,150000000,603900354,"['Ben Stiller', 'Chris Rock', 'David Schwimmer', 'Jada Pinkett Smith', 'Sacha Baron Cohen', 'Cedric the Entertainer']","['dance', 'friendship', 'jealousy', 'airplane', 'africa', 'hunger', 'lion', 'zoo']"
13475,Star Trek,"['Science Fiction', 'Action', 'Adventure']",7.43,10456,8.4338,2009-05-06,150000000,386839614,"['Chris Pine', 'Zachary Quinto', 'Leonard Nimoy', 'Eric Bana', 'Bruce Greenwood', 'Karl Urban']","['spacecraft', 'teleportation', 'san francisco, california', 'time travel', 'space mission', 'parachute', 'black hole', 'supernova']"
1285965,Dangerous Animals,"['Horror', 'Thriller']",6.432,552,7.8006,2025-06-05,2000000,9207791,"['Hassie Harrison', 'Jai Courtney', 'Josh Heuston', 'Rob Carlton', 'Ella Newton', 'Liam Greinke']","['shark attack', 'animal attack', 'tape', 'serial killer', 'creature', 'shark', 'held captive', 'survival horror']"
1136867,Materialists,"['Romance', 'Drama']",6.299,1266,8.6582,2025-06-12,20000000,107949056,"['Dakota Johnson', 'Chris Evans', 'Pedro Pascal', 'Zoë Winters', 'Marin Ireland', 'Dasha Nekrasova']","['new york city', 'love triangle', 'wedding', 'class differences', 'ex-boyfriend ex-girlfriend relationship', 'woman director', 'sexual assault', 'philosophical']"
4982,American Gangster,"['Drama', 'Crime']",7.59,6008,8.783,2007-11-02,100000000,269755430,"['Denzel Washington', 'Russell Crowe', 'Josh Brolin', 'Chiwetel Ejiofor', 'Cuba Gooding Jr.', 'Lymari Nadal']","['new york city', 'vietnam', 'drug smuggling', 'society', 'gangster', 'drug trafficking', 'heroin', 'junkie']"
1032823,Trap,"['Crime', 'Horror', 'Thriller']",6.24,2795,8.9115,2024-07-31,30000000,83677281,"['Josh Hartnett', 'Ariel Donoghue', 'Saleka Night Shyamalan', 'Alison Pill', 'Hayley Mills', 'Jonathan Langdon']","['concert', 'philadelphia, pennsylvania', 'double life', 'escape', 's.w.a.t.', 'pop star', 'father', 'limousine']"
141,Donnie Darko,"['Fantasy', 'Drama', 'Mystery']",7.8,13369,8.2118,2001-01-19,4500000,7500000,"['Jake Gyllenhaal', 'Jena Malone', 'James Duval', 'Drew Barrymore', 'Beth Grant', 'Maggie Gyllenhaal']","['high school', 'airplane', 'parent child relationship', 'presidential election', 'therapist', 'school performance', 'halloween', 'time travel']"
11936,City of Women,"['Comedy', 'Adventure', 'Fantasy']",6.949,293,7.8996,1980-03-28,0,0,"['Marcello Mastroianni', 'Anna Prucnal', 'Bernice Stegers', 'Jole Silvani', 'Donatella Damiani', 'Ettore Manni']","['italy', 'empowerment', 'ladykiller', 'feminism', 'man woman relationship']"
4977,Paprika,"['Science Fiction', 'Thriller', 'Animation']",7.81,2842,8.2632,2006-10-01,2600000,946590,"['Megumi Hayashibara', 'Tohru Emori', 'Katsunosuke Hori', 'Toru Furuya', 'Akio Otsuka', 'Koichi Yamadera']","['research', 'japan', 'dreams', 'based on novel or book', 'procession', 'psychoanalysis', 'mad scientist', 'dream girl']"
340553,Beautiful Sisters: Flesh Slaves,"['Horror', 'Thriller']",6.5,21,12.0033,1986-01-18,0,0,"['Rei Akasaka', 'Megumi Kiyosato', 'Kiriko Shimizu', 'Isao Nonaka', 'Kazuyuki Senba', 'Kissei Kumamoto']","['rape', 'revenge', 'softcore', 'pink film']"
273248,The Hateful Eight,"['Drama', 'Mystery', 'Western']",7.8,15223,8.0685,2015-12-25,44000000,155760117,"['Samuel L. Jackson', 'Kurt Russell', 'Jennifer Jason Leigh', 'Walton Goggins', 'Demián Bichir', 'Tim Roth']","['bounty hunter', 'wyoming, usa', 'narration', 'mountain', 'hangman', 'whodunit', 'stagecoach', 'blizzard']"
3558,"Girl, Interrupted",['Drama'],7.565,4131,7.7616,1999-12-21,40000000,48350205,"['Winona Ryder', 'Angelina Jolie', 'Clea DuVall', 'Brittany Murphy', 'Elisabeth Moss', 'Jared Leto']","['based on novel or book', 'escape', 'suicide attempt', 'identity', 'insanity', 'female friendship', 'based on true story', 'borderline personality disorder']"
315011,Shin Godzilla,"['Action', 'Science Fiction', 'Horror']",7.225,1552,7.5931,2016-07-29,15000000,78053145,"['Hiroki Hasegawa', 'Yutaka Takenouchi', 'Satomi Ishihara', 'Kengo Kora', 'Satoru Matsuo', 'Mikako Ichikawa']","['japan', 'monster', 'bureaucracy', 'politics', 'giant monster', 'nuclear radiation', 'political incompetence', 'tokyo, japan']"
460458,Resident Evil: Welcome to Raccoon City,"['Action', 'Horror', 'Science Fiction']",5.936,2677,8.4674,2021-11-24,25000000,41914915,"['Kaya Scodelario', 'Hannah John-Kamen', 'Robbie Amell', 'Tom Hopper', 'Avan Jogia', 'Donal Logue']","['biological weapon', 'orphanage', 'dystopia', 'mutant', 'infection', 'zombie', 'mansion', 'police station']"
1280450,Stolen Girl,"['Thriller', 'Action', 'Adventure']",6.151,169,7.6738,2025-09-04,26000000,92691,"['Kate Beckinsale', 'Scott Eastwood', 'Jordan Duvigneau', 'Matt Craven', 'Nowar Yusuf', 'Arvin Kananian']",[]
101299,The Hunger Games: Catching Fire,"['Adventure', 'Action', 'Science Fiction']",7.427,18392,8.1983,2013-11-15,130000000,865011746,"['Jennifer Lawrence', 'Josh Hutcherson', 'Liam Hemsworth', 'Woody Harrelson', 'Elizabeth Banks', 'Donald Sutherland']","['rebellion', 'based on novel or book', 'propaganda', 'dystopia', 'uprising', 'sequel', 'president', 'survival']"
1688157,Scissors,['Drama'],5.0,1,9.1653,2026-05-08,0,0,"['Ghion Layug', 'Rhian Rivera', 'Allison Ross']","[""girls' love (gl)"", 'sexy']"
116711,Epic,"['Animation', 'Adventure', 'Family', 'Fantasy']",6.6,2916,8.8007,2013-05-15,100000000,268426634,"['Colin Farrell', 'Amanda Seyfried', 'Christoph Waltz', 'Josh Hutcherson', 'Jason Sudeikis', 'Aziz Ansari']","['daughter', 'villain', 'father', 'forest', 'nature', 'miniature people']"
19913,(500) Days of Summer,"['Comedy', 'Drama', 'Romance']",7.3,10993,7.8799,2009-07-17,7500000,60781545,"['Joseph Gordon-Levitt', 'Zooey Deschanel', 'Geoffrey Arend', 'Chloë Grace Moretz', 'Matthew Gray Gubler', 'Clark Gregg']","['jealousy', 'gallery', 'fight', 'date', 'architect', 'interview', 'romcom', 'sister']"
116711,Epic,"['Animation', 'Adventure', 'Family', 'Fantasy']",6.6,2916,8.8007,2013-05-15,100000000,268426634,"['Colin Farrell', 'Amanda Seyfried', 'Christoph Waltz', 'Josh Hutcherson', 'Jason Sudeikis', 'Aziz Ansari']","['daughter', 'villain', 'father', 'forest', 'nature', 'miniature people']"
19913,(500) Days of Summer,"['Comedy', 'Drama', 'Romance']",7.3,10993,7.8799,2009-07-17,7500000,60781545,"['Joseph Gordon-Levitt', 'Zooey Deschanel', 'Geoffrey Arend', 'Chloë Grace Moretz', 'Matthew Gray Gubler', 'Clark Gregg']","['jealousy', 'gallery', 'fight', 'date', 'architect', 'interview', 'romcom', 'sister']"
1137861,Maalai Nera Malipoo,['Drama'],6.5,2,7.7011,2023-06-09,0,0,"['Vinithra Madhavan Menon', 'Master Ashwin', 'Dhinesh Pandiyar', 'Arjun Maheswar', 'Samyuktha', 'Manibharathi']",[]
889737,Joker: Folie à Deux,"['Drama', 'Crime', 'Thriller']",5.401,2893,8.1435,2024-10-01,190000000,207500287,"['Joaquin Phoenix', 'Lady Gaga', 'Brendan Gleeson', 'Catherine Keener', 'Zazie Beetz', 'Steve Coogan']","['based on comic', 'sequel', 'madness', 'mental health', 'super villain', '1980s', 'prisoner abuse', 'dark romance']"
391,A Fistful of Dollars,['Western'],7.8,4685,7.3947,1964-09-12,200000,14500000,"['Clint Eastwood', 'Marianne Koch', 'Gian Maria Volonté', 'Wolfgang Lukschy', 'Sieghardt Rupp', 'Joseph Egger']","['gunslinger', 'based on novel or book', 'hostility', 'greed', 'gang war', 'remake', 'murder', 'gun battle']"
608,Men in Black II,"['Action', 'Comedy', 'Science Fiction']",6.385,10614,6.8451,2002-07-03,140000000,445135288,"['Tommy Lee Jones', 'Will Smith', 'Rip Torn', 'Lara Flynn Boyle', 'Johnny Knoxville', 'Rosario Dawson']","['new york city', 'space marine', 'saving the world', 'flying saucer', 'undercover', 'secret identity', 'superhero', 'deportation']"
10515,Castle in the Sky,"['Adventure', 'Fantasy', 'Animation', 'Action', 'Family']",7.968,4661,7.5247,1986-08-02,3000000,5228752,"['Keiko Yokozawa', 'Mayumi Tanaka', 'Minori Terada', 'Kotoe Hatsui', 'Fujio Tokita', 'Ichiro Nagai']","['army', 'flying', 'magic', 'mine', 'castle', 'lost civilisation', 'pirate', 'orphan']"
616,The Last Samurai,"['Drama', 'Action', 'War']",7.603,7504,8.3662,2003-12-05,140000000,456800000,"['Tom Cruise', 'Ken Watanabe', 'Timothy Spall', 'Tony Goldwyn', 'Hiroyuki Sanada', 'Koyuki']","['japan', 'samurai', 'swordplay', 'general', 'sense of guilt', 'war veteran', 'sword', 'war crimes']"
877817,Wolfs,"['Crime', 'Comedy']",6.535,1418,7.7772,2024-09-20,80000000,0,"['George Clooney', 'Brad Pitt', 'Austin Abrams', 'Amy Ryan', 'Poorna Jagannathan', 'Zlatko Burić']","['dark comedy', 'lone wolf', 'drugs', 'buddy comedy', 'duringcreditsstinger', 'drug kingpin', 'hit gone wrong', 'crime cleanup mission']"
81005,Jack the Giant Slayer,"['Fantasy', 'Action', 'Adventure', 'Drama']",5.879,5206,6.9693,2013-02-27,195000000,197700000,"['Nicholas Hoult', 'Eleanor Tomlinson', 'Ewan McGregor', 'Stanley Tucci', 'Ian McShane', 'Bill Nighy']","['nostalgic', 'based on fairy tale', 'giant', 'cliché']"
1201898,Koku maro oppai: Kakimazerareta watashi,[],0.0,0,7.8189,2016-12-23,0,0,"['Ai Sayama', 'Atsushi Tsuda', 'Rumi Kodama', 'Taishi Takemoto', 'Seiji Nakamitsu', 'Kaoru Majima']","['softcore', 'pink film']"
10882,Sleeping Beauty,"['Fantasy', 'Animation', 'Romance', 'Family']",6.942,5459,8.9933,1959-02-17,6000000,51600000,"['Mary Costa', 'Bill Shirley', 'Eleanor Audley', 'Verna Felton', 'Barbara Luddy', 'Barbara Jo Allen']","['witch', 'princess', 'magic', 'kingdom', 'fairy tale', 'sleep', 'fairy', 'cartoon']"
87,Indiana Jones and the Temple of Doom,"['Adventure', 'Action']",7.307,10084,7.5423,1984-05-23,28000000,333000000,"['Harrison Ford', 'Kate Capshaw', 'Ke Huy Quan', 'Amrish Puri', 'Roshan Seth', 'Philip Stone']","['treasure', 'skeleton', 'wind', 'elephant', 'heart', 'riddle', 'crocodile', 'bridge']"
10555,Shark Tale,"['Animation', 'Action', 'Comedy', 'Family']",6.036,6683,8.0431,2004-09-20,75000000,367300000,"['Will Smith', 'Robert De Niro', 'Renée Zellweger', 'Jack Black', 'Angelina Jolie', 'Ziggy Marley']","['fish', 'secret love', 'hero', 'mission of murder', 'vegetarian', 'threat of death', 'anthropomorphism', 'shark']"
497582,Enola Holmes,"['Adventure', 'Mystery', 'Crime']",7.226,6530,7.8981,2020-09-23,21000000,0,"['Millie Bobby Brown', 'Henry Cavill', 'Sam Claflin', 'Helena Bonham Carter', 'Louis Partridge', 'Adeel Akhtar']","['based on novel or book', 'detective', 'child prodigy', 'victorian england', 'female protagonist', 'period drama', 'female detective', 'runaway teen']"
508943,Luca,"['Animation', 'Comedy', 'Drama', 'Family', 'Fantasy']",7.783,8922,7.8273,2021-06-17,200000000,51074773,"['Jacob Tremblay', 'Jack Dylan Grazer', 'Emma Berman', 'Saverio Raimondo', 'Maya Rudolph', 'Marco Barricelli']","['friendship', 'monster', 'italy', 'villain', 'coming of age', 'friends', 'bromance', 'sea monster']"
338953,Fantastic Beasts: The Secrets of Dumbledore,"['Fantasy', 'Adventure']",6.627,5068,7.7441,2022-04-06,200000000,407200000,"['Eddie Redmayne', 'Jude Law', 'Mads Mikkelsen', 'Ezra Miller', 'Dan Fogler', 'Alison Sudol']","['prison', 'witch', 'berlin, germany', 'magic', 'election campaign', 'affectation', 'curse', 'bhutan']"
1412569,Hiram na Sandali,"['Drama', 'Romance']",7.0,6,7.1777,2025-01-24,0,0,"['Dyessa Garcia', 'Vince Rillon', 'Denise Esteban', 'Aerol Carmelo', 'Ara Altamira', 'Jonathan Dequina']",['sexy']
310,Bruce Almighty,"['Fantasy', 'Comedy']",6.725,11450,8.246,2003-05-23,80000000,484592874,"['Jim Carrey', 'Morgan Freeman', 'Jennifer Aniston', 'Philip Baker Hall', 'Catherine Bell', 'Lisa Ann Walter']","['new love', 'lovesickness', 'moon', 'street gang', 'moses', 'faith', 'prayer', 'christianity']"
137106,The Lego Movie,"['Animation', 'Family', 'Adventure', 'Comedy', 'Fantasy']",7.422,8430,7.0868,2014-02-06,60000000,470759687,"['Chris Pratt', 'Elizabeth Banks', 'Will Ferrell', 'Morgan Freeman', 'Will Arnett', 'Liam Neeson']","['friendship', 'parent child relationship', 'prophecy', 'superhero', 'villain', 'based on comic', 'part live action', 'based on toy']"
251,Ghost,"['Fantasy', 'Romance', 'Thriller']",7.233,5994,9.7758,1990-07-13,22000000,505000000,"['Patrick Swayze', 'Demi Moore', 'Whoopi Goldberg', 'Tony Goldwyn', 'Vincent Schiavelli', 'Rick Aviles']","['fortune teller', 'corruption', 'soulmates', 'afterlife', 'money transfer', 'money laundering', 'pottery', 'hell']"
762441,A Quiet Place: Day One,"['Horror', 'Science Fiction', 'Thriller']",6.651,3310,9.8643,2024-06-26,67000000,261907653,"[""Lupita Nyong'o"", 'Joseph Quinn', 'Alex Wolff', 'Djimon Hounsou', 'Eliane Umuhire', 'Takunda Khumalo']","['escape', 'cat', 'alien', 'prequel', 'survival', 'survivalist', 'fear', 'alien invasion']"
1310568,Murder at the Embassy,"['Mystery', 'Thriller', 'Action']",6.042,48,7.575,2025-11-14,0,0,"['Mischa Barton', 'Richard Dillane', 'Mido Hamada', 'Antonia Bernath', 'Kojo Attah', 'Raha Rahbari']","['whodunit', 'u.s. embassy', 'murder mystery']"
300668,Annihilation,"['Science Fiction', 'Horror']",6.44,9325,7.6507,2018-02-22,40000000,43070915,"['Natalie Portman', 'Jennifer Jason Leigh', 'Gina Rodriguez', 'Tessa Thompson', 'Tuva Novotny', 'Oscar Isaac']","['depression', 'florida', 'quarantine', 'coma', 'based on novel or book', 'mutation', 'self-destruction', 'professor']"
310131,The Witch,['Horror'],7.0,7612,8.0821,2016-02-19,4000000,40423945,"['Anya Taylor-Joy', 'Ralph Ineson', 'Kate Dickie', 'Harvey Scrimshaw', 'Ellie Grainger', 'Lucas Dawson']","['witch', 'isolation', 'magic', 'possession', 'black magic', 'older woman seduces younger guy', 'new hampshire', 'woods']"
228794,Provocation,"['Drama', 'Romance']",5.396,24,7.872,1995-12-15,0,0,"['Fabrizia Flanders', 'Erika Savastani', 'Gianni Demartiis', 'Lindo Damiani', 'Antonio Ascani']","['provocation', 'erotic movie', '1920s', 'secret fantasies', 'italia', 'rural hotel']"
1658214,Scorpio Nights 4,['Drama'],7.3,3,7.9939,2026-03-31,0,0,"['Apphle Celso', 'Sahara Bernales', 'Albie Casiño', 'Marco Mora', 'Rolando Toralba', 'Christian Paolo Lat']",['sexy']
1393326,Ghost in the Cell,"['Horror', 'Comedy']",8.2,10,8.6396,2026-04-16,0,0,"['Abimana Aryasatya', 'Bront Palarae', 'Dimas Danang', 'Endy Arfian', 'Lukman Sardi', 'Mike Lucock']","['prison', 'prisoner', 'prison cell', 'gore', 'terror cell', 'satire', 'jail', 'inmate']"
861,Total Recall,"['Action', 'Adventure', 'Science Fiction']",7.32,6433,8.4696,1990-06-01,65000000,261317921,"['Arnold Schwarzenegger', 'Rachel Ticotin', 'Sharon Stone', 'Ronny Cox', 'Michael Ironside', 'Marshall Bell']","['double life', 'planet mars', 'based on novel or book', 'oxygen', 'resistance', 'telepathy', 'falsely accused', 'dystopia']"
55721,Bridesmaids,"['Comedy', 'Romance']",6.508,4660,8.0324,2011-05-13,32500000,288383523,"['Kristen Wiig', 'Maya Rudolph', 'Rose Byrne', ""Chris O'Dowd"", 'Melissa McCarthy', 'Wendi McLendon-Covey']","['jealousy', 'parent child relationship', 'fight', 'competition', 'materialism', 'bridesmaid', 'female friendship', 'sexual humor']"
838365,Cloud,"['Drama', 'Romance']",1.0,2,7.4923,2007-06-27,0,0,"['Diana Pang Dan', 'Deng Jiajia']",[]
624860,The Matrix Resurrections,"['Science Fiction', 'Action', 'Adventure']",6.334,6435,7.6339,2021-12-16,190000000,156497322,"['Keanu Reeves', 'Carrie-Anne Moss', 'Yahya Abdul-Mateen II', 'Jonathan Groff', 'Jessica Henwick', 'Neil Patrick Harris']","['future', 'man vs machine', 'underground world', 'artificial intelligence (a.i.)', 'computer', 'virtual reality', 'prophecy', 'dystopia']"
75780,Jack Reacher,"['Crime', 'Drama', 'Thriller', 'Action']",6.66,7599,7.9658,2012-12-20,60000000,218300000,"['Tom Cruise', 'Rosamund Pike', 'Richard Jenkins', 'David Oyelowo', 'Werner Herzog', 'Jai Courtney']","['sniper', 'coma', 'based on novel or book', 'detective', 'investigation', 'police chase', 'investigator', 'district attorney']"
4402,Part of the Game,"['Drama', 'Thriller']",7.0,1,7.4421,2004-12-03,0,0,"['Richard de Klerk', 'Jovanna Huguet', 'Colin Lawrence', 'Heather Feeney', 'Mackenzie Gray', 'Mitra Lohrasb']","['sibling relationship', 'junkie']"
13494,Red Sonja,"['Adventure', 'Action', 'Fantasy', 'Drama']",5.727,227,6.5754,2025-07-31,0,271461,"['Matilda Lutz', 'Robert Sheehan', 'Wallis Day', 'Luke Pasqualino', 'Michael Bisping', 'Martyn Ford']","['monster', 'swordplay', 'villainess', 'queen', 'talisman', 'based on comic', 'high fantasy', 'female warrior']"
1014505,OVERLORD: The Sacred Kingdom,"['Action', 'Adventure', 'Animation', 'Fantasy']",7.844,179,7.6484,2024-09-20,0,7614966,"['Satoshi Hino', 'Yoshino Aoyama', 'Hitomi Nabatame', 'Saori Hayami', 'Haruka Tomatsu', 'Asami Seto']","['video game', 'magic', 'anti hero', 'supernatural', 'invasion', 'political intrigue\xa0', 'religious conflict', 'dark fantasy']"
591,The Da Vinci Code,"['Thriller', 'Mystery']",6.725,10021,8.551,2006-05-17,125000000,760006945,"['Tom Hanks', 'Audrey Tautou', 'Ian McKellen', 'Jean Reno', 'Paul Bettany', 'Alfred Molina']","['paris, france', 'based on novel or book', 'holy grail', 'christianity', 'monk', 'secret society', 'louvre museum', 'grave']"
697843,Extraction 2,"['Action', 'Thriller', 'Crime']",7.381,2877,8.981,2023-06-09,65000000,0,"['Chris Hemsworth', 'Golshifteh Farahani', 'Adam Bessa', 'Tornike Gogrichiani', 'Tornike Bziava', 'Tinatin Dalakishvili']","['explosive', 'mercenary', 'rescue mission', 'sequel', 'revenge', 'georgia europe', 'criminal underworld', 'based on graphic novel']"
61791,Rise of the Planet of the Apes,"['Thriller', 'Action', 'Drama', 'Science Fiction']",7.341,12710,8.2281,2011-08-03,93000000,481800873,"['Andy Serkis', 'James Franco', 'Freida Pinto', 'John Lithgow', 'Brian Cox', 'Tom Felton']","['san francisco, california', 'solidarity', 'gorilla', 'intelligence', 'dystopia', 'zoo', ""alzheimer's disease"", 'death of father']"
6477,Alvin and the Chipmunks,"['Comedy', 'Family', 'Fantasy', 'Animation']",5.833,4722,7.7426,2007-12-13,60000000,361366633,"['Jason Lee', 'David Cross', 'Cameron Richardson', 'Jane Lynch', 'Justin Long', 'Matthew Gray Gubler']","['friendship', 'concert', 'pop star', 'approach', 'pop', 'record producer', 'surprise', 'forest']"
61791,Rise of the Planet of the Apes,"['Thriller', 'Action', 'Drama', 'Science Fiction']",7.341,12710,8.2281,2011-08-03,93000000,481800873,"['Andy Serkis', 'James Franco', 'Freida Pinto', 'John Lithgow', 'Brian Cox', 'Tom Felton']","['san francisco, california', 'solidarity', 'gorilla', 'intelligence', 'dystopia', 'zoo', ""alzheimer's disease"", 'death of father']"
6477,Alvin and the Chipmunks,"['Comedy', 'Family', 'Fantasy', 'Animation']",5.833,4722,7.7426,2007-12-13,60000000,361366633,"['Jason Lee', 'David Cross', 'Cameron Richardson', 'Jane Lynch', 'Justin Long', 'Matthew Gray Gubler']","['friendship', 'concert', 'pop star', 'approach', 'pop', 'record producer', 'surprise', 'forest']"
1159311,My Hero Academia: You're Next,"['Animation', 'Action', 'Adventure', 'Science Fiction']",7.209,211,7.7461,2024-08-02,0,32224616,"['Daiki Yamashita', 'Meru Nukumi', 'Mamoru Miyano', 'Kenta Miyake', 'Nobuhiko Okamoto', 'Yuki Kaji']","['based on manga', 'super power', 'shounen', 'anime', 'teen superhero', 'based on tv series']"
22803,Law Abiding Citizen,"['Drama', 'Crime', 'Thriller']",7.39,5644,7.7793,2009-10-15,53000000,127900000,"['Jamie Foxx', 'Gerard Butler', 'Colm Meaney', 'Bruce McGill', 'Leslie Bibb', 'Michael Irby']","['prison', 'assassin', 'philadelphia, pennsylvania', 'bomb', 'secret passage', 'deal', 'investigation', 'gore']"
695721,The Hunger Games: The Ballad of Songbirds & Snakes,"['Science Fiction', 'Action']",6.985,3481,7.3249,2023-11-15,100000000,337371917,"['Tom Blyth', 'Rachel Zegler', 'Peter Dinklage', 'Jason Schwartzman', 'Hunter Schafer', 'Josh Rivera']","['daughter', 'based on novel or book', 'arena', 'fight', 'mentor', 'dystopia', 'riot', 'exploration']"
585032,Sa Bang-ji,"['Drama', 'Romance', 'History']",6.6,5,7.3557,1988-10-29,0,0,"['Lee Hye-young', 'Bang Hee', 'Kwak Jeong-Hee', 'Park Am', 'Lee Kyeong-hui']",['softcore']
79,Hero,"['Drama', 'Adventure', 'Action', 'History']",7.5,2483,8.7627,2002-12-19,31000000,177394432,"['Jet Li', 'Tony Leung Chiu-wai', 'Maggie Cheung', 'Donnie Yen', 'Zhang Ziyi', 'Chen Daoming']","['martial arts', 'kung fu', 'right and justice', 'countryside', 'loss of loved one', 'patriot', 'wuxia', 'warring states period']"
11619,Flushed Away,"['Adventure', 'Animation', 'Comedy', 'Family']",6.318,4073,7.5206,2006-10-22,149000000,178120010,"['Hugh Jackman', 'Kate Winslet', 'Ian McKellen', 'Jean Reno', 'Bill Nighy', 'Andy Serkis']","['ship', 'london, england', 'return', 'villain', 'girlfriend', 'rubin', 'thug', 'toad']"
8065,21,"['Drama', 'Crime']",6.69,5022,8.0265,2008-03-27,35000000,159808370,"['Jim Sturgess', 'Kevin Spacey', 'Kate Bosworth', 'Aaron Yoo', 'Liza Lapira', 'Jacob Pitts']","['friendship', 'card game', 'casino', 'gambling', 'professor', 'harvard university', 'cohabitant', 'college']"
9928,Robots,"['Animation', 'Comedy', 'Family', 'Science Fiction']",6.483,4893,7.7639,2005-03-10,75000000,262511490,"['Ewan McGregor', 'Halle Berry', 'Greg Kinnear', 'Mel Brooks', 'Drew Carey', 'Amanda Bynes']","['inventor', 'businessman', 'villain', 'steampunk', 'robot', 'dishonesty', 'amused']"
1247165,Raja Shivaji,"['Action', 'History', 'Drama']",0.0,0,7.1783,2026-05-01,11000000,4600000,"['Riteish Deshmukh', 'Sanjay Dutt', 'Abhishek Bachchan', 'Mahesh Manjrekar', 'Sachin Khedekar', ""Genelia D'Souza""]","['based on true story', 'period drama', 'rise to power', 'multilingual', 'historical drama', '17th century', 'historical epic', '1600s']"
23483,Kick-Ass,"['Action', 'Crime']",7.124,12345,8.3034,2010-03-26,28000000,96188903,"['Aaron Taylor-Johnson', 'Chloë Grace Moretz', 'Nicolas Cage', 'Lyndsy Fonseca', 'Mark Strong', 'Deborah Twiss']","['hero', 'secret identity', 'crime fighter', 'superhero', 'dark comedy', 'comic book', 'based on comic', 'murder']"
1771,Captain America: The First Avenger,"['Action', 'Adventure', 'Science Fiction']",7.005,22671,7.6105,2011-07-22,140000000,370569774,"['Chris Evans', 'Hayley Atwell', 'Sebastian Stan', 'Tommy Lee Jones', 'Hugo Weaving', 'Dominic Cooper']","['new york city', 'nazi', 'superhero', 'world war ii', 'heroism', 'based on comic', 'super soldier', 'brooklyn, new york city']"
9291,The Longest Yard,"['Drama', 'Comedy', 'Crime']",6.67,3663,8.1187,2005-05-27,90000000,191466556,"['Adam Sandler', 'Chris Rock', 'James Cromwell', 'Nelly', 'Michael Irvin', 'Bob Sapp']","['prison', 'corruption', 'prisoner', 'smuggling (contraband)', 'sports', 'american football', 'blackmail', 'american football coach']"
49402,Demon Fighter Kocho,"['Animation', 'Horror']",3.3,6,7.8059,1997-05-21,0,0,"['Fumie Kusachi', 'Hidenari Ugaki', 'Koichi Tochika', 'Koji Ishii', 'Mie Odagi', 'Haruna Ikezawa']",[]
1257009,Primitive War,"['Action', 'Horror', 'War', 'Science Fiction']",6.511,279,9.9036,2025-08-21,0,217753,"['Jeremy Piven', 'Tricia Helfer', 'Ryan Kwanten', 'Nick Wechsler', 'Anthony Ingruber', 'Aaron Glenane']","['vietnam war', 'based on novel or book', 'time warp', 'wormhole', 'survival', 'prehistory', 'prehistoric creature', 'dinosaur']"
37169,The Human Centipede (First Sequence),['Horror'],5.185,2375,8.5526,2009-10-31,2000000,252207,"['Dieter Laser', 'Ashley C. Williams', 'Ashlynn Yennie', 'Akihiro Kitamura', 'Andreas Leupold', 'Peter Blankenstein']","['sadism', 'kidnapping', 'exploitation', 'surgeon', 'body mutilation', 'police officer', 'centipede', 'psychosis']"
581528,"The Gangster, the Cop, the Devil","['Action', 'Crime', 'Thriller']",7.847,1445,9.3458,2019-05-15,6500000,25775371,"['Don Lee', 'Kim Moo-yul', 'Kim Sung-kyu', 'Heo Dong-won', 'You Chea-myung', 'Lee Seo-hwan']","['police', 'gangster', 'based on true story', 'serial killer', 'gang', 'dramatic', 'defiant']"
11104,Chungking Express,"['Drama', 'Comedy', 'Romance']",7.969,2177,8.3735,1994-07-14,160000,0,"['Brigitte Lin', 'Takeshi Kaneshiro', 'Tony Leung Chiu-wai', 'Faye Wong', 'Valerie Chow', 'Piggy Chan Kam-Chuen']","['drug smuggling', 'police', 'ex-girlfriend', 'girlfriend', 'snack bar', 'romance', 'hong kong', 'expiration date']"
4011,Beetlejuice,"['Fantasy', 'Comedy']",7.4,8415,7.9939,1988-03-30,15000000,84554197,"['Alec Baldwin', 'Geena Davis', 'Winona Ryder', ""Catherine O'Hara"", 'Jeffrey Jones', 'Michael Keaton']","['skeleton', 'afterlife', 'calypso', 'supernatural', 'arts', 'halloween', 'haunted house', 'minister']"
9297,Monster House,"['Animation', 'Comedy', 'Family', 'Fantasy']",6.71,4312,7.8116,2006-06-30,75000000,140175006,"['Mitchel Musso', 'Sam Lerner', 'Spencer Locke', 'Steve Buscemi', 'Maggie Gyllenhaal', 'Kevin James']","['mission', 'monster', 'halloween', 'haunted house', 'neighbor', 'curious', 'kids', 'admiring']"
613504,After We Collided,"['Drama', 'Romance']",7.155,5454,8.141,2020-09-02,14000000,47990414,"['Josephine Langford', 'Hero Fiennes Tiffin', 'Dylan Sprouse', 'Louise Lombard', 'Charlie Weber', 'Candice King']","['based on novel or book', 'love', 'teenage crush', 'angry', 'complex', 'grand']"
290859,Terminator: Dark Fate,"['Science Fiction', 'Action', 'Adventure', 'Thriller']",6.417,5637,9.4019,2019-10-23,185000000,261119292,"['Linda Hamilton', 'Arnold Schwarzenegger', 'Mackenzie Davis', 'Natalia Reyes', 'Gabriel Luna', 'Diego Boneta']","['helicopter', 'mexico city, mexico', 'artificial intelligence (a.i.)', 'cyborg', 'dystopia', 'time travel', 'sequel', 'plane crash']"
1089,Point Break,"['Action', 'Thriller', 'Crime']",7.2,3957,7.236,1991-07-12,24000000,83531958,"['Keanu Reeves', 'Patrick Swayze', 'Lori Petty', 'Gary Busey', 'John C. McGinley', 'James Le Gros']","['surfing', 'surfer', 'undercover agent', 'self-destruction', 'fbi', 'extreme sports', 'moral conflict', 'skydiving']"
1173558,Burning Betrayal,"['Drama', 'Mystery', 'Romance']",6.225,240,7.1019,2023-10-25,0,0,"['Giovanna Lancellotti', 'Leandro Lima', 'Camilla de Lucas', 'Bruno Montaleone', 'Micael Borges', ""Louise D'Tuani""]",['based on novel or book']
474350,It Chapter Two,"['Horror', 'Thriller', 'Drama']",6.838,9578,7.8941,2019-09-04,79000000,473123154,"['Jessica Chastain', 'James McAvoy', 'Bill Hader', 'Isaiah Mustafa', 'Jay Ryan', 'James Ransone']","['based on novel or book', 'clown', 'carnival', 'sequel', 'remake', 'maine', 'creature', 'fear']"
1308821,First Taste,"['Romance', 'Drama']",5.4,9,8.392,2024-07-07,0,0,"['Angeli Khang', 'Robb Guinto', 'Matthew Francisco', 'Susan Africa', 'Audrey Avila', 'Christy Imperial']","['lesbian relationship', 'lesbian sex', 'lgbt', 'erotic', 'lesbian']"
1111873,Abigail,"['Horror', 'Thriller']",6.668,2049,7.7113,2024-04-16,28000000,43015969,"['Melissa Barrera', 'Dan Stevens', 'Alisha Weir', 'William Catlett', 'Kathryn Newton', 'Kevin Durand']","['ransom', 'vampire', 'kidnapping', 'halloween', 'dark comedy', 'child vampire', 'gothic horror', 'exploding body']"
937287,Challengers,"['Drama', 'Romance']",6.912,2664,9.2108,2024-04-18,55000000,94182533,"['Zendaya', 'Mike Faist', ""Josh O'Connor"", 'Darnell Appling', 'Bryan Doo', 'Shane T Harris']","['infidelity', 'husband wife relationship', 'love triangle', 'sports', 'tennis', 'competition', 'eroticism', 'atlanta']"
1381216,Gator Lake,"['Horror', 'Comedy', 'Adventure']",6.3,45,7.3522,2024-05-01,1250000,0,"['Derek Russo', 'Jeff Benninghofen', 'Michael Houston King', ""Essex O'Brien"", 'Sarah Voigt', 'Danny Nucci']","['alligator', 'alligator hunter', 'lake monster']"
110415,Snowpiercer,"['Action', 'Science Fiction', 'Drama']",6.908,10383,7.3755,2013-08-01,39200000,86758912,"['Chris Evans', 'Song Kang-ho', 'Ed Harris', 'John Hurt', 'Tilda Swinton', 'Jamie Bell']","[""new year's eve"", 'rebellion', 'cold', 'parent child relationship', 'winter', 'brothel', 'child labour', 'pregnancy']"
324849,The Lego Batman Movie,"['Animation', 'Action', 'Comedy', 'Family']",7.24,5384,7.4066,2017-02-08,80000000,311950384,"['Will Arnett', 'Michael Cera', 'Rosario Dawson', 'Ralph Fiennes', 'Zach Galifianakis', 'Jenny Slate']","['superhero', 'based on comic', 'based on toy', 'spin off', 'super power', 'lego', 'playful', 'joyous']"
614696,#Alive,"['Action', 'Horror', 'Science Fiction']",7.2,2029,7.4607,2020-06-24,6300000,13416285,"['Yoo Ah-in', 'Park Shin-hye', 'Lee Hyun-wook', 'Jin So-yeon', 'Kim Hak-seon', 'So Hee-jung']","['escape', 'alone', 'survival', 'drone', 'zombie', 'apartment building', 'zombie apocalypse', 'virus']"
278924,Mechanic: Resurrection,"['Action', 'Crime', 'Thriller', 'Adventure']",6.042,3634,7.6447,2016-08-25,40000000,125729635,"['Jason Statham', 'Jessica Alba', 'Tommy Lee Jones', 'Michelle Yeoh', 'Sam Hazeldine', 'John Cenatiempo']","['assassin', 'sequel', 'murder', 'mechanic', 'killer', 'around the world']"
976893,Perfect Days,['Drama'],7.791,1884,7.8651,2023-11-10,14000000,24094016,"['Koji Yakusho', 'Tokio Emoto', 'Arisa Nakano', 'Aoi Yamada', 'Yumi Aso', 'Sayuri Ishikawa']","['tree', 'routine', 'slice of life', 'janitor', 'working class', 'tokyo, japan', 'character study', 'uncle niece relationship']"
206647,Spectre,"['Action', 'Adventure', 'Thriller']",6.569,11209,9.0169,2015-10-26,245000000,880707597,"['Daniel Craig', 'Christoph Waltz', 'Léa Seydoux', 'Ralph Fiennes', 'Monica Bellucci', 'Ben Whishaw']","['based on novel or book', 'spy', 'secret society', 'secret agent', 'austria', 'sequel', 'boat chase', 'mi6']"
395990,Death Wish,"['Action', 'Crime', 'Thriller', 'Drama']",6.229,2786,8.3249,2018-03-01,30000000,34017028,"['Bruce Willis', ""Vincent D'Onofrio"", 'Dean Norris', 'Elisabeth Shue', 'Camila Morrone', 'Beau Knapp']","['robbery', 'based on novel or book', 'police', 'gun', 'kidnapping', 'detective', 'remake', 'vigilante']"
843,In the Mood for Love,"['Drama', 'Romance']",8.09,3237,8.9456,2000-09-29,3000000,15867968,"['Maggie Cheung', 'Tony Leung Chiu-wai', 'Siu Ping-Lam', 'Rebecca Pan', 'Kelly Lai Chen', 'Joe Cheung Tung-Cho']","['adultery', 'newspaper', 'secret love', 'martial arts', 'lovesickness', 'husband wife relationship', 'shanghai, china', 'marriage crisis']"
142487,The Precocious and Brief Life of Sabina Rivas,['Drama'],7.123,122,9.2504,2012-11-09,4620000,2395000,"['Greisy Mena', 'Joaquín Cosío', 'Fernando Moreno', 'Angelina Peláez', 'Tenoch Huerta Mejía', 'Beto Benitez']","['refugee camp', 'drug trafficking', 'singer', 'mexican', 'mexican army', 'sex slavery']"
1412598,Killer Whale,"['Thriller', 'Horror', 'Action', 'Mystery', 'Science Fiction']",5.7,83,7.8109,2026-01-16,0,0,"['Virginia Gardner', 'Mel Jarnson', 'Mitchell Hope', 'Isaac Crawley', 'Scott James George', 'Luke Cunningham']","['biting', 'survival horror', 'killer whale', 'orca', 'aquatic horror', 'absurd', 'stranded at sea']"
289,Casablanca,"['Drama', 'Romance']",8.1,6023,7.5248,1943-01-15,878000,10462500,"['Humphrey Bogart', 'Ingrid Bergman', 'Paul Henreid', 'Claude Rains', 'Conrad Veidt', 'Sydney Greenstreet']","['corruption', 'nazi', 'escape', 'love triangle', 'resistance', 'spy', 'patriotism', 'casablanca, morocco']"
522938,Rambo: Last Blood,"['Action', 'Thriller', 'Drama']",6.526,4197,7.097,2019-09-18,50000000,91500000,"['Sylvester Stallone', 'Paz Vega', 'Sergio Peris-Mencheta', 'Adriana Barraza', 'Yvette Monreal', 'Joaquín Cosío']","['post-traumatic stress disorder (ptsd)', 'arizona', 'human trafficking', 'sequel', 'father figure', 'horse ranch', 'mexican american border', 'revenge plot']"
1427833,A Mouse Hunt for Christmas,"['Family', 'Animation', 'Comedy']",6.471,17,7.311,2025-11-06,1500000,12418062,"['Pål Sverre Hagen', 'Sara Khorami', 'Flo Fagerli', 'Vegard Strand Eide', 'Jon Øigarden', 'Jakob Oftebro']","['mouse', 'human animal relationship', 'hunt', 'christmas', 'live action and animation', 'mice', 'cgi-live action hybrid']"
752,V for Vendetta,"['Action', 'Thriller', 'Science Fiction']",7.9,15511,8.2234,2006-02-23,54000000,134686457,"['Natalie Portman', 'Hugo Weaving', 'Stephen Rea', 'Stephen Fry', 'John Hurt', 'Tim Pigott-Smith']","['government', 'detective', 'revolution', 'dystopia', 'fascism', 'fascist', 'chancellor', 'based on comic']"
336843,Maze Runner: The Death Cure,"['Science Fiction', 'Action', 'Adventure', 'Thriller']",7.082,8368,7.4645,2018-01-10,62000000,288418190,"[""Dylan O'Brien"", 'Kaya Scodelario', 'Thomas Brodie-Sangster', 'Ki Hong Lee', 'Dexter Darden', 'Rosa Salazar']","['based on novel or book', 'fight', 'maze', 'post-apocalyptic future', 'imprisonment', 'terminal illness', 'mad scientist', 'trial']"
444000,Love Sonia,['Drama'],7.194,31,8.0796,2018-09-14,0,0,"['Mrunal Thakur', 'Richa Chadha', 'Freida Pinto', 'Manoj Bajpayee', 'Adil Hussain', 'Anupam Kher']","['sex trafficking', 'child sex trade']"
1426297,Play Dead,['Horror'],5.927,41,7.0416,2025-03-29,0,0,"['Paula Brasca', 'Damián Del Castillo', 'Marta Quarleri', 'Milagros Ribet', 'Catalina Motto']","['kidnapping', 'serial killer', 'survival horror']"
408,Snow White and the Seven Dwarfs,"['Fantasy', 'Animation', 'Family']",7.122,7967,8.5072,1938-01-22,1488423,184925486,"['Adriana Caselotti', 'Lucille La Verne', 'Harry Stockwell', 'Roy Atwell', 'Pinto Colvig', 'Otis Harlan']","['witch', 'dying and death', 'princess', 'becoming an adult', 'dwarf', 'poison', 'sadness', 'queen']"
936913,Pas à pas,"['Fantasy', 'Animation']",0.0,0,7.2882,2016-09-08,0,0,[],"['short film', '3d animation']"
74997,The Human Centipede 2 (Full Sequence),"['Drama', 'Horror', 'Crime']",4.759,1442,7.7405,2011-10-06,0,170323,"['Laurence R. Harvey', 'Ashlynn Yennie', 'Dominic Borrelli', 'Georgia Goodrick', 'Maddi Black', 'Kandace Caine']","['child abuse', 'baby', 'rape', 'insect', 'sexual obsession', 'suffering', 'sadism', 'kidnapping']"
522402,Finch,"['Science Fiction', 'Drama', 'Adventure']",7.804,3930,7.3848,2021-11-04,2500000,0,"['Tom Hanks', 'Caleb Landry Jones', 'Oscar Avila', 'Lora Martinez-Cunningham', 'Marie Wagenman', 'Emily Jones']","['post-apocalyptic future', 'robot', 'taunting', 'questioning', 'journey', 'speculative', 'humanity', 'unassuming']"
9902,Wrong Turn,"['Horror', 'Thriller']",6.387,2980,8.21,2003-05-30,12600000,28650575,"['Eliza Dushku', 'Desmond Harrington', 'Emmanuelle Chriqui', 'Jeremy Sisto', 'Kevin Zegers', 'Lindy Booth']","['life and death', 'loss of loved one', 'job interview', 'mountain', 'gore', 'forest', 'west virginia', 'slasher']"
49797,I Saw the Devil,"['Thriller', 'Horror']",7.795,2990,6.9091,2010-08-12,6000000,12966357,"['Lee Byung-hun', 'Choi Min-sik', 'Jeon Kuk-hwan', 'Cheon Ho-jin', 'Oh San-ha', 'Kim Yoon-seo']","['psychopath', 'revenge', 'serial killer', 'mercilessness', 'brutality', 'blunt', 'hard', 'grim']"
402900,Ocean's Eight,"['Crime', 'Comedy', 'Action']",6.959,8763,7.2988,2018-06-07,70000000,297718711,"['Sandra Bullock', 'Cate Blanchett', 'Anne Hathaway', 'Mindy Kaling', 'Sarah Paulson', 'Awkwafina']","['new york city', 'heist', 'spin off', 'estranged sister', 'the met gala', 'cliché']"
9737,Bad Boys,"['Action', 'Comedy', 'Crime', 'Thriller']",6.827,6925,7.9459,1995-04-07,19000000,141407024,"['Will Smith', 'Martin Lawrence', 'Téa Leoni', 'Tchéky Karyo', 'Joe Pantoliano', 'Theresa Randle']","['miami, florida', 'mexican standoff', 'male friendship', 'witness protection', 'stripper', 'car crash', 'strip club', 'internal affairs']"
343668,Kingsman: The Golden Circle,"['Action', 'Adventure', 'Comedy', 'Crime', 'Science Fiction']",6.945,11103,6.8987,2017-09-20,104000000,410902662,"['Taron Egerton', 'Colin Firth', 'Julianne Moore', 'Mark Strong', 'Hanna Alström', 'Halle Berry']","['saving the world', 'spy', 'secret agent', 'europe', 'sequel', 'secret government organization', 'agent', 'statesman']"
1267319,Mantis,"['Action', 'Crime', 'Thriller']",6.38,163,8.2883,2025-09-25,0,0,"['Yim Si-wan', 'Park Gyu-young', 'Choi Hyun-wook', 'Bae Gang-hee', 'Hwang Sung-bin', 'Yoo Su-bin']","['assassin', 'hitman', 'spin off', 'paranoid', 'unassuming']"
180,Minority Report,"['Science Fiction', 'Action', 'Thriller']",7.353,9585,7.2051,2002-06-20,102000000,358372926,"['Tom Cruise', 'Samantha Morton', 'Colin Farrell', 'Max von Sydow', 'Kathryn Morris', 'Steve Harris']","['washington dc, usa', 'police chief', 'precognition', 'hologram', 'futuristic', 'murder', 'conspiracy', 'police chase']"
9339,Click,"['Comedy', 'Drama', 'Fantasy']",6.304,7537,7.3986,2006-06-23,82500000,240685326,"['Adam Sandler', 'Kate Beckinsale', 'Christopher Walken', 'David Hasselhoff', 'Henry Winkler', 'Julie Kavner']","['dying and death', 'regret', 'workaholic', 'heart attack', 'architect', 'liposuction', 'time travel', 'remote control']"
20526,TRON: Legacy,"['Adventure', 'Action', 'Science Fiction']",6.541,7891,7.646,2010-12-14,170000000,409912892,"['Garrett Hedlund', 'Olivia Wilde', 'Jeff Bridges', 'Bruce Boxleitner', 'James Frain', 'Beau Garrett']","['artificial intelligence (a.i.)', 'computer program', 'secret identity', 'dystopia', 'simulation', 'super computer', 'utopia', 'deception']"
770,Gone with the Wind,"['Drama', 'War', 'Romance']",7.917,4364,9.6722,1939-12-15,4000000,402352579,"['Vivien Leigh', 'Clark Gable', 'Olivia de Havilland', 'Leslie Howard', 'Hattie McDaniel', 'Thomas Mitchell']","['civil war', 'based on novel or book', 'marriage crisis', 'loss of loved one', 'widow', 'atlanta', 'slavery', 'plantation']"
12222,Horton Hears a Who!,"['Animation', 'Comedy', 'Family', 'Adventure', 'Fantasy']",6.517,3524,7.5761,2008-03-03,85000000,298572799,"['Jim Carrey', 'Steve Carell', 'Carol Burnett', 'Will Arnett', 'Seth Rogen', 'Dan Fogler']","['rescue', 'elephant', 'jungle', 'who', 'cartoon elephant']"
463252,My Favorite Wedding,"['Comedy', 'Romance', 'TV Movie']",6.929,85,5.1799,2017-06-24,0,0,"['Maggie Lawson', 'Paul Greene', 'Christine Chatelain', 'Peter Benson', 'Malcolm Stewart', 'Lisa MacFadden']",[]
300671,13 Hours: The Secret Soldiers of Benghazi,"['War', 'Action', 'History', 'Drama', 'Thriller']",7.27,3922,7.7781,2016-01-14,50000000,69411370,"['John Krasinski', 'James Badge Dale', 'Dominic Fumusa', 'Max Martini', 'Pablo Schreiber', 'Matt Letscher']","['central intelligence agency (cia)', 'based on novel or book', 'libya', 'assault rifle', 'grave', 'mercenary', 'heroism', 'biography']"
8358,Cast Away,"['Adventure', 'Drama']",7.661,12225,7.8138,2000-12-22,90000000,429632142,"['Tom Hanks', 'Helen Hunt', 'Chris Noth', 'Paul Sanchez', 'Lari White', 'Leonid Citer']","['exotic island', 'suicide attempt', 'volleyball', 'survival', 'remarriage', 'loneliness', 'castaway', 'airplane crash']"
185373,The Slave Wife,"['Thriller', 'Drama']",5.0,7,6.3954,1976-06-12,0,0,"['Naomi Tani', 'Akira Takahashi', 'Ikunosuke Koizumi', 'Yû Mizushiro', 'Akira Hanagami', 'Matsuko Yokota']",['bdsm']
3134,Baise-moi,"['Crime', 'Drama', 'Thriller']",4.837,484,7.8556,2000-06-28,0,940944,"['Karen Lancaume', 'Raffaëla Anderson', 'Ouassini Embarek', 'Adama Niane', 'Marc Barrow', 'Patrick Eudeline']","['rape', 'nihilism', 'sadism', ""women's sexual identity"", 'feminism', 'revenge', 'murder', 'woman director']"
372962,Mai-chan's Daily Life,['Horror'],5.2,18,7.4871,2014-11-29,0,0,"['An Koshi', 'Miyako Akane', 'Shôgo Maruyama', 'Soaco Roman']","['fetishism', 'gore', 'maid', 'based on manga', 'master', 'french maid', 'grotesque', 'remote location']"
281338,War for the Planet of the Apes,"['Drama', 'Science Fiction', 'War']",7.2,9688,7.1998,2017-07-11,150000000,490719763,"['Andy Serkis', 'Woody Harrelson', 'Karin Konoval', 'Terry Notary', 'Steve Zahn', 'Amiah Miller']","['suicide', 'civil war', 'escape', 'winter', 'mutation', 'peace', 'solidarity', 'gorilla']"
868759,Ghosted,"['Action', 'Comedy', 'Romance']",6.881,2174,9.1042,2023-04-18,40000000,0,"['Chris Evans', 'Ana de Armas', 'Adrien Brody', 'Mike Moh', 'Amy Sedaris', 'Tate Donovan']","['central intelligence agency (cia)', 'secret mission', 'secret agent', 'female spy', 'enigmatic', ""farmer's market"", 'save the world']"
495764,Birds of Prey (and the Fantabulous Emancipation of One Harley Quinn),"['Action', 'Crime']",6.878,10784,7.6966,2020-02-05,75000000,205537933,"['Margot Robbie', 'Rosie Perez', 'Mary Elizabeth Winstead', 'Jurnee Smollett', 'Ewan McGregor', 'Ella Jay Basco']","['police', 'pickpocket', 'chase', 'psychopath', 'superhero', 'nightclub', 'dark comedy', 'gang leader']"
4258,Scary Movie 5,['Comedy'],4.788,3014,7.1878,2013-04-11,20000000,78613981,"['Ashley French', 'Simon Rex', 'Charlie Sheen', 'Gracie Whitton', 'Ava Kolker', 'Heather Locklear']","['supernatural', 'ballet dancer', 'parody', 'sequel', 'spoof', 'horror spoof', 'demonic possession', 'paranormal activity']"
5876,The Mist,"['Horror', 'Science Fiction', 'Thriller']",6.945,5804,7.3841,2007-11-21,18000000,57470220,"['Thomas Jane', 'Laurie Holden', 'Toby Jones', 'Marcia Gay Harden', 'Andre Braugher', 'William Sadler']","['monster', 'based on novel or book', 'supermarket', 'fight', 'faith', 'prayer', 'spider', 'fog']"
957,Spaceballs,"['Comedy', 'Science Fiction']",6.868,3377,7.7397,1987-06-24,22700000,38120460,"['Mel Brooks', 'John Candy', 'Rick Moranis', 'Bill Pullman', 'Daphne Zuniga', 'Dick Van Patten']","['galaxy', 'android', 'space marine', 'laser gun', 'temple', 'swordplay', 'space battle', 'space travel']"
1244492,Look Back,"['Animation', 'Drama']",8.1,535,7.6919,2024-06-28,0,12648664,"['Yuumi Kawai', 'Mizuki Yoshida', 'Yoichiro Saito', 'Kota Oka', 'Kureha Maki', 'Koya Yoshihashi']","['friendship', 'elementary school', 'friends', 'school', 'based on manga', 'shounen', 'anime', 'mangaka']"
9023,Spirit: Stallion of the Cimarron,"['Animation', 'Adventure', 'Family', 'Drama', 'Western']",7.7,4871,7.0852,2002-05-24,80000000,122563539,"['Matt Damon', 'James Cromwell', 'Daniel Studi', 'Chopper Bernet', 'Jeff LeBeau', 'John Rubano']","['freedom', 'villain', 'mustang', 'rivalry', 'wildlife', 'animals', 'cavalry', 'indian war']"
924,Dawn of the Dead,"['Horror', 'Science Fiction']",7.058,4457,7.2429,2004-03-19,26000000,102278712,"['Sarah Polley', 'Ving Rhames', 'Jake Weber', 'Michael Kelly', 'Mekhi Phifer', 'Inna Korobkina']","['nurse', 'department store', 'shotgun', 'pregnancy', 'bite', 'habor', 'bus ride', 'dark comedy']"
9732,The Lion King II: Simba's Pride,"['Adventure', 'Animation', 'Drama', 'Family', 'Romance']",6.939,4658,7.9258,1998-10-24,0,0,"['Matthew Broderick', 'Neve Campbell', 'Jason Marsden', 'Nathan Lane', 'Ernie Sabella', 'Andy Dick']","['friendship', 'baby', 'africa', 'lion', 'cartoon', 'father daughter relationship', 'inspirational', 'familiar']"
760741,Beast,"['Action', 'Adventure', 'Horror', 'Thriller']",6.552,1740,8.1188,2022-08-11,0,56000000,"['Idris Elba', 'Leah Sava Jeffries', 'Iyana Halley', 'Sharlto Copley', 'Martin Munro', 'Liyabuya Gongo']",['wild animal']
53064,Midori,"['Animation', 'Drama', 'Horror']",6.1,164,8.2184,1992-05-02,0,0,"['Minako Naka', 'Norihiko Morishita', 'Keinosuke Okamoto', 'Kazuyoshi Hayashi', 'Yoshihiko Matsui', 'Yoshifumi Nomura']","['pedophilia', 'child abuse', 'rape', 'illusion', 'romance', 'female protagonist', 'little girl', 'based on manga']"
16320,Serenity,"['Science Fiction', 'Action', 'Adventure', 'Thriller']",7.359,3857,7.5624,2005-09-25,39000000,38869464,"['Nathan Fillion', 'Summer Glau', 'Gina Torres', 'Alan Tudyk', 'Morena Baccarin', 'Adam Baldwin']","['spacecraft', 'martial arts', 'telepathy', 'dystopia', 'fugitive', 'space western', 'planet', 'cannibal']"
841,Dune,"['Action', 'Science Fiction', 'Adventure']",6.183,3408,7.6597,1984-12-14,40000000,31502434,"['Kyle MacLachlan', 'Francesca Annis', 'Patrick Stewart', 'Linda Hunt', 'José Ferrer', 'Freddie Jones']","['witch', 'empire', 'galaxy', 'rebellion', 'future', 'space marine', 'army', 'monster']"
601796,Alienoid,"['Science Fiction', 'Action', 'Fantasy', 'Adventure']",6.782,518,7.4988,2022-07-20,24500000,12109608,"['Ryu Jun-yeol', 'Kim Woo-bin', 'Kim Tae-ri', 'So Ji-sub', 'Yum Jung-ah', 'Jo Woo-jin']","['prisoner', 'time warp', 'time travel', 'alien', 'historical fiction', 'goryeo dynasty', 'taoist wizard']"
10835,The Killer,"['Action', 'Crime', 'Drama', 'Thriller']",7.6,892,6.0936,1989-03-24,0,2350174,"['Chow Yun-Fat', 'Danny Lee Sau-Yin', 'Sally Yip Sin-Man', 'Paul Chu Kong', 'Kenneth Tsang', 'Shing Fui-On']","['blindness and impaired vision', 'police', 'hitman', 'hong kong', 'dramatic']"
11362,The Count of Monte Cristo,"['Adventure', 'Drama', 'History', 'Action', 'Thriller']",7.673,2009,7.2519,2002-01-23,35000000,75395048,"['Jim Caviezel', 'Guy Pearce', 'Richard Harris', 'James Frain', 'Dagmara Dominczyk', 'Michael Wincott']","['treasure', 'based on novel or book', 'loss of loved one', 'marseille, france', 'female lover', 'ex-lover', 'napoleon bonaparte', 'prison escape']"
9444,Anastasia,"['Animation', 'Family', 'Fantasy', 'Adventure']",7.608,5604,7.5627,1997-11-20,53000000,139804348,"['Meg Ryan', 'John Cusack', 'Kelsey Grammer', 'Christopher Lloyd', 'Hank Azaria', 'Bernadette Peters']","['nightmare', 'villain', 'czar / tsar / tzar', 'musical', 'based on true story', 'sorcerer', 'catholic', 'russian revolution (1917)']"
3082,Modern Times,"['Comedy', 'Drama', 'Romance']",8.279,4067,6.8165,1936-02-05,1500000,1800000,"['Charlie Chaplin', 'Paulette Goddard', 'Henry Bergman', 'Tiny Sandford', 'Chester Conklin', 'Hank Mann']","['factory', 'ambulance', 'invention', 'mental breakdown', 'tramp', 'great depression', 'industrial revolution', 'slapstick comedy']"
290250,The Nice Guys,"['Comedy', 'Crime', 'Action']",7.129,8613,6.9632,2016-05-15,50000000,71261763,"['Russell Crowe', 'Ryan Gosling', 'Angourie Rice', 'Matt Bomer', 'Margaret Qualley', 'Yaya DaCosta']","['daughter', 'detective', '1970s', 'investigation', 'alcoholism', 'private investigator', 'conspiracy', 'whodunit']"
1309272,Every Side of the Bed,"['Comedy', 'Music']",4.4,17,6.6776,2025-11-14,0,0,"['Ernesto Alterio', 'Pilar Castro', 'Jan Buxaderas', 'Lucía Caraballo', 'Sergio Abelaira', 'Natalia Verbeke']",[]
459151,The Boss Baby: Family Business,"['Animation', 'Comedy', 'Adventure', 'Family']",7.3,2681,7.4345,2021-07-01,82000000,146745280,"['Alec Baldwin', 'James Marsden', 'Amy Sedaris', 'Ariana Greenblatt', 'Jeff Goldblum', 'Eva Longoria']","['baby', 'boss', 'sequel', 'computer animation', 'sibling', 'family']"
938150,Wardriver,"['Thriller', 'Crime']",6.8,29,7.1006,2026-03-04,0,0,"['Dane DeHaan', 'Sasha Calle', 'Mamoudou Athie', 'Jeffrey Donovan', 'William Belleau', 'Luz Ozuna']",[]
972809,The Qing Palace's Secret Affairs 5,['Drama'],0.0,0,7.3661,2002-01-01,0,0,[],[]
138103,The Expendables 3,"['Action', 'Adventure', 'Thriller']",6.204,5322,7.5425,2014-08-07,95000000,214657577,"['Sylvester Stallone', 'Jason Statham', 'Harrison Ford', 'Arnold Schwarzenegger', 'Mel Gibson', 'Wesley Snipes']","['central intelligence agency (cia)', 'mercenary', 'rescue mission', 'arms dealer', 'sequel', 'hospital', 'battle', 'sledgehammer']"
2057,Original Sin,"['Thriller', 'Drama', 'Mystery', 'Romance', 'History']",6.133,898,8.3756,2001-05-08,42000000,35402320,"['Angelina Jolie', 'Antonio Banderas', 'Thomas Jane', 'Gregory Itzin', 'Jack Thompson', 'Allison Mackie']","['cuba', 'female lover', 'eroticism', 'coffee grower', 'sin', 'denunciation', 'erotic thriller']"
594,The Terminal,"['Comedy', 'Drama']",7.352,8660,7.1758,2004-06-17,60000000,219417255,"['Tom Hanks', 'Catherine Zeta-Jones', 'Stanley Tucci', 'Chi McBride', 'Diego Luna', 'Barry Shabaka Henley']","['new york city', 'friendship', 'marriage proposal', 'airport', 'stewardess', 'translation', 'illegal immigration', 'language barrier']"
879,Hook,"['Adventure', 'Fantasy', 'Comedy', 'Family']",6.842,5713,7.8038,1991-04-10,70000000,300854823,"['Dustin Hoffman', 'Robin Williams', 'Julia Roberts', 'Bob Hoskins', 'Maggie Smith', 'Caroline Goodall']","['rescue', 'daughter', 'flying', 'swordplay', 'sword', 'fairy tale', 'memory loss', 'duel']"
842924,The Life of Chuck,"['Fantasy', 'Drama']",7.281,1058,6.7069,2025-06-05,25000000,19700844,"['Tom Hiddleston', 'Benjamin Pajak', 'Nick Offerman', 'Chiwetel Ejiofor', 'Karen Gillan', 'Mia Sara']","['slice of life', 'cancer', 'death', 'based on short story', 'reverse chronology', 'life', 'reconsidering of life', 'moments of life']"
1078023,The King of Snipers,"['Action', 'Crime', 'Comedy', 'War']",5.636,11,9.2138,2023-01-24,0,0,"['Yang Xing', 'Henry Prince Mak', 'Li Donghe', 'Guo Muhan', 'Kent Tong Chun-Yip', 'Du Kang']","['sniper', 'assassin', 'soldier', 'drugs', 'drug lord', 'military', 'assassination team', 'guns']"
37799,The Social Network,['Drama'],7.373,13108,7.1284,2010-10-01,40000000,224920315,"['Jesse Eisenberg', 'Andrew Garfield', 'Armie Hammer', 'Josh Pence', 'Justin Timberlake', 'Max Minghella']","['hacker', 'based on novel or book', 'boston, massachusetts', 'ex-girlfriend', 'harvard university', 'narcissism', 'based on true story', 'hacking']"
852370,Idol Seungha's R-Rated Film Shooting,['Drama'],6.5,45,7.6503,2021-06-24,0,0,"['Seung Ha', 'Yoo Jung', 'Si Woo', 'Kang Seo']",['softcore']
852370,Idol Seungha's R-Rated Film Shooting,['Drama'],6.5,45,7.6503,2021-06-24,0,0,"['Seung Ha', 'Yoo Jung', 'Si Woo', 'Kang Seo']",['softcore']
274857,King Arthur: Legend of the Sword,"['Action', 'Drama', 'Fantasy']",6.555,6032,7.0228,2017-05-10,175000000,149175066,"['Charlie Hunnam', 'Jude Law', 'Àstrid Bergès-Frisbey', 'Djimon Hounsou', 'Eric Bana', 'Aidan Gillen']","['sword', 'legend', 'camelot', 'knight', 'king arthur', 'king', 'excalibur', 'sword and sorcery']"
677179,Creed III,"['Drama', 'Action']",7.1,2860,7.6845,2023-03-01,75000000,275300000,"['Michael B. Jordan', 'Tessa Thompson', 'Jonathan Majors', 'Phylicia Rashād', 'Mila Davis-Kent', 'Wood Harris']","['husband wife relationship', 'philadelphia, pennsylvania', 'sports', 'deaf', 'sequel', 'orphan', 'former best friend', 'ex-con']"
1542261,Doraemon the Movie: New Nobita and the Castle of the Undersea Devil,"['Animation', 'Adventure', 'Fantasy', 'Family']",7.5,8,7.6323,2026-02-27,0,102,"['Wasabi Mizuta', 'Megumi Oohara', 'Yumi Kakazu', 'Subaru Kimura', 'Tomokazu Seki', 'Shoya Chiba']","['gadget', 'earthquake', 'remake', 'based on manga', 'underwater', 'anime', 'underwater world', 'underwater volcano eruption']"
297,Meet Joe Black,"['Fantasy', 'Drama', 'Romance']",7.359,5719,9.2704,1998-11-12,90000000,142940100,"['Brad Pitt', 'Anthony Hopkins', 'Claire Forlani', 'Jake Weber', 'Marcia Gay Harden', 'Jeffrey Tambor']","['life and death', 'broken engagement', 'love at first sight', 'fireworks', 'religion and supernatural', 'based on play or musical', 'fate', 'teenage crush']"
1290182,You Are the Apple of My Eye,"['Romance', 'Drama', 'Comedy']",8.387,62,6.8124,2025-02-21,0,302086,"['Jung Jin-young', 'DAHYUN', 'Demian', 'Lee Min-goo', 'Kim Yo-han', 'Kim Min-ju']","['high school', 'based on novel or book', 'coming of age', 'remake', 'first love', 'high school sweetheart']"
4347,Atonement,"['Drama', 'Romance']",7.635,4680,7.4757,2007-02-27,30000000,131016624,"['James McAvoy', 'Keira Knightley', 'Saoirse Ronan', 'Romola Garai', 'Vanessa Redgrave', 'Brenda Blethyn']","['new love', 'sibling relationship', 'based on novel or book', 'wind', 'nurse', 'loss of loved one', 'flirt', 'world war ii']"
1196573,She Rides Shotgun,"['Action', 'Thriller', 'Crime']",7.035,271,6.9581,2025-07-31,0,23443,"['Taron Egerton', 'Ana Sophia Heger', 'Rob Yang', ""Odessa A'zion"", 'David Lyons', 'John Carroll Lynch']","['based on novel or book', 'on the run', 'protective father', 'broken family', 'estranged daughter', 'father daughter relationship', 'prison gang', 'traumatized child']"
1131759,Omniscient Reader: The Prophecy,"['Action', 'Adventure', 'Fantasy']",6.9,86,7.1976,2025-07-23,0,9187679,"['Ahn Hyo-seop', 'Lee Min-ho', 'Chae Soo-bin', 'Shin Seung-ho', 'Nana', 'Kwon Eun-seong']","['based on novel or book', 'survival', 'apocalypse', 'super power', 'based on web novel', 'action', 'blockbuster', 'post-apocalyptic']"
1341137,A Great Awakening,"['Drama', 'History']",7.7,6,7.7362,2026-04-03,0,4900750,"['John Paul Sneed', 'Jonathan Blair', 'JT Schaeffer', 'Josh Bates', 'Joe Dignoti', 'Stephen Foster Harris']","['based on true story', 'evangelical christianity', '18th century', 'religious conflict', 'american revolution', 'historical drama', 'constitutional convention', 'christian film']"
1079091,It Ends with Us,"['Drama', 'Romance']",6.939,1911,8.132,2024-08-07,55000000,351441044,"['Blake Lively', 'Justin Baldoni', 'Jenny Slate', 'Brandon Sklenar', 'Hasan Minhaj', 'Kevin McKidd']","['based on novel or book', 'love triangle', 'abusive father', 'trauma', 'florist', 'flashback', 'love', 'domestic abuse']"
74,War of the Worlds,"['Adventure', 'Thriller', 'Science Fiction']",6.535,9129,7.5801,2005-06-28,132000000,603873119,"['Tom Cruise', 'Dakota Fanning', 'Justin Chatwin', 'Miranda Otto', 'Tim Robbins', 'Rick Gonzalez']","['daughter', 'new jersey', 'post-traumatic stress disorder (ptsd)', 'airplane', 'based on novel or book', 'underground', 'dystopia', 'alien']"
913290,Barbarian,"['Horror', 'Mystery']",6.849,3198,7.2011,2022-09-08,4500000,45400000,"['Georgina Campbell', 'Justin Long', 'Bill Skarsgård', 'Richard Brake', 'Matthew Patrick Davis', 'Jaymes Butler']","['monster', 'sexual abuse', 'paranoia', 'flashback', 'basement', 'serial killer', 'duringcreditsstinger', 'paranoid']"
9426,The Fly,"['Horror', 'Science Fiction']",7.431,4945,8.5632,1986-08-15,15000000,60629159,"['Jeff Goldblum', 'Geena Davis', 'John Getz', 'Joy Boushel', 'Leslie Carlson', 'George Chuvalo']","['monster', 'experiment', 'mutation', 'toronto, canada', 'mutant', 'transformation', 'halloween', 'remake']"
1462229,Pegasus 3,"['Drama', 'Comedy']",7.161,31,7.879,2026-02-17,80000000,648729523,"['Teng Shen', 'Yin Zheng', 'Johnny Huang', 'Zhang Benyu', 'Wei Xiang', 'Sha Yi']","['sequel', 'racing']"
96721,Rush,"['Drama', 'Action']",7.735,7793,7.1285,2013-09-02,38000000,90200000,"['Chris Hemsworth', 'Daniel Brühl', 'Olivia Wilde', 'Alexandra Maria Lara', 'Pierfrancesco Favino', 'David Calder']","['car race', 'sports', 'world champion', 'based on true story', 'racing', 'adventurer', 'formula one (f1)', 'serious']"
364,Batman Returns,"['Action', 'Fantasy']",6.946,7065,7.475,1992-06-19,80000000,280000000,"['Michael Keaton', 'Danny DeVito', 'Michelle Pfeiffer', 'Christopher Walken', 'Michael Gough', 'Pat Hingle']","['double life', 'corruption', 'darkness', 'crime fighter', 'superhero', 'hallucination', 'villain', 'christmas tree']"
7512,Idiocracy,"['Comedy', 'Science Fiction', 'Adventure']",6.369,3523,7.6017,2006-09-01,30000000,495303,"['Luke Wilson', 'Maya Rudolph', 'Dax Shepard', 'Terry Crews', ""Anthony 'Citric' Campos"", 'David Herman']","['future', 'army', 'prostitute', 'usa president', 'congress', 'experiment', 'arena', 'capitalism']"
480530,Creed II,"['Drama', 'Action']",7.029,5772,8.1325,2018-11-21,50000000,214200000,"['Michael B. Jordan', 'Sylvester Stallone', 'Tessa Thompson', 'Wood Harris', 'Russell Hornsby', 'Phylicia Rashād']","['sports', 'rivalry', 'sequel', 'los angeles, california', 'angry', 'boxing', 'thoughtful', 'reflective']"
1008953,Incoming,['Comedy'],6.245,353,7.3644,2024-08-22,0,0,"['Mason Thames', 'Ramon Reed', 'Raphael Alejandro', 'Isabella Ferreira', 'Bardia Seiri', 'Loren Gray']","['high school', 'coming of age', 'party', 'teenager']"
1364,Sex and Lucía,"['Drama', 'Romance']",6.669,623,7.366,2001-08-24,0,7640680,"['Paz Vega', 'Tristán Ulloa', 'Elena Anaya', 'Najwa Nimri', 'Daniel Freire', 'Silvia Llanos']","['dreams', 'waitress', ""love of one's life"", 'madrid, spain', 'loss of loved one', 'pregnancy', 'formentera', 'extramarital affair']"
81188,Rise of the Guardians,"['Animation', 'Family', 'Fantasy', 'Action', 'Adventure']",7.373,7123,7.7469,2012-11-21,145000000,306941670,"['Chris Pine', 'Alec Baldwin', 'Jude Law', 'Isla Fisher', 'Hugh Jackman', 'Dakota Goyo']","['new york city', 'friendship', 'amnesia', 'santa claus', 'cartoon', 'villain', 'easter bunny', 'boogeyman']"
639933,The Northman,"['Action', 'Adventure', 'Fantasy']",7.031,5010,8.0603,2022-04-07,70000000,69633110,"['Alexander Skarsgård', 'Nicole Kidman', 'Claes Bang', 'Ethan Hawke', 'Anya Taylor-Joy', 'Gustav Lindh']","['sword', 'prince', 'gore', 'vikings (norsemen)', 'iceland', 'northern ireland', 'sword fight', 'revenge']"
1151272,Sirāt,"['Drama', 'Thriller']",6.841,626,8.4147,2025-06-06,7000000,10445082,"['Sergi López', 'Bruno Núñez', 'Stefania Gadda', 'Joshua Liam Henderson', 'Richard Bellamy', 'Tonin Janvier']","['rave', 'rave party', 'blunt', 'raver', 'earnest', 'excited', 'ridiculous']"
420809,Maleficent: Mistress of Evil,"['Family', 'Fantasy', 'Adventure']",7.3,6463,7.5672,2019-10-16,185000000,491730089,"['Angelina Jolie', 'Elle Fanning', 'Harris Dickinson', 'Michelle Pfeiffer', 'Sam Riley', 'Chiwetel Ejiofor']","['magic', 'fairy tale', 'fairy', 'based on fairy tale', 'live action remake', 'complicated']"
464052,Wonder Woman 1984,"['Action', 'Adventure', 'Fantasy']",6.368,9024,8.2284,2020-12-16,200000000,169601036,"['Gal Gadot', 'Chris Pine', 'Kristen Wiig', 'Pedro Pascal', 'Robin Wright', 'Connie Nielsen']","['superhero', 'based on comic', 'woman director', '1980s', 'action hero', 'dc extended universe (dceu)']"
9016,Treasure Planet,"['Science Fiction', 'Adventure', 'Animation', 'Family', 'Fantasy']",7.565,4585,7.7023,2002-11-26,140000000,109578115,"['Joseph Gordon-Levitt', 'Brian Murray', 'Emma Thompson', 'David Hyde Pierce', 'Martin Short', 'Dane A. Davis']","['mutiny', 'space marine', 'based on novel or book', 'cyborg', 'map', 'pirate gang', 'treasure hunt', 'treasure map']"
1630433,The Red Line,"['Thriller', 'Crime', 'Drama']",6.9,52,6.4935,2026-03-22,0,0,"['Nittha Jirayungyurn', 'Esther Supreeleela', 'Chutima Maholakul', 'Todsapol Maisuk', 'Tonhon Tantivejakul', 'Paowalee Pornpimol']","['fraud', 'revenge', 'scam call center']"
1573,Die Hard 2,"['Action', 'Thriller']",6.971,6379,6.8474,1990-07-03,70000000,240031094,"['Bruce Willis', 'Bonnie Bedelia', 'William Sadler', 'John Amos', 'Franco Nero', 'William Atherton']","['helicopter', 'airport', 'based on novel or book', 'ambush', 'cop', 'sequel', 'snow', 'shootout']"
98566,Teenage Mutant Ninja Turtles,"['Science Fiction', 'Action', 'Adventure', 'Comedy']",5.927,7164,7.576,2014-08-07,125000000,485004754,"['Pete Ploszek', 'Alan Ritchson', 'Jeremy Howard', 'Noel Fisher', 'Megan Fox', 'Will Arnett']","['new york city', 'van', 'martial arts', 'hero', 'experiment', 'mutation', 'superhero', 'turtle']"
1192548,Hannah Waddingham: Home for Christmas,['Music'],6.147,17,6.0458,2023-11-21,0,0,"['Hannah Waddingham', 'Juno Temple', 'Luke Evans', 'Phil Dunster', 'Brendan Hunt', 'Nick Mohammed']","['christmas', 'holiday special']"
893723,PAW Patrol: The Mighty Movie,"['Adventure', 'Animation', 'Comedy', 'Family', 'Science Fiction']",6.981,543,7.3173,2023-09-21,30000000,202231360,"['Mckenna Grace', 'Taraji P. Henson', 'Marsai Martin', 'Iain Armitage', 'Ron Pardo', 'Lil Rel Howery']","['superhero', 'cartoon', 'mad scientist', 'sequel', 'dog', 'animals', 'kids', 'elasticity']"
22970,The Cabin in the Woods,"['Horror', 'Mystery', 'Comedy']",6.647,8503,7.3327,2012-04-12,30000000,71038838,"['Kristen Connolly', 'Fran Kranz', 'Chris Hemsworth', 'Jesse Williams', 'Anna Hutchison', 'Richard Jenkins']","['giant snake', 'school party', 'motorcycle crash', 'abandoned house', 'woods', 'marijuana', 'cabin', 'apocalypse']"
9479,The Nightmare Before Christmas,"['Fantasy', 'Animation', 'Family']",7.83,10295,7.2899,1993-10-09,18000000,75634409,"['Danny Elfman', 'Chris Sarandon', ""Catherine O'Hara"", 'William Hickey', 'Glenn Shadix', 'Paul Reubens']","['skeleton', 'fire', 'magic', 'holiday', 'santa claus', 'halloween', 'villain', 'musical']"
4922,The Curious Case of Benjamin Button,"['Drama', 'Fantasy', 'Romance']",7.598,13676,8.0131,2008-12-25,150000000,335802786,"['Brad Pitt', 'Cate Blanchett', 'Taraji P. Henson', 'Julia Ormond', 'Jason Flemyng', 'Tilda Swinton']","['new york city', 'navy', 'funeral', 'boat', 'diary', 'tea', 'great depression', 'travel']"
9837,The Prince of Egypt,"['Adventure', 'Animation', 'Drama', 'Family']",7.3,4286,7.2511,1998-12-16,70000000,218613188,"['Val Kilmer', 'Ralph Fiennes', 'Michelle Pfeiffer', 'Sandra Bullock', 'Jeff Goldblum', 'Danny Glover']","['egypt', 'moses', 'kingdom', 'pyramid', 'exodus', 'bible', 'musical', 'governance']"
11619,Flushed Away,"['Adventure', 'Animation', 'Comedy', 'Family']",6.318,4073,7.5206,2006-10-22,149000000,178120010,"['Hugh Jackman', 'Kate Winslet', 'Ian McKellen', 'Jean Reno', 'Bill Nighy', 'Andy Serkis']","['ship', 'london, england', 'return', 'villain', 'girlfriend', 'rubin', 'thug', 'toad']"
1273233,The Elephant Queen,"['Drama', 'Comedy']",0.0,0,6.7407,,0,0,"['Yan Ni', 'Peng Yuchang', 'Liu Yan', 'Pan Binlong', 'Wang He', 'Logan Cheng']",[]
1427,Perfume: The Story of a Murderer,"['Crime', 'Fantasy', 'Drama']",7.365,4976,8.941,2006-09-13,63700000,135039924,"['Ben Whishaw', 'Alan Rickman', 'Rachel Hurd-Wood', 'Dustin Hoffman', 'John Hurt', 'Karoline Herfurth']","['daughter', 'small town', 'bad smell', 'prostitute', 'paris, france', 'based on novel or book', 'obsession', 'orgy']"
392144,Calendar Girl,"['Romance', 'Drama']",6.2,6,7.5753,2016-04-07,0,0,"['Han Ga-yeong', 'Lee So-hee-II', 'Min Hyeok', 'Kwon Yeong-ho', 'Joo Yeon-seo', 'Park Ha-yan']",['softcore']
9602,Coming to America,"['Comedy', 'Romance']",6.877,4725,6.8261,1988-06-29,30000000,288752301,"['Eddie Murphy', 'Arsenio Hall', 'Shari Headley', 'John Amos', 'James Earl Jones', 'Madge Sinclair']","['new york city', 'fast food restaurant', 'prince', 'fake identity', 'heir to the throne', 'royal family', 'fish out of water', 'rich man']"
1927,Hulk,"['Science Fiction', 'Adventure', 'Action']",5.577,6241,7.9939,2003-06-19,137000000,245360480,"['Eric Bana', 'Jennifer Connelly', 'Sam Elliott', 'Josh Lucas', 'Nick Nolte', 'Paul Kersey']","['california', 'monster', 'general', 'mutation', 'san francisco, california', 'gun', 'superhero', 'dna']"
986097,HIM,"['Horror', 'Mystery']",5.674,363,7.9875,2025-09-18,27000000,27834512,"['Marlon Wayans', 'Tyriq Withers', 'Julia Fox', 'Tim Heidecker', 'Jim Jefferies', 'Maurice Greene']","['ritual', 'cult', 'training', 'religion', 'psychotic', 'injury', 'quarterback', 'athletics']"
360920,The Grinch,"['Animation', 'Comedy', 'Family', 'Fantasy']",6.867,4424,8.2342,2018-11-08,75000000,552976825,"['Benedict Cumberbatch', 'Rashida Jones', 'Kenan Thompson', 'Cameron Seely', 'Angela Lansbury', 'Pharrell Williams']","['holiday', 'surrealism', 'remake', ""based on children's book"", 'christmas', 'cheerful']"
804370,Arco,"['Adventure', 'Animation', 'Family', 'Science Fiction']",7.545,201,5.8311,2025-10-22,10000000,4570178,"['Margot Ringard Oldra', 'Oscar Tresanini', 'Nathanaël Perrot', 'Alma Jodorowsky', 'Swann Arlaud', 'Vincent Macaigne']","['affectation', 'time travel', 'family relationships', 'conspiracy theory', 'absent parent', 'environmental issues', 'near future', '2070s']"
34851,Predators,"['Science Fiction', 'Action', 'Thriller']",6.298,4598,6.9325,2010-07-07,40000000,127233108,"['Adrien Brody', 'Topher Grace', 'Alice Braga', 'Walton Goggins', 'Oleg Taktarov', 'Laurence Fishburne']","['hunter', 'predator', 'yakuza', 'alien life-form', 'sequel', 'alien', 'alien planet', 'jungle']"
275,Fargo,"['Crime', 'Drama', 'Thriller']",7.849,9051,7.6314,1996-03-08,7000000,60611975,"['Frances McDormand', 'William H. Macy', 'Steve Buscemi', 'Peter Stormare', 'Harve Presnell', 'John Carroll Lynch']","['salesclerk', 'unsociability', 'police', 'cheating', 'ransom', 'winter', 'kidnapping', 'minnesota']"
5548,RoboCop,"['Action', 'Thriller', 'Science Fiction']",7.4,5709,7.8284,1987-07-17,13000000,53424681,"['Peter Weller', 'Nancy Allen', ""Dan O'Herlihy"", 'Ronny Cox', 'Kurtwood Smith', 'Miguel Ferrer']","['experiment', 'cyborg', 'crime fighter', 'dystopia', 'allegory', 'giant robot', 'evil corporation', 'cyberpunk']"
1368314,Passenger,"['Horror', 'Thriller']",0.0,0,8.0199,2026-05-20,0,0,"['Jacob Scipio', 'Lou Llobell', 'Melissa Leo', 'Joseph Lopez', 'Tony Doupe', 'Bonni Dichone']","['supernatural', 'stalker', 'road trip', 'evil spirit', 'couple', 'found footage', 'demonic', 'supernatural horror']"
1824,50 First Dates,"['Comedy', 'Romance']",6.871,7691,6.9324,2004-02-13,75000000,196482882,"['Adam Sandler', 'Drew Barrymore', 'Rob Schneider', 'Sean Astin', 'Lusia Strus', 'Dan Aykroyd']","['amnesia', 'hawaii', 'romcom', 'deception', 'womanizer', 'love', 'car accident', 'screwball comedy']"
71672,Wrong Turn 4: Bloody Beginnings,"['Horror', 'Thriller']",5.731,1210,7.8344,2011-10-17,3000000,0,"['Jennifer Pudavick', 'Tenika Davis', 'Terra Vnesa', 'Kristen Harris', 'Kaitlyn Leeb', 'Dean Armstrong']","['motel', 'forest', 'west virginia', 'lesbian relationship', 'murder', 'snow', 'slasher', 'cannibal']"
1291659,The Wizard of the Kremlin,['Drama'],6.5,131,6.8632,2026-01-21,0,7606890,"['Paul Dano', 'Jude Law', 'Alicia Vikander', 'Tom Sturridge', 'Will Keen', 'Jeffrey Wright']","['new york city', 'london, england', 'based on novel or book', 'capitalism', 'soviet union', 'stockholm, sweden', 'historical fiction', 'period drama']"
483906,Polar,"['Action', 'Crime', 'Drama']",6.362,2460,7.3524,2019-01-25,0,0,"['Mads Mikkelsen', 'Vanessa Hudgens', 'Katheryn Winnick', 'Inga Cadranel', 'Fei Ren', 'Ruby O. Fee']","['assassin', 'hitman', 'montana', 'chile', 'based on graphic novel', 'isolated house', 'criminal organization', 'neo-noir']"
799379,Project Wolf Hunting,"['Action', 'Thriller', 'Horror', 'Crime']",6.436,439,7.4639,2022-09-21,9000000,20541,"['Seo In-guk', 'Jang Dong-yoon', 'Park Ho-san', 'Jung So-min', 'Ko Chang-seok', 'Jang Young-nam']","['prison', 'ship', 'pacific', 'extreme violence']"
268896,Pacific Rim: Uprising,"['Action', 'Fantasy', 'Science Fiction', 'Adventure']",6.122,5312,6.5023,2018-03-21,150000000,290061297,"['John Boyega', 'Scott Eastwood', 'Cailee Spaeny', 'Jing Tian', 'Rinko Kikuchi', 'Burn Gorman']","['mind control', 'race against time', 'japan', 'army', 'monster', 'artificial intelligence (a.i.)', 'saving the world', 'cadet']"
646389,Plane,"['Action', 'Adventure', 'Thriller']",6.897,2641,7.4543,2023-01-11,25000000,74515586,"['Gerard Butler', 'Mike Colter', 'Tony Goldwyn', 'Yoson An', 'Evan Dane Taylor', 'Paul Ben-Victor']","['airplane', 'pilot', 'philippines', 'held hostage', 'plane crash', 'intense']"
967,Spartacus,"['History', 'War', 'Drama', 'Adventure']",7.536,2377,7.521,1960-10-13,12000000,60000000,"['Kirk Douglas', 'Laurence Olivier', 'Jean Simmons', 'Charles Laughton', 'Peter Ustinov', 'John Gavin']","['gladiator', 'roman empire', 'gladiator fight', 'slavery', 'insurgence', 'ancient rome', 'historical fiction', 'torture']"
59940,Zebra Lounge,['Thriller'],4.356,45,7.1612,2001-10-04,0,0,"['Kristy Swanson', 'Stephen Baldwin', 'Brandy Ledford', 'Cameron Daddo', 'Dara Perlmutter', 'Daniel Magder']","['swinger club', 'obsession', 'marriage', 'suburbia', 'romance', 'anger', 'swinger', 'voyeurism']"
435,The Day After Tomorrow,"['Science Fiction', 'Thriller', 'Adventure']",6.554,8822,7.681,2004-05-26,125000000,552639571,"['Dennis Quaid', 'Jake Gyllenhaal', 'Emmy Rossum', 'Dash Mihok', 'Jay O. Sanders', 'Sela Ward']","['new york city', 'philadelphia, pennsylvania', 'saving the world', 'scotland', 'climate change', 'greenhouse effect', 'tornado', 'hurricane']"
11845,Intimacy,"['Romance', 'Drama', 'Fantasy']",6.252,548,7.3525,2001-01-20,0,2672527,"['Mark Rylance', 'Kerry Fox', 'Susannah Harker', 'Alastair Galbraith', 'Philippe Calvario', 'Timothy Spall']","['hotel room', 'bartender', 'new french extremism', 'sex']"
1072699,Inside Furioza,"['Action', 'Crime', 'Thriller']",6.559,94,7.3008,2025-10-14,0,0,"['Mateusz Damięcki', 'Szymon Bobrowski', 'Pola Gonciarz', 'Weronika Książkiewicz-Nathaniel', 'Łukasz Simlat', 'Mateusz Banasiuk']","['crime boss', 'hooligan', 'organized crime', 'brutality', 'rage', 'hooliganism', 'fury', 'gritty']"
397567,Along with the Gods: The Two Worlds,"['Action', 'Adventure', 'Drama', 'Fantasy', 'Thriller']",8.033,1181,7.2559,2017-12-20,18300000,125983972,"['Ha Jung-woo', 'Cha Tae-hyun', 'Ju Ji-hoon', 'Kim Hyang-gi', 'Lee Jung-jae', 'Kim Dong-wook']","['afterlife', 'hell', 'trial', 'based on comic', 'god', 'grim reaper', 'bromance', 'myth']"
1607,A Bronx Tale,"['Drama', 'Crime']",7.88,2847,6.6119,1993-10-01,22000000,17287898,"['Robert De Niro', 'Chazz Palminteri', 'Lillo Brancato', 'Francis Capra', 'Taral Hicks', 'Kathrine Narducci']","['italian american', 'gambling', 'funeral', 'italian', 'parent child relationship', 'gangster', 'loyalty', 'molotow cocktail']"
696806,The Adam Project,"['Adventure', 'Science Fiction', 'Comedy']",6.988,4911,7.1949,2022-03-11,116000000,0,"['Ryan Reynolds', 'Walker Scobell', 'Mark Ruffalo', 'Jennifer Garner', 'Zoe Saldaña', 'Catherine Keener']","['escape', 'time travel', 'playful', 'explore', '2050s', 'joyful']"
9390,Jerry Maguire,"['Comedy', 'Drama', 'Romance']",6.984,3689,7.5321,1996-12-13,50000000,273600000,"['Tom Cruise', 'Renée Zellweger', 'Cuba Gooding Jr.', 'Kelly Preston', ""Jerry O'Connell"", 'Jay Mohr']","['career', 'sports', 'stadium', 'american football', 'single mother', 'thoughtful']"
968051,The Nun II,['Horror'],6.644,2450,7.5441,2023-09-06,38500000,269670590,"['Taissa Farmiga', 'Anna Popplewell', 'Jonas Bloquet', 'Storm Reid', 'Katelyn Rose Downey', ""Léontine d'Oncieu""]","['france', 'nun', 'halloween', 'bullying', 'sequel', 'priest', 'religion', 'church']"
792,Platoon,"['Drama', 'War', 'Action']",7.744,5076,7.0219,1986-12-19,6000000,138530565,"['Charlie Sheen', 'Willem Dafoe', 'Tom Berenger', 'Kevin Dillon', 'Forest Whitaker', 'Mark Moses']","['dying and death', 'vietnam war', 'helicopter', 'ambush', 'war crimes', 'village', 'mine', 'bunker']"
11969,Tombstone,"['Western', 'Action']",7.583,2436,7.7317,1993-12-25,25000000,73205065,"['Kurt Russell', 'Val Kilmer', 'Michael Biehn', 'Powers Boothe', 'Robert John Burke', 'Dana Delany']","['right and justice', 'saloon', 'arizona', 'retirement', 'historical figure', 'wyatt earp', 'doc holliday', 'gambler']"
634492,Madame Web,"['Action', 'Fantasy']",5.3,2559,6.7585,2024-02-14,80000000,100498764,"['Dakota Johnson', 'Sydney Sweeney', 'Isabela Merced', ""Celeste O'Connor"", 'Tahar Rahim', 'Mike Epps']","['new york city', 'spider', 'based on comic', 'teenage girl', 'super power', 'paramedic', 'manhattan, new york city', 'spider web']"
755,From Dusk Till Dawn,"['Horror', 'Action', 'Thriller', 'Crime']",7.042,6468,6.963,1996-01-19,19000000,25800000,"['George Clooney', 'Quentin Tarantino', 'Harvey Keitel', 'Juliette Lewis', 'Ernest Liu', 'Salma Hayek Pinault']","['dancing', 'showdown', 'sheriff', 'sibling relationship', 'vampire', 'bank robber', 'holy water', 'siege']"
147441,Exodus: Gods and Kings,"['Adventure', 'Drama', 'Action']",5.884,4837,7.8447,2014-12-03,140000000,268031828,"['Christian Bale', 'Joel Edgerton', 'Ben Kingsley', 'John Turturro', 'Aaron Paul', 'Golshifteh Farahani']","['moses', 'bible', 'racism', 'slave', 'ancient egypt', 'old testament', 'angry', 'aggressive']"
11836,The SpongeBob SquarePants Movie,"['Adventure', 'Animation', 'Comedy', 'Family', 'Fantasy']",7.1,3175,8.1552,2004-11-19,30000000,141067890,"['Tom Kenny', 'Clancy Brown', 'Rodger Bumpass', 'Bill Fagerbakke', 'Mr. Lawrence', 'Jill Talley']","['sea', 'ocean', 'falsely accused', 'mermaid', 'villain', 'crown', 'squid', 'crab']"
537971,Mia,"['Drama', 'Documentary']",6.156,32,7.5494,2017-12-17,0,0,"['Aya Wolf', 'Oriol Colomar']","['sadomasochism', 'sexual humiliation', 'sexual sadism', 'humiliation', 'cumshot', 'rough sex', 'bdsm', 'boyfriend girlfriend relationship']"
62211,Monsters University,"['Animation', 'Family']",7.046,11272,8.1302,2013-06-19,200000000,743559465,"['Billy Crystal', 'John Goodman', 'Steve Buscemi', 'Helen Mirren', 'Peter Sohn', 'Joel Murray']","['friendship', 'monster', 'door', 'training camp', 'dormitory', 'feud', 'bully', 'prequel']"
10386,The Iron Giant,"['Animation', 'Drama', 'Family', 'Science Fiction']",7.952,6135,6.5579,1999-08-06,50000000,23300000,"['Jennifer Aniston', 'Harry Connick Jr.', 'Vin Diesel', 'James Gammon', 'Cloris Leachman', 'Christopher McDonald']","['friendship', 'small town', 'based on novel or book', 'self sacrifice', 'cold war', 'villain', 'alien', 'meteorite']"
157350,Divergent,"['Action', 'Adventure', 'Science Fiction']",6.904,13433,8.1043,2014-03-14,85000000,288885818,"['Shailene Woodley', 'Theo James', 'Zoë Kravitz', 'Miles Teller', 'Jai Courtney', 'Ansel Elgort']","['mind control', 'future', 'based on novel or book', 'dystopia', 'injection', 'futuristic', 'transhumanism', 'individuality']"
2668,Sleepy Hollow,"['Fantasy', 'Thriller', 'Mystery', 'Horror']",7.19,7338,7.2926,1999-11-19,100000000,206071526,"['Johnny Depp', 'Christina Ricci', 'Miranda Richardson', 'Michael Gambon', 'Casper Van Dien', 'Jeffrey Jones']","['small town', 'police detective', 'gothic', 'new york state', 'skeptic', 'autumn', '19th century', 'headless horseman']"
264660,Ex Machina,"['Drama', 'Science Fiction']",7.573,14208,7.4306,2015-01-21,15000000,36869414,"['Domhnall Gleeson', 'Alicia Vikander', 'Oscar Isaac', 'Sonoya Mizuno', 'Corey Johnson', 'Claire Selby']","['android', 'dancing', 'friendship', 'man vs machine', 'distrust', 'artificial intelligence (a.i.)', 'isolation', 'technology']"
206487,Predestination,"['Science Fiction', 'Thriller']",7.415,7055,7.2114,2014-08-28,5500000,4942449,"['Ethan Hawke', 'Sarah Snook', 'Noah Taylor', 'Christopher Kirby', 'Madeleine West', 'Jim Knobeloch']","['mission', 'orphanage', 'pregnancy', 'bomber', 'secret organization', 'time travel', 'bartender', 'time machine']"
1249508,Grizzly Night,"['Horror', 'Thriller', 'Drama']",0.0,0,7.0962,2026-07-02,3000000,0,"['Charles Esten', 'Oded Fehr', 'Brec Bassinger', 'Joel Johnstone', 'Lauren Call', 'Jack Griffo']","['based on true story', 'bear', 'somber', 'independent film', 'horror', 'thriller', 'tragic']"
1249508,Grizzly Night,"['Horror', 'Thriller', 'Drama']",0.0,0,7.0962,2026-07-02,3000000,0,"['Charles Esten', 'Oded Fehr', 'Brec Bassinger', 'Joel Johnstone', 'Lauren Call', 'Jack Griffo']","['based on true story', 'bear', 'somber', 'independent film', 'horror', 'thriller', 'tragic']"
1167898,Straight,['Romance'],7.0,20,7.8249,2024-11-21,0,0,"['Alejandro Speitzer', 'Franco Masini', 'Bárbara López']","['lgbt', 'bisexual man', 'gay theme']"
581392,Peninsula,"['Horror', 'Action', 'Thriller', 'Adventure']",6.7,2569,7.2036,2020-07-15,17000000,42698327,"['Gang Dong-won', 'Lee Jung-hyun', 'Lee Re', 'Kwon Hae-hyo', 'Kim Min-jae', 'Koo Kyo-hwan']","['dystopia', 'halloween', 'sequel', 'zombie', 'busan, south korea', 'south korea']"
753342,Napoleon,"['History', 'War', 'Romance']",6.307,3070,8.0637,2023-11-22,165000000,222435664,"['Joaquin Phoenix', 'Vanessa Kirby', 'Tahar Rahim', 'Rupert Everett', 'Mark Bonnar', 'Paul Rhys']","['empire', 'france', 'general', 'biography', 'napoleon bonaparte', 'based on true story', 'napoleonic wars', '18th century']"
339846,Baywatch,"['Comedy', 'Action', 'Crime']",6.084,8481,8.1227,2017-05-25,69000000,177900000,"['Dwayne Johnson', 'Zac Efron', 'Priyanka Chopra Jonas', 'Alexandra Daddario', 'Kelly Rohrbach Walton', 'Ilfenesh Hadera']","['drug dealer', 'sea', 'beach', 'life-saver', 'lifeguard', 'rookie', 'vigilantism']"
1954,The Butterfly Effect,"['Science Fiction', 'Thriller']",7.576,8194,7.3803,2004-01-17,13000000,96800000,"['Ashton Kutcher', 'Amy Smart', 'Melora Walters', 'Elden Henson', 'William Lee Scott', 'Eric Stoltz']","['prison', 'mind control', 'child abuse', 'amnesia', 'sacrifice', 'chaos theory', 'blackout', 'trauma']"
1079536,Too Beautiful To Lie,"['Comedy', 'Romance']",7.5,2,6.0529,2023-05-20,0,0,"['Zhang Ruonan', 'Wu Yuhan', 'Wu Yanshu', 'Du Xiaoyu', 'Wang Chengsi', 'Bu Guanjin']",[]
415,Batman & Robin,"['Action', 'Science Fiction', 'Adventure']",4.392,5389,6.8792,1997-06-20,125000000,238207122,"['George Clooney', ""Chris O'Donnell"", 'Arnold Schwarzenegger', 'Uma Thurman', 'Alicia Silverstone', 'Michael Gough']","['dual identity', 'double life', 'crime fighter', 'superhero', 'ice age', 'based on comic', 'credit card', 'robin']"
2280,Big,"['Fantasy', 'Drama', 'Comedy']",7.185,4024,7.0089,1988-06-03,18000000,151927281,"['Tom Hanks', 'Elizabeth Perkins', 'Robert Loggia', 'John Heard', 'Jared Rushton', 'David Moscow']","['baseball', 'coming of age', 'best friend', 'co-workers relationship', 'body-swap', 'magic realism', 'bronx, new york city', 'nostalgic']"
4257,Scary Movie 4,['Comedy'],5.483,3566,6.8236,2006-04-12,40000000,178710620,"['Anna Faris', 'Regina Hall', 'Craig Bierko', 'Bill Pullman', 'Anthony Anderson', 'Leslie Nielsen']","['haunted house', 'haunting', 'parody', 'alien life-form', 'riesen-ipod', 'sequel', 'crude humor', 'spoof']"
11012,Damage,"['Drama', 'Romance']",6.6,671,7.7942,1992-12-02,11000000,31000000,"['Jeremy Irons', 'Juliette Binoche', 'Miranda Richardson', 'Rupert Graves', 'Peter Stormare', 'Gemma Clarke']","['london, england', 'sibling relationship', 'loss of loved one', 'longing', 'politician', 'scandal', 'in flagranti', 'femme fatale']"
177677,Mission: Impossible - Rogue Nation,"['Action', 'Adventure']",7.223,9681,6.1683,2015-07-28,150000000,682716636,"['Tom Cruise', 'Jeremy Renner', 'Simon Pegg', 'Rebecca Ferguson', 'Ving Rhames', 'Sean Harris']","['mask', 'mission', 'assassin', 'london, england', 'spy', 'morocco', 'villain', 'fake identity']"
109439,The Hangover Part III,['Comedy'],6.208,9205,6.8403,2013-05-23,103000000,362000072,"['Bradley Cooper', 'Ed Helms', 'Zach Galifianakis', 'Justin Bartha', 'Ken Jeong', 'John Goodman']",['las vegas']
7518,Over the Hedge,"['Adventure', 'Animation', 'Comedy', 'Family']",6.592,4814,6.7986,2006-05-17,80000000,343397247,"['Bruce Willis', 'Garry Shandling', 'Steve Carell', 'Wanda Sykes', 'William Shatner', 'Nick Nolte']","['suburbian idyll', 'garbage', 'entrapment', 'squirrel', 'garden', 'grizzly bear', 'villain', 'turtle']"
15512,Monsters vs Aliens,"['Animation', 'Family', 'Adventure', 'Science Fiction']",6.2,4935,7.8142,2009-03-19,175000000,381509870,"['Reese Witherspoon', 'Hugh Laurie', 'Rainn Wilson', 'Will Arnett', 'Kiefer Sutherland', 'Paul Rudd']","['monster', 'villain', 'alien', 'giant robot', 'aftercreditsstinger', 'duringcreditsstinger', '3d']"
1233575,Black Bag,"['Drama', 'Mystery', 'Thriller']",6.358,1210,7.335,2025-03-12,50000000,43887905,"['Cate Blanchett', 'Michael Fassbender', 'Tom Burke', 'Marisa Abela', 'Regé-Jean Page', 'Naomie Harris']","['london, england', 'husband wife relationship', 'spy', 'marriage', 'suspicion', 'dinner', 'intelligence officer', 'calm']"
9982,Chicken Little,"['Animation', 'Family', 'Comedy']",5.907,4135,7.6032,2005-11-04,150000000,314400000,"['Zach Braff', 'Garry Marshall', 'Don Knotts', 'Amy Sedaris', 'Steve Zahn', 'Joan Cusack']","['fish', 'small town', 'space marine', 'superhero', 'chicken', 'cartoon', 'alien', 'coming of age']"
1405185,Mama's Boy,['Drama'],3.3,3,6.5755,2024-12-31,0,0,"['VR Relosa', 'Sahara Bernales', 'Josh Ivan Morales', 'Stephanie Raz', 'Ada Hermosa', 'Marijoy Cacho']",['sexy']
22794,Cloudy with a Chance of Meatballs,"['Animation', 'Comedy', 'Family']",6.656,6429,7.1086,2009-09-17,100000000,242988466,"['Bill Hader', 'Anna Faris', 'James Caan', 'Andy Samberg', 'Bruce Campbell', 'Mr. T']","['inventor', 'weather', 'food', ""based on children's book"", 'hopeful']"
100402,Captain America: The Winter Soldier,"['Action', 'Adventure', 'Science Fiction']",7.653,19943,7.2478,2014-03-20,170000000,714766572,"['Chris Evans', 'Samuel L. Jackson', 'Scarlett Johansson', 'Robert Redford', 'Sebastian Stan', 'Anthony Mackie']","['washington dc, usa', 'superhero', 'based on comic', 'aftercreditsstinger', 'duringcreditsstinger', 'marvel cinematic universe (mcu)', 'political thriller']"
100402,Captain America: The Winter Soldier,"['Action', 'Adventure', 'Science Fiction']",7.653,19943,7.2478,2014-03-20,170000000,714766572,"['Chris Evans', 'Samuel L. Jackson', 'Scarlett Johansson', 'Robert Redford', 'Sebastian Stan', 'Anthony Mackie']","['washington dc, usa', 'superhero', 'based on comic', 'aftercreditsstinger', 'duringcreditsstinger', 'marvel cinematic universe (mcu)', 'political thriller']"
1461254,Salmokji: Whispering Water,"['Horror', 'Thriller']",6.0,2,6.7176,2026-04-08,2020000,17450000,"['Kim Hye-yoon', 'Lee Jong-won', 'Kim Jun-han', 'Kim Young-sung', 'Oh Dong-min', 'Yoon Jae-chan']","['investigation', 'suspense', 'female ghost']"
1924,Superman,"['Science Fiction', 'Action', 'Adventure']",7.161,4252,8.0626,1978-12-14,55000000,300478449,"['Christopher Reeve', 'Margot Kidder', 'Gene Hackman', 'Marlon Brando', 'Ned Beatty', 'Jackie Cooper']","['galaxy', 'journalist', 'saving the world', 'secret identity', 'crime fighter', 'superhero', 'nuclear missile', 'based on comic']"
749170,Heads of State,"['Action', 'Thriller', 'Comedy']",6.813,1028,7.0738,2025-06-24,100,0,"['John Cena', 'Idris Elba', 'Priyanka Chopra Jonas', 'Paddy Considine', 'Carla Gugino', 'Stephen Root']","['usa president', 'head of state', 'mi6', 'british prime minister', 'duringcreditsstinger', 'hilarious', 'amused']"
19908,Zombieland,"['Comedy', 'Horror']",7.26,13119,7.6792,2009-10-02,23600000,102391540,"['Jesse Eisenberg', 'Woody Harrelson', 'Emma Stone', 'Abigail Breslin', 'Amber Heard', 'Bill Murray']","['washington dc, usa', 'sibling relationship', 'saving the world', 'circus', 'post-apocalyptic future', 'gore', 'parody', 'road trip']"
346910,The Predator,"['Science Fiction', 'Action', 'Thriller']",5.624,5124,6.7689,2018-09-05,88000000,160542134,"['Boyd Holbrook', 'Trevante Rhodes', 'Sterling K. Brown', 'Jacob Tremblay', 'Keegan-Michael Key', 'Olivia Munn']","['predator', 'sequel', 'alien', 'creature', 'alien invasion', 'military']"
228967,The Interview,"['Action', 'Comedy']",6.188,6209,6.8201,2014-12-25,44000000,12342632,"['James Franco', 'Seth Rogen', 'Lizzy Caplan', 'Randall Park', 'Diana Bang', 'Timothy Simons']","['central intelligence agency (cia)', 'socialism', ""coup d'etat"", 'assassination attempt', 'evil dictator', 'north korea', 'disdainful', 'disgusted']"
669356,You Can't Win,['Drama'],6.0,5,7.1097,2026-02-17,0,0,"['Michael Pitt', 'Jeremy Allen White', 'Hannah Marks', 'Will Patton', 'Charles Baker', 'Julia Garner']","['literary adaptation', 'hobo', 'biographical drama']"
318846,The Big Short,"['Comedy', 'Drama']",7.366,9806,7.2999,2015-12-11,28000000,133346506,"['Steve Carell', 'Christian Bale', 'Ryan Gosling', 'Brad Pitt', 'Marisa Tomei', 'Melissa Leo']","['based on novel or book', 'bank', 'fraud', 'wall street', 'biography', 'based on true story', 'finances', 'animated scene']"
287947,Shazam!,"['Action', 'Comedy', 'Fantasy']",6.977,10170,7.7446,2019-03-29,80000000,367799011,"['Zachary Levi', 'Mark Strong', 'Asher Angel', 'Jack Dylan Grazer', 'Adam Brody', 'Djimon Hounsou']","['philadelphia, pennsylvania', 'magic', 'secret identity', 'superhero', 'based on comic', 'wizard', 'superhuman strength', 'aftercreditsstinger']"
153,Lost in Translation,"['Drama', 'Comedy', 'Romance']",7.382,8049,7.223,2003-09-18,4000000,119723856,"['Bill Murray', 'Scarlett Johansson', 'Giovanni Ribisi', 'Anna Faris', 'Akiko Takeshita', 'Kazuyoshi Minamimagoe']","['hotel room', 'adultery', 'japan', 'unsociability', 'upper class', 'pop star', 'age difference', 'photographer']"
1543138,The Stars and the Moon are Holes in the Sky,['Drama'],4.0,1,7.7294,2025-12-19,0,0,"['Go Ayano', 'Sakuya', 'Rena Tanaka', 'Tasuku Emoto', 'Junko Miyashita', 'Akari Misaki']",['based on novel or book']
227,The Outsiders,"['Crime', 'Drama']",7.193,1539,7.8558,1983-03-25,10000000,33697647,"['C. Thomas Howell', 'Matt Dillon', 'Ralph Macchio', 'Patrick Swayze', 'Rob Lowe', 'Emilio Estevez']","['street gang', 'based on novel or book', ""children's home"", 'coming of age', 'gang', 'juvenile delinquent', 'tulsa, oklahoma', 'based on young adult novel']"
589761,Chernobyl: Abyss,"['Drama', 'History', 'Action']",6.2,572,6.2188,2021-04-15,9100000,6459306,"['Danila Kozlovsky', 'Oksana Akinshina', 'Philipp Avdeev', 'Ravshana Kurkova', 'Arthur Beschastny', 'Nikolay Kozak']","['diving', 'radiation', 'affectation', 'melancholy', 'based on true story', 'nostalgic', 'firefighter', 'mysterious']"
1700,Misery,"['Drama', 'Thriller']",7.747,5205,7.9313,1990-11-30,20000000,61300000,"['Kathy Bates', 'James Caan', 'Richard Farnsworth', 'Lauren Bacall', 'Frances Sternhagen', 'Graham Jarvis']","['based on novel or book', 'nurse', 'psychopath', 'colorado', 'car crash', 'author', 'slasher', 'psychological thriller']"
42337,Beau Pere,"['Drama', 'Romance']",6.564,141,7.6186,1981-09-16,0,0,"['Patrick Dewaere', 'Ariel Besse', 'Maurice Ronet', 'Geneviève Mnich', 'Maurice Risch', 'Nathalie Baye']","['lolita', 'jazz', 'job-hopping', 'stepfather', 'breaking the fourth wall', 'teenage girl', 'tenant', 'car accident']"
4234,Scream 3,"['Horror', 'Mystery']",6.011,4029,6.8736,2000-02-04,40000000,161838076,"['David Arquette', 'Neve Campbell', 'Courteney Cox', 'Patrick Dempsey', 'Scott Foley', 'Lance Henriksen']","['mask', 'isolation', 'movie business', 'ex-cop', 'sequel', 'serial killer', 'reporter', 'slasher']"
5915,Into the Wild,"['Adventure', 'Drama']",7.795,10109,7.0705,2007-09-21,15000000,56255142,"['Emile Hirsch', 'Marcia Gay Harden', 'William Hurt', 'Jena Malone', 'Brian H. Dierker', 'Catherine Keener']","['parent child relationship', 'self-discovery', 'camping', 'wilderness', 'biography', 'based on true story', 'road trip', 'alaska']"
1576369,Bharathanatyam 2 Mohiniyattam,"['Comedy', 'Thriller']",7.8,3,7.8227,2026-04-10,0,0,"['Saiju Kurup', 'Kalaranjini', 'Swathi Das Prabhu', 'Sruthy Suresh', 'Baby Jean', 'Jinil Rex']","['dark comedy', 'family secrets', 'dark humor']"
454640,The Angry Birds Movie 2,"['Animation', 'Adventure', 'Comedy', 'Family']",7.045,1871,9.2525,2019-08-02,65000000,137792047,"['Jason Sudeikis', 'Josh Gad', 'Danny McBride', 'Leslie Jones', 'Bill Hader', 'Rachel Bloom']","['island', 'rivalry', 'sequel', 'family', 'based on video game', 'animal kingdom', 'unassuming', 'irreverent']"
10315,Fantastic Mr. Fox,"['Adventure', 'Animation', 'Comedy', 'Family']",7.825,6067,7.0576,2009-10-14,40000000,46471023,"['George Clooney', 'Robin Hurlstone', 'Meryl Streep', 'Jason Schwartzman', 'Eric Chase Anderson', 'Wallace Wolodarsky']","['based on novel or book', 'tree', 'peasant', 'fox', 'affectation', 'villain', 'cider', 'tale']"
492101,New Golden Lotus  I,"['Drama', 'Romance']",6.8,9,7.7267,1996-03-08,0,0,"['Pal Sinn Lap-Man', 'Asami Kanno', 'Choi Mei-yau', 'Eddie Koo Koon Chung', 'Tseng Ya-chun']",[]
82695,Les Misérables,"['History', 'Drama']",7.307,5560,7.4227,2012-12-18,61000000,442636309,"['Hugh Jackman', 'Russell Crowe', 'Amanda Seyfried', 'Anne Hathaway', 'Eddie Redmayne', 'Sacha Baron Cohen']","['rebellion', 'army', 'robbery', 'france', 'based on novel or book', 'love triangle', 'love at first sight', 'brothel']"
1367125,Gaua (The Night),"['Drama', 'Horror', 'Fantasy']",6.24,48,6.9169,2025-11-13,0,0,"['Yune Nogueiras', 'Ane Gabarain', 'Elena Irureta', 'Iñake Irastorza', 'Xabi «Jabato» López', 'Erika Olaizola']","['basque country, spain', 'based on myths, legends or folklore', '17th century']"
296099,Vacation,"['Comedy', 'Adventure']",6.306,3970,7.1372,2015-07-28,31000000,104400000,"['Ed Helms', 'Christina Applegate', 'Skyler Gisondo', 'Steele Stebbins', 'Chris Hemsworth', 'Leslie Mann']","['route 66', 'vacation', 'grand canyon', 'dysfunctional family', 'road trip', 'sequel', 'family vacation', 'amusement park']"
1280282,Gabby's Dollhouse: The Movie,"['Family', 'Comedy', 'Adventure', 'Animation']",6.739,71,7.1011,2025-09-13,32000000,80322142,"['Laila Lockhart Kraner', 'Gloria Estefan', 'Kristen Wiig', 'Logan Bailey', 'Eduardo Franco', 'Juliet Donenfeld']","['friendship', 'magic', 'cat', 'mermaid', 'musical', 'coming of age', 'growing up', 'breaking the fourth wall']"
11230,Drunken Master,"['Action', 'Comedy']",7.4,1096,8.1534,1978-10-05,0,16483650,"['Jackie Chan', 'Simon Yuen Siu-Tien', 'Hwang Jang-Lee', 'Dean Shek Tin', 'Hsu Hsia', 'Linda Lin Ying']","['martial arts', 'kung fu', 'trainer', 'sake', 'uncle', 'dojo', 'master', 'drunken master']"
964980,Air,"['Drama', 'History']",7.281,2312,5.0404,2023-04-05,80000000,90100000,"['Matt Damon', 'Jason Bateman', 'Ben Affleck', 'Chris Messina', 'Viola Davis', 'Julius Tennon']","['sports', 'based on true story', 'basketball', 'shoe', 'national basketball association (nba)', 'duringcreditsstinger', '1980s']"
193756,Lone Survivor,"['War', 'Action', 'Drama']",7.428,4721,7.6329,2013-12-24,40000000,149295601,"['Mark Wahlberg', 'Taylor Kitsch', 'Emile Hirsch', 'Ben Foster', 'Eric Bana', 'Ali Suliman']","['based on novel or book', 'fight', 'afghanistan', 'biography', 'based on true story', 'taliban', 'survival', 'u.s. navy seal']"
762504,Nope,"['Horror', 'Science Fiction']",6.821,4842,6.8287,2022-07-20,68000000,171932082,"['Daniel Kaluuya', 'Keke Palmer', 'Brandon Perea', 'Michael Wincott', 'Steven Yeun', 'Wrenn Schmidt']","['california', 'exploitation', 'death of father', 'alien', 'ufo', 'social commentary', 'alien invasion', 'alien contact']"
941,Lethal Weapon,"['Action', 'Thriller', 'Crime']",7.292,5018,6.7639,1987-03-06,15000000,120207127,"['Mel Gibson', 'Danny Glover', 'Gary Busey', 'Mitchell Ryan', 'Tom Atkins', 'Darlene Love']","['showdown', 'police', 'self-destruction', 'mixed martial arts (mma)', 'los angeles, california', 'police detective', 'ex soldier', 'buddy cop']"
1469458,Sambhavam Adhyayam Onnu,"['Fantasy', 'Thriller', 'Drama']",5.8,5,7.3448,2026-03-06,0,0,"['Askar Ali', 'Vineeth Kumar', 'Sidharth Bharathan', 'Assim Jamal', 'Senthil Krishna Rajamani', 'Sreekanth Dasan']","['time loop', 'trapped soul', 'haunted forest']"
71676,Ghost Rider: Spirit of Vengeance,"['Action', 'Fantasy', 'Thriller']",5.008,4046,7.1094,2011-12-10,57000000,132563930,"['Nicolas Cage', 'Fergus Riordan', 'Violante Placido', 'Ciarán Hinds', 'Johnny Whitworth', 'Idris Elba']","['dying and death', 'skeleton', 'angel', 'monk', 'superhero', 'anti hero', 'eastern europe', 'cult']"
1173357,The Devil in Her,"['Horror', 'Drama']",7.0,1,6.7948,1974-11-27,0,0,"['Kimmy Got Kim-Ching', 'David Lau Chi-Wing', 'Wan Lau-Mei', 'Dao-Hung Lee', 'Elaine Jin Yan-Ling', 'Kong Man-Sing']",[]
1729,The Forbidden Kingdom,"['Action', 'Adventure', 'Fantasy']",6.629,1898,6.7067,2008-04-17,55000000,127906624,"['Jackie Chan', 'Jet Li', 'Michael Angarano', 'Liu Yifei', 'Li Bingbing', 'Collin Chou']","['martial arts', 'based on novel or book', 'temple', 'legend', 'villainess', 'time travel', 'fistfight', 'shaolin']"
884605,No Hard Feelings,"['Comedy', 'Romance']",6.677,3788,6.7988,2023-06-15,45000000,83000000,"['Jennifer Lawrence', 'Andrew Barth Feldman', 'Laura Benanti', 'Natalie Morales', 'Matthew Broderick', 'Scott MacArthur']","['friendship', 'older woman seduces younger guy', 'romcom', 'summer', 'new york state', 'teen comedy', 'hometown', 'bankruptcy']"
406759,Moonfall,"['Science Fiction', 'Adventure', 'Action']",6.254,3559,6.3695,2022-02-02,146000000,67319703,"['Halle Berry', 'Patrick Wilson', 'John Bradley', 'Charlie Plummer', 'Kelly Yu', 'Michael Peña']","['moon', 'looting', 'space travel', 'flooding', 'lost civilisation', 'alien life-form', 'stepfather', 'end of the world']"
1421552,Panda Plan: The Magical Tribe,"['Action', 'Comedy', 'Family', 'Fantasy']",6.667,9,6.1901,2026-02-17,0,0,"['Jackie Chan', 'Ma Li', 'Qiao Shan', 'Yu Yang', 'Wang Yinglu', 'Zhang Zidong']","['friendship', 'hero', 'tribe', 'forest', 'panda', 'family', 'fantasy', 'comedy']"
399713,Hidden Passion,"['Drama', 'Crime']",5.5,6,7.7659,1991-12-12,0,0,"['Asuka Tamami', 'Ng Jan-Wai', 'Lau Wai-Han', 'Chun Hung']",[]
928358,Grand Jete,['Drama'],4.936,47,7.4022,2022-09-20,0,0,"['Sarah Grether', 'Emil von Schönfels', 'Susanne Bredehöft', 'Stefan Rudolf', 'Ellen Müller', 'Maya Kornev']","['dance', 'dancer', 'mother role', 'ballet dancer', 'incest', 'boundary violations', 'ballerina', 'mother son relationship']"
399713,Hidden Passion,"['Drama', 'Crime']",5.5,6,7.7659,1991-12-12,0,0,"['Asuka Tamami', 'Ng Jan-Wai', 'Lau Wai-Han', 'Chun Hung']",[]
928358,Grand Jete,['Drama'],4.936,47,7.4022,2022-09-20,0,0,"['Sarah Grether', 'Emil von Schönfels', 'Susanne Bredehöft', 'Stefan Rudolf', 'Ellen Müller', 'Maya Kornev']","['dance', 'dancer', 'mother role', 'ballet dancer', 'incest', 'boundary violations', 'ballerina', 'mother son relationship']"
228161,Home,"['Fantasy', 'Comedy', 'Animation', 'Science Fiction', 'Family']",6.8,4208,7.9073,2015-03-18,135000000,368871007,"['Jim Parsons', 'Rihanna', 'Steve Martin', 'Jennifer Lopez', 'Matt Jones', 'Brian Stepanek']","['spacecraft', 'villain', 'alien', 'space', 'alien invasion', 'aftercreditsstinger', 'duringcreditsstinger', 'alien friendship']"
279,Amadeus,"['History', 'Music', 'Drama']",8.0,4737,7.4431,1984-09-19,18000000,90007557,"['F. Murray Abraham', 'Tom Hulce', 'Elizabeth Berridge', 'Simon Callow', 'Roy Dotrice', 'Christine Ebersole']","['opera', 'composer', 'musician', 'marriage crisis', 'italy', 'talent', 'emperor', 'austria']"
24402,Emmanuelle,"['Drama', 'Romance']",5.964,811,7.5709,1974-06-25,500000,20200000,"['Sylvia Kristel', 'Alain Cuny', 'Marika Green', 'Daniel Sarky', 'Jeanne Colletin', 'Christine Boisson']","['infidelity', 'airplane', 'eroticism', 'bangkok, thailand', 'sexual fantasy', 'sexual arousal', 'promiscuity', 'softcore']"
12493,High and Low,"['Drama', 'Crime', 'Thriller', 'Mystery']",8.36,1117,7.5066,1963-03-01,250000,0,"['Toshirō Mifune', 'Tatsuya Nakadai', 'Kyōko Kagawa', 'Tatsuya Mihashi', 'Isao Kimura', 'Kenjirō Ishiyama']","['chauffeur', 'police', 'ransom', 'manager', 'kidnapping', 'blackmail', 'heroin', 'film noir']"
13183,Watchmen,"['Mystery', 'Action', 'Science Fiction']",7.353,9952,8.4651,2009-03-04,130000000,185258983,"['Malin Åkerman', 'Patrick Wilson', 'Billy Crudup', 'Matthew Goode', 'Jackie Earle Haley', 'Jeffrey Dean Morgan']","['usa president', 'nuclear war', 'mass murder', 'secret identity', 'narration', 'soviet union', 'melancholy', 'retirement']"
353486,Jumanji: Welcome to the Jungle,"['Adventure', 'Comedy', 'Fantasy', 'Action']",6.818,14436,7.0873,2017-12-09,90000000,995339117,"['Dwayne Johnson', 'Kevin Hart', 'Jack Black', 'Karen Gillan', 'Rhys Darby', 'Bobby Cannavale']","['video game', 'fighter', 'sequel', 'detention', 'explorer', 'based on movie', 'gaming', 'quest']"
1135847,Mimi Cucu Part 2,"['Drama', 'Horror', 'Romance']",0.0,0,6.221,2023-05-06,0,0,[],[]
1437256,Just Once Before l Die,['Drama'],4.0,1,7.0596,2025-02-14,0,0,"['Hong Jin-gi', 'Oh Ji-Yoon', 'Yang Seung-soo', 'Kim Dong-yeon', 'Seo Jin-won']",['softcore']
1637,Speed,"['Action', 'Thriller']",7.151,6806,7.7394,1994-06-09,30000000,350448145,"['Keanu Reeves', 'Dennis Hopper', 'Sandra Bullock', 'Joe Morton', 'Jeff Daniels', 'Alan Ruck']","['s.w.a.t.', 'bomber', 'bus bomb', 'los angeles, california', 'falling elevator', 'bomb planting', 'lapd', 'trapped in an elevator']"
53182,300: Rise of an Empire,"['Action', 'Drama', 'War']",6.116,6928,7.6377,2014-03-05,110000000,337580051,"['Sullivan Stapleton', 'Eva Green', 'Lena Headey', 'Callan Mulvey', 'David Wenham', 'Rodrigo Santoro']","['based on comic', 'sword fight', 'soldier', 'massacre', 'slow motion', 'based on graphic novel', 'ancient greece', 'duringcreditsstinger']"
718789,Lightyear,"['Animation', 'Science Fiction', 'Family', 'Adventure']",6.875,3773,6.8012,2022-06-15,200000000,226425420,"['Chris Evans', 'Keke Palmer', 'Peter Sohn', 'Taika Waititi', 'Dale Soules', 'James Brolin']","['time warp', 'villain', 'time travel', 'space travel', 'alien life-form', 'alien planet', 'stranded', 'spin off']"
1477642,Our House,"['Horror', 'Thriller']",6.333,6,6.1172,2025-12-04,0,0,"['Teeradetch Metawarayut', 'Sarunrat Puagpipat', 'Pichsinee Veerasuthima', 'Viyada Umarin', 'Witsarut Himmarat', 'Pacharapon Jantieng']",[]
103663,The Hunt,['Drama'],8.096,4731,6.4762,2012-10-25,3800000,18300000,"['Mads Mikkelsen', 'Thomas Bo Larsen', 'Annika', 'Lasse Fogelstrøm', 'Susse Wold', 'Anne Louise Hassing']","['pedophilia', 'denmark', 'parent child relationship', 'lie', 'father', 'kindergarten', 'teacher', 'tragedy']"
76163,The Expendables 2,"['Action', 'Adventure', 'Thriller']",6.354,7154,6.7374,2012-08-08,100000000,314975955,"['Sylvester Stallone', 'Jason Statham', 'Jet Li', 'Dolph Lundgren', 'Chuck Norris', 'Jean-Claude Van Damme']","['airplane', 'loss of loved one', 'mercenary', 'airplane crash', 'beard', 'airport lounge', 'asian woman']"
937278,A Man Called Otto,"['Comedy', 'Drama']",7.75,3560,6.9361,2022-12-28,50000000,113360085,"['Tom Hanks', 'Mariana Treviño', 'Cameron Britton', 'Mack Bayda', 'Manuel Garcia-Rulfo', 'Juanita Jennings']","['friendship', 'based on novel or book', 'suicide attempt', 'melancholy', 'flashback', 'remake', 'miscarriage', 'new neighbor']"
930094,"Red, White & Royal Blue","['Comedy', 'Romance']",7.927,1539,7.3003,2023-07-27,20000000,0,"['Taylor Zakhar Perez', 'Nicholas Galitzine', 'Uma Thurman', 'Clifton Collins Jr.', 'Rachel Hilson', 'Sarah Shahi']","['based on novel or book', 'politics', 'prince', 'royal family', 'royalty', 'lgbt', 'gay theme', 'gay relationship']"
838209,Exhuma,"['Mystery', 'Horror', 'Thriller']",7.512,670,7.7671,2024-02-22,0,97974828,"['Choi Min-sik', 'Kim Go-eun', 'Yoo Hai-jin', 'Lee Do-hyun', 'Kim Jae-chul', 'Jeon Jin-gi']","['ritual', 'coffin', 'exorcism', 'curse', 'shaman', 'undertaker', 'illness', 'tomb']"
140240,The Weapon,['Drama'],7.7,3,6.039,2012-03-02,0,0,"['Dmitry Palamarchuk', 'Ilya Noskov', 'Svetlana Schedrina', 'Anton Bagrov', 'Anton Pulit', 'Sergey Galich']",[]
70160,The Hunger Games,"['Science Fiction', 'Adventure', 'Action', 'Thriller']",7.222,23238,7.0587,2012-03-12,75000000,694000000,"['Jennifer Lawrence', 'Josh Hutcherson', 'Liam Hemsworth', 'Woody Harrelson', 'Elizabeth Banks', 'Lenny Kravitz']","['based on novel or book', 'revolution', 'dystopia', 'monarchy', 'female protagonist', 'fashion', 'bow and arrow', 'game']"
381283,mother!,"['Horror', 'Drama']",6.96,7082,6.7215,2017-09-13,30000000,44516999,"['Jennifer Lawrence', 'Javier Bardem', 'Ed Harris', 'Michelle Pfeiffer', 'Brian Gleeson', 'Domhnall Gleeson']","['husband wife relationship', 'nightmare', 'nihilism', 'chaos', 'pregnancy', 'bible', 'house', 'vandalism']"
1118031,Apocalypse Z: The Beginning of the End,"['Drama', 'Action', 'Horror']",6.726,1232,6.7307,2024-10-04,0,500000,"['Francisco Ortiz', 'José María Yázpik', 'Berta Vázquez', 'Iria del Río', 'Marta Poveda', 'Amalia Gómez']","['based on novel or book', 'cat', 'human animal relationship', 'galicia, spain', 'contagion spread', 'zombie', 'neighbor neighbor relationship', 'zombie apocalypse']"
646,Dr. No,"['Adventure', 'Action', 'Thriller']",6.985,4029,7.2056,1962-10-07,1000000,59000000,"['Sean Connery', 'Ursula Andress', 'Joseph Wiseman', 'Jack Lord', 'Anthony Dawson', 'Zena Marshall']","['exotic island', 'london, england', 'space marine', 'card game', 'assassination', 'casino', 'based on novel or book', 'england']"
9276,The Faculty,"['Horror', 'Science Fiction']",6.559,2229,7.2143,1998-12-25,15000000,40283321,"['Josh Hartnett', 'Elijah Wood', 'Jordana Brewster', 'Clea DuVall', 'Shawn Hatosy', 'Laura Harris']","['drug dealer', 'high school', 'homophobia', 'paranoia', 'alien', 'teacher', 'alien invasion', 'drugs']"
715756,Dangerous Drugs of Sex,"['Thriller', 'Drama', 'Horror']",6.446,37,6.6394,2020-02-14,0,0,"['Takashi Kitadai', 'Sho Watanabe', 'Kohei Nagano', 'Ruri Shinato', 'Seiki Chiba', 'Sousuke Yamamoto']","['suicide attempt', 'sadomasochism', 'torture', 'based on manga', 'lgbt', 'captivity', 'gay theme', 'psychological']"
2649,The Game,"['Drama', 'Thriller', 'Mystery']",7.572,7298,7.5047,1997-09-12,50000000,109423648,"['Michael Douglas', 'Sean Penn', 'Deborah Kara Unger', 'James Rebhorn', 'Peter Donat', 'Carroll Baker']","['san francisco, california', 'manipulation', 'danger of life', 'puzzle', 'birthday present', 'conspiracy thriller']"
1261498,Thirteen Generals: Wind and the Cloud Rise Again,[],0.0,0,9.7462,2024-03-19,0,0,"['Wang Zhao', 'Guan Jinlin', 'Du Yiheng', 'Du Yuming', 'Yuen Cheung-Yan', 'Yucheng Cao']",[]
4256,Scary Movie 3,['Comedy'],5.962,4456,6.9553,2003-10-24,45000000,220673217,"['Anna Faris', 'Regina Hall', 'Simon Rex', 'Anthony Anderson', 'Charlie Sheen', 'Leslie Nielsen']","['halloween', 'parody', 'sequel', 'spoof', 'vhs', 'horror spoof', 'alien invasion', 'crop circle']"
438798,The Prison,"['Crime', 'Action']",7.005,108,6.616,2017-03-23,0,0,"['Han Suk-kyu', 'Kim Rae-won', 'Jung Woong-in', 'Jo Jae-yun', 'Shin Sung-rok', 'Jeon Bae-soo']","['corrupt system', 'power struggle', 'hand to hand combat', 'criminal organization', 'abuse of power', 'moral corruption', 'former detective', 'brutal violence']"
969492,Land of Bad,"['Action', 'War', 'Thriller']",7.248,1463,6.8493,2024-02-09,18000000,7021101,"['Liam Hemsworth', 'Russell Crowe', 'Luke Hemsworth', 'Ricky Whittle', 'Milo Ventimiglia', 'Chika Ikogwe']","['brotherhood', 'air force', 'battle', 'behind enemy lines', 'special ops', 'rescue operation', 'modern warfare', 'hostile territory']"
428045,Iron Mask,"['Action', 'Adventure', 'Family', 'Fantasy']",6.095,544,6.7232,2019-08-16,49000000,8685794,"['Jason Flemyng', 'Yao Xingtong', 'Anna Churina', 'Ma Li', 'Jackie Chan', 'Arnold Schwarzenegger']","['affectation', 'sequel', 'taunting', 'zealous', 'satirical', 'playful', 'inspirational', 'provocative']"
625976,It Feels So Good,"['Drama', 'Romance']",6.656,48,6.5559,2019-08-23,0,0,"['Tasuku Emoto', 'Kumi Takiuchi', 'Akira Emoto']",['based on novel or book']
398978,The Irishman,"['Crime', 'Drama', 'History']",7.575,7473,7.066,2019-11-01,159000000,968853,"['Robert De Niro', 'Al Pacino', 'Joe Pesci', 'Harvey Keitel', 'Ray Romano', 'Bobby Cannavale']","['chicago, illinois', 'philadelphia, pennsylvania', 'based on novel or book', 'hitman', 'war veteran', 'pennsylvania, usa', 'gangster', '1970s']"
6282,Coyote Ugly,"['Comedy', 'Drama', 'Music', 'Romance']",6.263,2267,7.3563,2000-07-30,45000000,113900000,"['Piper Perabo', 'Maria Bello', 'Bridget Moynahan', 'Tyra Banks', 'Izabella Miko', 'John Goodman']",['beautiful woman']
10483,Death Race,"['Action', 'Thriller', 'Science Fiction']",6.3,4112,7.1221,2008-08-22,45000000,76000000,"['Jason Statham', 'Joan Allen', 'Ian McShane', 'Tyrese Gibson', 'Natalie Martinez', 'Max Ryan']","['prison', 'martial arts', 'car race', 'dystopia', 'matter of life and death', 'car crash', 'prison guard', 'prison escape']"
15121,The Sound of Music,"['Drama', 'Family', 'Music', 'Romance']",7.732,3614,8.201,1965-03-29,8200000,286214286,"['Julie Andrews', 'Christopher Plummer', 'Eleanor Parker', 'Charmian Carr', 'Nicholas Hammond', 'Heather Menzies']","['resistance', 'world war ii', 'musical', 'austria', 'based on true story', 'music competition', 'based on play or musical', 'alps mountains']"
9584,Convoy,"['Action', 'Comedy', 'Drama']",6.293,421,6.0887,1978-06-27,12000000,45000000,"['Kris Kristofferson', 'Ali MacGraw', 'Burt Young', 'Madge Sinclair', 'Franklyn Ajaye', 'Brian Davies']","['police brutality', 'waitress', 'police', 'chase', 'fight', 'highway', 'protest', 'car crash']"
49046,All Quiet on the Western Front,"['War', 'Drama']",7.718,4636,7.326,2022-10-07,20000000,0,"['Felix Kammerer', 'Albrecht Schuch', 'Aaron Hilmer', 'Moritz Klaus', 'Adrian Grünewald', 'Edin Hasanović']","['based on novel or book', 'world war i', 'tank', 'battle', 'period drama', 'german soldier', '1910s', 'aircraft']"
312221,Creed,['Drama'],7.404,7925,7.5131,2015-11-25,37000000,173600000,"['Michael B. Jordan', 'Sylvester Stallone', 'Tessa Thompson', 'Phylicia Rashād', 'Andre Ward', 'Tony Bellew']","['underdog', 'mexico', 'philadelphia, pennsylvania', 'sports', 'mentor', 'trainer', 'cancer', 'spin off']"
259694,How to Be Single,"['Comedy', 'Romance']",6.253,3353,7.1196,2016-02-08,38000000,112343513,"['Dakota Johnson', 'Rebel Wilson', 'Leslie Mann', 'Alison Brie', 'Damon Wayans Jr.', 'Anders Holm']","['new york city', 'based on novel or book', 'one-night stand', 'single']"
7340,Carrie,"['Horror', 'Thriller']",7.331,4277,7.7151,1976-11-03,1800000,33800000,"['Sissy Spacek', 'Piper Laurie', 'Amy Irving', 'William Katt', 'John Travolta', 'Nancy Allen']","['high school', 'child abuse', 'based on novel or book', 'isolation', 'cemetery', 'stage', 'bible', 'telekinesis']"
762,Monty Python and the Holy Grail,"['Adventure', 'Comedy', 'Fantasy']",7.803,6382,6.9902,1975-04-03,400000,5763644,"['Graham Chapman', 'John Cleese', 'Eric Idle', 'Terry Gilliam', 'Terry Jones', 'Michael Palin']","['holy grail', 'swordplay', 'england', 'monk', 'wedding reception', 'scotland yard', 'animal attack', 'camelot']"
938150,Wardriver,"['Thriller', 'Crime']",6.8,29,7.1006,2026-03-04,0,0,"['Dane DeHaan', 'Sasha Calle', 'Mamoudou Athie', 'Jeffrey Donovan', 'William Belleau', 'Luz Ozuna']",[]
440,Aliens vs Predator: Requiem,"['Action', 'Science Fiction', 'Thriller', 'Horror']",5.18,3300,6.0086,2007-12-25,40000000,130290885,"['David Paetkau', 'Sam Trammell', 'Steven Pasquale', 'Reiko Aylesworth', 'John Ortiz', 'Johnny Lewis']","['predator', 'hybrid', 'colorado', 'national guard', 'morgue', 'alien', 'creature', 'alien possession']"
782,Gattaca,"['Thriller', 'Science Fiction', 'Mystery', 'Romance']",7.6,6896,7.2409,1997-07-09,36000000,12532777,"['Ethan Hawke', 'Uma Thurman', 'Jude Law', 'Alan Arkin', 'Loren Dean', 'Gore Vidal']","['genetics', 'cheating', 'paraplegic', 'suicide attempt', 'dystopia', 'dna', 'new identity', 'investigation']"
235271,Addicted,"['Drama', 'Thriller']",5.902,442,7.5569,2014-10-10,0,17534314,"['Sharon Leal', 'Boris Kodjoe', 'John Newberg', 'Brandon Gonzales', 'Cameron Mills', 'Emayatzy Corinealdi']","['infidelity', 'obsession', 'lie', 'sin', 'interracial relationship', 'lust', 'attraction', 'deceit']"
333484,The Magnificent Seven,"['Adventure', 'Action', 'Western']",6.485,6376,6.5279,2016-09-14,90000000,162400000,"['Denzel Washington', 'Chris Pratt', 'Ethan Hawke', ""Vincent D'Onofrio"", 'Lee Byung-hun', 'Manuel Garcia-Rulfo']","['friendship', 'gunslinger', 'village', 'horse', 'remake', 'bandit', 'farmer', 'cowboy']"
16318,Sex Is Zero,"['Comedy', 'Romance']",6.169,136,7.1934,2002-12-12,0,0,"['Im Chang-jung', 'Ha Ji-won', 'Choi Sung-kook', 'Yoo Chae-young', 'Jung Min', 'Jin Jae-young']",['dramatic']
278154,Ice Age: Collision Course,"['Adventure', 'Animation', 'Family', 'Comedy', 'Science Fiction']",6.1,4859,7.0436,2016-06-23,105000000,408579038,"['Ray Romano', 'John Leguizamo', 'Denis Leary', 'Queen Latifah', 'Seann William Scott', 'Josh Peck']","['fire', 'fireworks', 'mammoth', 'sequel', 'prehistory', 'singing', 'critically bashed', 'cavemen']"
9802,The Rock,"['Action', 'Adventure', 'Thriller']",7.144,5171,7.8126,1996-06-07,75000000,335062621,"['Sean Connery', 'Nicolas Cage', 'Ed Harris', 'John Spencer', 'David Morse', 'William Forsythe']","['war veteran', 'san francisco, california', 'fbi', 'mercenary', 'gas attack', 'alcatraz prison', 'prison escape', 'shootout']"
64682,The Great Gatsby,"['Drama', 'Romance']",7.352,12925,6.8836,2013-05-09,105000000,351040419,"['Leonardo DiCaprio', 'Tobey Maguire', 'Carey Mulligan', 'Joel Edgerton', 'Elizabeth Debicki', 'Isla Fisher']","['infidelity', 'based on novel or book', 'obsession', 'hope', 'long island, new york', '1920s', 'voiceover']"
416497,The Doll,"['Thriller', 'Horror']",5.2,55,4.0892,2016-10-27,0,0,"['Shandy Aulia', 'Denny Sumargo', 'Sara Wijayanto', 'Vitta Mariana', 'Demian Aditya', 'Faiza Mahnur']","['possession', 'doll', 'ghost']"
277217,Descendants,"['Family', 'Adventure', 'Fantasy', 'TV Movie', 'Music']",7.156,2500,7.1766,2015-07-31,0,0,"['Dove Cameron', 'Sofia Carson', 'Cameron Boyce', 'Booboo Stewart', 'Mitchell Hope', 'Sarah Jeffery']","['witch', 'high school', 'magic', 'fairy tale', 'villain', 'musical', 'coming of age', 'teen movie']"
1562,28 Weeks Later,"['Horror', 'Thriller', 'Science Fiction']",6.6,5528,8.1321,2007-04-26,15000000,72304846,"['Robert Carlyle', 'Rose Byrne', 'Jeremy Renner', 'Harold Perrineau', 'Catherine McCormack', 'Mackintosh Muggleton']","['dying and death', 'london, england', 'sibling relationship', 'chaos', 'loss of loved one', 'mutant', 'supernatural', 'survival']"
1600672,EVANGELION 30th Anniversary Special Screening,"['Animation', 'Science Fiction', 'Comedy']",8.0,5,6.6194,2026-02-21,0,0,"['Yuko Miyamura', 'Megumi Ogata', 'Akira Ishida', 'Kotono Mitsuishi', 'Miki Nagasawa', 'Maria Kawamura']","['reunion', 'mecha', 'anniversary', 'heart warming', 'anime', 'joyful', 'love letters', 'fun']"
1652401,Scissors,"['Horror', 'Comedy']",10.0,1,8.2752,2026-03-14,20000,0,"['Ethan Embry', 'Jenna Kanell', 'Najah Bradley', 'Hannah Alline', 'Anissa Matlock', 'Hannah Aslesen']",[]
117,The Untouchables,"['Crime', 'History', 'Thriller']",7.756,6144,6.245,1987-06-03,25000000,76270454,"['Kevin Costner', 'Sean Connery', 'Robert De Niro', 'Charles Martin Smith', 'Andy Garcia', 'Richard Bradford']","['chicago, illinois', 'prohibition era', 'gangster', 'baseball bat', 'white suit', 'tough cop', 'treasury agent', 'untouchable']"
404368,Ralph Breaks the Internet,"['Action', 'Adventure', 'Animation', 'Comedy', 'Family', 'Science Fiction']",7.159,8071,6.933,2018-11-20,175000000,529323962,"['John C. Reilly', 'Sarah Silverman', 'Gal Gadot', 'Taraji P. Henson', 'Bill Hader', 'Jack McBrayer']","['video game', 'cartoon', 'sequel', 'internet', 'lethal virus', 'aftercreditsstinger', 'duringcreditsstinger', 'online gaming']"
13223,Gran Torino,['Drama'],7.989,11517,7.3316,2008-12-12,33000000,270000000,"['Clint Eastwood', 'Christopher Carley', 'Bee Vang', 'Ahney Her', 'Brian Haley', 'Geraldine Hughes']","['rape', 'war veteran', 'gangster', 'immigration', 'racist', 'old man', 'priest', 'gang']"
173185,It Boy,['Comedy'],6.479,1575,7.0177,2013-03-06,0,0,"['Virginie Efira', 'Pierre Niney', 'Gilles Cohen', 'Amélie Glenn', 'Charles Berling', 'Michaël Abiteboul']",['amused']
1284460,Alpha,"['Horror', 'Drama', 'Science Fiction']",6.392,111,6.5801,2025-08-20,0,0,"['Mélissa Boros', 'Tahar Rahim', 'Golshifteh Farahani', 'Emma Mackey', 'Finnegan Oldfield', 'Louai El Amrousy']","['coming of age', 'disease', 'pandemic', 'mother daughter relationship', 'body horror', 'depressing']"
700391,65,"['Action', 'Adventure', 'Science Fiction']",5.9,2821,7.3691,2023-03-02,45000000,60730568,"['Adam Driver', 'Ariana Greenblatt', 'Chloe Coleman', 'Nika King', 'Brian Dare']","['monster', 'asteroid', 'cave', 'giant monster', 'prehistory', 'dinosaur', 'quicksand', 'crash landing']"
1422096,Good Boy,['Horror'],6.692,596,6.8529,2025-10-01,70000,8844724,"['Shane Jensen', 'Arielle Friedman', 'Larry Fessenden', 'Stuart Rudin', 'Anya Krawcheck', 'Hunter Goetz']","['supernatural', 'human animal relationship', 'haunted house', 'terminal illness', 'woods', 'evil spirit', 'curse', 'dog']"
9383,Hollow Man,"['Action', 'Science Fiction', 'Thriller']",5.961,2759,7.9428,2000-08-04,95000000,190213455,"['Kevin Bacon', 'Elisabeth Shue', 'Josh Brolin', 'Kim Dickens', 'Greg Grunberg', 'Joey Slotnick']","['experiment', 'killing', 'villain', 'slasher', 'scientist', 'survival horror', 'invisible person', 'voyeurism']"
400928,Gifted,"['Drama', 'Comedy']",7.997,5918,7.5491,2017-04-07,7000000,40300000,"['Chris Evans', 'Mckenna Grace', 'Lindsay Duncan', 'Jenny Slate', 'Octavia Spencer', 'Glenn Plummer']","['cat', 'mathematics', 'intellectually gifted', 'child prodigy', 'teacher', 'school', 'prize', 'child custody']"
1242265,Fuze,"['Action', 'Crime', 'Drama', 'Thriller']",6.2,26,6.4096,2026-03-23,45000000,2890908,"['Aaron Taylor-Johnson', 'Theo James', 'Gugu Mbatha-Raw', 'Elham Ehsas', 'Sam Worthington', 'Shaun Mason']","['london, england', 'bomb', 'heist', 'betrayal', 'surveillance', 'father son relationship', 'mother son relationship', 'plot twist']"
515001,Jojo Rabbit,"['Comedy', 'War', 'Drama']",7.986,10365,8.0049,2019-10-18,14000000,82468705,"['Roman Griffin Davis', 'Thomasin McKenzie', 'Scarlett Johansson', 'Taika Waititi', 'Sam Rockwell', 'Rebel Wilson']","['based on novel or book', 'world war ii', 'jew persecution', 'satire', 'imaginary friend', 'hitler youth', 'single mother', 'questioning']"
1138194,Heretic,"['Thriller', 'Horror']",6.976,2614,7.2038,2024-10-31,10000000,51913394,"['Hugh Grant', 'Sophie Thatcher', 'Chloe East', 'Topher Grace', 'Elle Young', 'Julie Lynn-Mortensen']","['faith', 'control', 'sociopath', 'religion', 'cat and mouse', 'held captive', 'religious hypocrisy', 'mormon missionary']"
4824,The Jackal,"['Action', 'Crime', 'Thriller']",6.387,2100,7.0378,1997-11-14,60000000,159300000,"['Bruce Willis', 'Richard Gere', 'Sidney Poitier', 'Diane Venora', 'J.K. Simmons', 'Mathilda May']","['showdown', 'hitman', 'politics', 'bratva (russian mafia)', 'cold war', 'fbi', 'montreal, canada', 'revenge']"
87502,Flight,['Drama'],6.86,6432,5.5141,2012-02-22,31000000,161772575,"['Denzel Washington', 'Don Cheadle', 'Kelly Reilly', 'John Goodman', 'Bruce Greenwood', 'Brian Geraghty']","['airplane', 'confession', 'investigation', 'pilot', 'emergency landing', 'flight', 'alcoholism', 'f word']"
447759,Adult Only Institute,"['Comedy', 'Drama', 'Romance']",4.667,15,7.3492,2017-03-14,0,0,"['Kim Min-soo', 'Yoo Ji-won', 'Oh Joo-ha', 'Jo Wan-jin', 'Jeong Ho-yoon', 'Bae Yoon-kwon']",['softcore']
4638,Hot Fuzz,"['Crime', 'Action', 'Comedy']",7.564,8295,7.0664,2007-02-14,12000000,80600000,"['Simon Pegg', 'Nick Frost', 'Jim Broadbent', 'Paddy Considine', 'Rafe Spall', 'Kevin Eldon']","['countryside', 'police', 'village', 'arrest', 'parody', 'partner', 'murder', 'rural area']"
516486,Greyhound,"['War', 'Action', 'Drama']",7.41,3289,7.6386,2020-07-09,50300000,0,"['Tom Hanks', 'Stephen Graham', 'Rob Morgan', 'Josh Wiggins', 'Tom Brittney', 'Elisabeth Shue']","['submarine', 'allies', 'atlantic ocean', 'world war ii', 'based on true story', 'biting', 'convoy', 'battleship']"
754,Face/Off,"['Action', 'Crime', 'Science Fiction']",7.056,5864,7.3598,1997-06-27,80000000,245700000,"['John Travolta', 'Nicolas Cage', 'Joan Allen', 'Alessandro Nivola', 'Gina Gershon', 'Dominique Swain']","['prison', 'biological weapon', 'prisoner', 'bomb', 'undercover', 'psychopath', 'fbi', 'mexican standoff']"
1480259,太太日記,[],0.0,0,5.1143,1965-01-01,0,0,"['Tang Pik-Wan', 'Woo Fung']",[]
955,Mission: Impossible II,"['Adventure', 'Action', 'Thriller']",6.144,7541,6.9145,2000-05-24,125000000,546388108,"['Tom Cruise', 'Dougray Scott', 'Thandiwe Newton', 'Ving Rhames', 'Richard Roxburgh', 'John Polson']","['dying and death', 'mask', 'island', 'central intelligence agency (cia)', 'helicopter', 'computer', 'spain', 'undercover']"
534,Terminator Salvation,"['Action', 'Science Fiction', 'Thriller']",6.085,7012,8.4313,2009-05-20,200000000,371353001,"['Christian Bale', 'Sam Worthington', 'Moon Bloodgood', 'Helena Bonham Carter', 'Anton Yelchin', 'Common']","['army', 'artificial intelligence (a.i.)', 'saving the world', 'prophecy', 'san francisco, california', 'gas station', 'cyborg', 'killer robot']"
450465,Glass,"['Thriller', 'Drama', 'Science Fiction']",6.7,9053,6.641,2019-01-16,20000000,246999039,"['James McAvoy', 'Bruce Willis', 'Samuel L. Jackson', 'Sarah Paulson', 'Anya Taylor-Joy', 'Spencer Treat Clark']","['philadelphia, pennsylvania', 'superhero', 'villain', 'sequel', 'psychiatric hospital', 'comic book shop', 'super power', 'mental illness']"
565,The Ring,"['Horror', 'Mystery']",6.699,6648,7.2696,2002-10-18,48000000,249348933,"['Naomi Watts', 'Martin Henderson', 'David Dorfman', 'Brian Cox', 'Jane Alexander', 'Lindsay Frost']","['journalist', 'island', 'drowning', 'investigation', 'supernatural', 'horse', 'telephone', 'paranormal']"
324852,Despicable Me 3,"['Action', 'Animation', 'Comedy', 'Family', 'Adventure']",6.467,7613,6.0665,2017-06-15,80000000,1034800131,"['Steve Carell', 'Kristen Wiig', 'Trey Parker', 'Miranda Cosgrove', 'Dana Gaier', 'Nhev Scharrel']","['prison', 'villain', 'twin brother', 'sequel', 'jail', '3d animation']"
1487320,The Giant Falls,['Drama'],6.8,19,6.7915,2026-04-01,0,0,"['Oscar Martínez', 'Matías Mayer', 'Inés Estévez', 'Luis Luque', 'Silvia Kutika', 'Johanna Francella']",[]
25237,Come and See,"['Drama', 'War']",8.212,1827,6.5021,1985-10-17,5000000,20929648,"['Aleksei Kravchenko', 'Olga Mironova', 'Liubomiras Laucevičius', 'Vladas Bagdonas', 'Jüri Lumiste', 'Viktors Lorencs']","['nazi', 'war crimes', 'insanity', 'world war ii', 'surrealism', 'wehrmacht', 'teenage girl', 'atrocity']"
324668,Jason Bourne,"['Action', 'Adventure', 'Thriller']",6.377,6181,6.7012,2016-07-27,120000000,415484914,"['Matt Damon', 'Tommy Lee Jones', 'Alicia Vikander', 'Vincent Cassel', 'Julia Stiles', 'Riz Ahmed']","['assassin', 'central intelligence agency (cia)', 'amnesia', 'casino', 'chase', 'greece', 'flashback', 'hacking']"
8329,[REC],"['Horror', 'Mystery']",7.227,4836,6.3773,2007-11-23,1500000,32511655,"['Manuela Velasco', 'Pablo Rosso', 'Javier Coromina', 'Ferrán Terraza', 'Martha Carbonell', 'David Vert']","['obsession', 'bite', 'religion and supernatural', 'attempt to escape', 'cinematographer', 'lodger', 'live-reportage', 'zombie']"
400155,Hotel Transylvania 3: Summer Vacation,"['Animation', 'Comedy', 'Family', 'Fantasy']",6.851,4691,7.4648,2018-06-28,80000000,528600000,"['Adam Sandler', 'Andy Samberg', 'Selena Gomez', 'Kathryn Hahn', 'Jim Gaffigan', 'Kevin James']","['monster', 'vampire', 'vacation', 'romance', 'cruise ship', 'summer vacation', 'dracula']"
897160,Brave Citizen,"['Action', 'Drama', 'Comedy']",7.534,134,7.1268,2023-10-25,0,2116112,"['Shin Hye-sun', 'Lee Jun-young', 'Park Jung-woo', 'Park Hyuk-kwon', 'Cha Chung-hwa', 'Son Sook']","['secret identity', 'female fighter', 'female teacher', 'anti-bullying', 'female superhero', 'based on webcomic or webtoon', 'south korean']"
1216191,Oddity,"['Horror', 'Mystery']",6.65,764,6.0706,2024-07-19,0,1850519,"['Carolyn Bracken', 'Gwilym Lee', 'Steve Wall', 'Joe Rooney', 'Tadhg Murphy', 'Caroline Menton']","['mannequin', 'paranormal', 'murder', 'home invasion', 'twins', 'death of sister', 'clairvoyant', 'aggressive']"
627,Trainspotting,"['Drama', 'Crime']",8.0,10365,6.8987,1996-02-23,4000000,71981823,"['Ewan McGregor', 'Ewen Bremner', 'Jonny Lee Miller', 'Kevin McKidd', 'Robert Carlyle', 'Kelly Macdonald']","['drug dealer', 'friendship', 'london, england', 'based on novel or book', 'scotland', 'heroin', 'drug addiction', 'anti hero']"
283366,Miss Peregrine's Home for Peculiar Children,"['Fantasy', 'Adventure', 'Drama', 'Family', 'Thriller']",6.838,10456,6.6492,2016-09-28,110000000,296482446,"['Eva Green', 'Asa Butterfield', 'Samuel L. Jackson', 'Judi Dench', 'Rupert Everett', ""Chris O'Dowd""]","['wales', ""children's home"", 'shapeshifting', 'falcon', 'time travel', 'orphan', 'super power', 'nostalgic']"
127380,Finding Dory,"['Adventure', 'Animation', 'Family']",7.039,12626,6.6089,2016-06-16,200000000,1029266989,"['Albert Brooks', 'Ellen DeGeneres', ""Ed O'Neill"", 'Hayden Rolence', 'Diane Keaton', 'Eugene Levy']","['fish', 'amnesia', 'octopus', 'sequel', 'anthropomorphism', 'computer animation', 'underwater', 'aftercreditsstinger']"
65,8 Mile,"['Drama', 'Music']",7.142,7790,7.4669,2002-11-08,41000000,242875078,"['Eminem', 'Kim Basinger', 'Mekhi Phifer', 'Brittany Murphy', 'Evan Jones', 'Omar Benson Miller']","['individual', 'adolescence', 'rap music', 'hip-hop', 'rhyme battle', 'trailer park', 'street gang', 'ethnic stereotype']"
1272,Sunshine,"['Science Fiction', 'Thriller']",6.967,4238,7.2394,2007-04-05,50000000,34800000,"['Cillian Murphy', 'Rose Byrne', 'Chris Evans', 'Michelle Yeoh', 'Cliff Curtis', 'Hiroyuki Sanada']","['space marine', 'saving the world', 'bomb', 'sun', 'space suit', 'sunlight', 'space travel', 'space mission']"
1008042,Talk to Me,['Horror'],7.133,3706,7.2858,2023-07-26,4500000,91959188,"['Sophie Wilde', 'Alexandra Jensen', 'Joe Bird', 'Otis Dhanji', 'Miranda Otto', 'Zoe Terakes']","['suicide', 'trauma', 'possession', 'female friendship', 'addiction', 'grief', 'female protagonist', 'death of mother']"
1219548,The Physician II,"['Adventure', 'Mystery', 'Drama']",6.3,19,6.8039,2025-12-25,0,5270080,"['Tom Payne', 'Emily Cox', 'Áine Rose Daly', 'Owen Teale', 'Emma Rigby', 'Liam Cunningham']","['based on novel or book', 'sequel', 'historical drama', '11th century']"
8961,Bad Boys II,"['Action', 'Crime', 'Comedy']",6.656,5915,6.3639,2003-07-18,130000000,273339556,"['Martin Lawrence', 'Will Smith', 'Jordi Mollà', 'Gabrielle Union', 'Peter Stormare', 'Theresa Randle']","['drug smuggling', 'miami, florida', 'undercover agent', 'cuba', 'ku klux klan', 'kidnapping', 'money laundering', 'mexican standoff']"
1252428,Anaconda,"['Adventure', 'Horror']",7.025,139,7.0152,2024-03-01,30000000,0,"['Nita Hsia Jo-Yen', 'Terence Yin Chi-Wai', 'Wang Xingchen', 'Wang Gang', 'Wang Zirun', 'Xu Shaohang']","['animal attack', 'giant snake', 'thailand', 'remake', 'survival', 'python', 'rainforest']"
278927,The Jungle Book,"['Family', 'Adventure', 'Fantasy']",6.871,8475,7.3277,2016-04-07,175000000,966550600,"['Neel Sethi', 'Bill Murray', 'Ben Kingsley', 'Idris Elba', 'Scarlett Johansson', 'Christopher Walken']","['based on novel or book', 'snake', 'elephant', 'wolf', 'tiger', 'feral child', 'anthropomorphism', 'remake']"
9286,Final Destination 3,"['Horror', 'Mystery']",6.2,4545,7.0791,2006-02-09,25000000,118890272,"['Mary Elizabeth Winstead', 'Ryan Merriman', 'Kris Lemche', 'Alexz Johnson', 'Sam Easton', 'Jesse Moss']","['dying and death', 'stroke of fate', 'beheading', 'omen', 'premonition', 'burned alive', 'fate', 'death']"
11247,A Cinderella Story,"['Comedy', 'Family', 'Romance']",6.589,3370,7.232,2004-07-16,19000000,70067909,"['Hilary Duff', 'Chad Michael Murray', 'Jennifer Coolidge', 'Dan Byrd', 'Regina King', 'Julie Gonzalo']","['high school', 'work', 'jealousy', 'american football', 'stepmother', 'school party', 'orphan', 'disguise']"
7555,Rambo,"['Action', 'Thriller', 'War']",6.694,4250,6.7046,2008-01-24,50000000,113200000,"['Sylvester Stallone', 'Julie Benz', 'Matthew Marsden', 'Graham McTavish', 'Reynaldo Gallegos', 'Tim Kang']","['snake', 'fight', 'missionary', 'boat', 'river', 'pastor', 'border', 'mercenary']"
10545,The Hunchback of Notre Dame,"['Drama', 'Animation', 'Family']",7.127,5342,6.8461,1996-06-21,100000000,325300000,"['Tom Hulce', 'Demi Moore', 'Kevin Kline', 'Tony Jay', 'Charles Kimbrough', 'Mary Wickes']","['dance', 'paris, france', 'based on novel or book', 'judge', 'sword', 'obsession', 'mockery', 'ugliness']"
13053,Bolt,"['Animation', 'Family', 'Adventure', 'Comedy']",6.539,6470,7.0782,2008-11-21,150000000,309979994,"['John Travolta', 'Miley Cyrus', 'Susie Essman', 'Mark Walton', 'Malcolm McDowell', 'James Lipton']","['hamster', 'human animal relationship', 'talking dog', 'animals', 'cat vs dog', 'aftercreditsstinger', 'duringcreditsstinger', 'talking cat']"
125509,Wrong Turn 5: Bloodlines,"['Horror', 'Thriller']",5.5,1037,6.8858,2012-10-18,3000000,0,"['Camilla Arfwedson', 'Doug Bradley', 'Borisa Tyutyundzhieva', 'Roxanne McKee', 'Paul Luebke', 'Rosie Holden']","['small town', 'mutant', 'halloween', 'forest', 'west virginia', 'sequel', 'slasher', 'cannibal']"
901362,Trolls Band Together,"['Animation', 'Family', 'Music', 'Fantasy', 'Comedy', 'Adventure']",7.252,978,6.9027,2023-10-12,95000000,210231405,"['Anna Kendrick', 'Justin Timberlake', 'Camila Cabello', 'Eric André', 'Amy Schumer', 'Andrew Rannells']","['pop star', 'brother', 'musical', 'sequel', 'based on toy', 'troll', 'duringcreditsstinger', 'reunite']"
71552,American Reunion,['Comedy'],6.305,4692,7.2498,2012-04-04,50000000,234989584,"['Jason Biggs', 'Alyson Hannigan', 'Seann William Scott', 'Chris Klein', 'Thomas Ian Nicholas', 'Tara Reid']","['husband wife relationship', 'sequel', 'family reunion', 'masturbation', 'scat', 'high school reunion', 'nostalgic', 'quitting a job']"
223319,Lucky Sky Diamond,"['Horror', 'Science Fiction']",4.1,10,5.9314,1989-03-11,0,0,"['Naoko Amihama', 'Reiko Nakamura', 'Shiro Sano']","['exploitation', 'gore', 'shock']"
10895,Pinocchio,"['Animation', 'Family', 'Fantasy']",7.107,6226,7.097,1940-02-23,2600000,164000000,"['Dickie Jones', 'Cliff Edwards', 'Christian Rub', 'Evelyn Venable', 'Walter Catlett', 'Mel Blanc']","['rescue', 'sea', 'child abuse', 'based on novel or book', 'magic', 'whale', 'italy', 'donkey']"
747,Shaun of the Dead,"['Horror', 'Comedy']",7.542,9295,7.0114,2004-04-09,6000000,39396175,"['Simon Pegg', 'Nick Frost', 'Kate Ashfield', 'Lucy Davis', 'Dylan Moran', 'Jessica Hynes']","['london, england', 'dark comedy', 'satire', 'surrey', 'parody', 'slacker', 'friends', 'survival']"
114150,Pitch Perfect,"['Comedy', 'Music', 'Romance']",7.3,6851,7.2719,2012-09-28,17000000,115647426,"['Anna Kendrick', 'Anna Camp', 'Brittany Snow', 'Skylar Astin', 'Rebel Wilson', 'Ester Dean']","['competition', 'roommates', 'college', 'female friendship', 'misfit', 'hazing', 'university', 'audition']"
1378,Shortbus,"['Romance', 'Drama', 'Comedy']",6.263,579,6.8763,2006-10-04,2000000,5557564,"['Sook-Yin Lee', 'Paul Dawson', 'PJ DeBoy', 'Lindsay Beamish', 'Jay Brannan', 'Raphael Barker']","['new york city', 'free love', 'swinger club', 'transsexuality', 'suicide attempt', 'eroticism', 'orgasm', 'group sex']"
217,Indiana Jones and the Kingdom of the Crystal Skull,"['Adventure', 'Action']",6.023,8989,6.9944,2008-05-21,185000000,786636033,"['Harrison Ford', 'Cate Blanchett', 'Karen Allen', 'Shia LaBeouf', 'Ray Winstone', 'John Hurt']","['treasure', 'mexico city, mexico', 'saving the world', 'whip', 'leather jacket', 'riddle', 'maya civilization', 'peru']"
293863,The Age of Adaline,"['Romance', 'Fantasy', 'Drama']",7.466,7078,6.9758,2015-04-16,25000000,65663276,"['Blake Lively', 'Michiel Huisman', 'Harrison Ford', 'Ellen Burstyn', 'Kathy Baker', 'Amanda Crew']","['immortality', 'san francisco, california', 'love', 'forever']"
1991,Death Proof,"['Action', 'Thriller']",6.84,5600,6.671,2007-05-22,25000000,31126421,"['Kurt Russell', 'Zoë Bell', 'Rosario Dawson', 'Vanessa Ferlito', 'Sydney Tamiia Poitier', 'Tracie Thoms']","['sports car', 'sadism', 'psychopath', 'disc jockey', 'ladykiller', 'exploitation', 'gore', 'stunt']"
329,Jurassic Park,"['Adventure', 'Science Fiction']",7.968,17793,7.0627,1993-06-11,63000000,920100000,"['Sam Neill', 'Laura Dern', 'Jeff Goldblum', 'Richard Attenborough', 'Bob Peck', 'Martin Ferrero']","['exotic island', 'island', 'triceratops', 'brontosaurus', 'electric fence', 'dna', 'tyrannosaurus rex', 'paleontology']"
116745,The Secret Life of Walter Mitty,"['Adventure', 'Comedy', 'Drama', 'Fantasy']",7.2,8222,6.491,2013-12-18,90000000,188133322,"['Ben Stiller', 'Kristen Wiig', 'Sean Penn', 'Shirley MacLaine', 'Adam Scott', 'Kathryn Hahn']","['himalaya mountain range', 'photographer', 'iceland', 'daydream', 'magazine', 'photograph', 'shark', 'fired from the job']"
1477108,Maninilip,"['Drama', 'Thriller']",7.5,4,6.705,2025-05-23,0,0,"['Ashley Lopez', 'Aerol Carmelo', 'Rinoa Halili', 'Chester Grecia', 'Chelsea Ylore']",['sexy']
320288,Dark Phoenix,"['Science Fiction', 'Action', 'Adventure']",5.964,7049,6.908,2019-06-05,200000000,252442974,"['Sophie Turner', 'James McAvoy', 'Nicholas Hoult', 'Tye Sheridan', 'Michael Fassbender', 'Alexandra Shipp']","['superhero', 'mutant', 'telekinesis', 'based on comic', 'superhero team', 'hostile', '1990s', 'cosmic']"
1232449,Young Hearts,"['Drama', 'Romance']",8.462,253,7.6812,2024-10-26,0,129692,"['Lou Goossens', 'Marius De Saeger', 'Geert Van Rampelberg', 'Emilie De Roo', 'Dirk van Dijck', 'Jul Goossens']","['coming out', 'friendship', 'sexuality', 'identity crisis', 'male friendship', 'coming of age', 'love', 'teenage boy']"
34544,The A-Team,"['Action', 'Comedy', 'Crime']",6.413,4984,5.9322,2010-06-09,110000000,177238796,"['Liam Neeson', 'Bradley Cooper', 'Jessica Biel', ""Quinton 'Rampage' Jackson"", 'Sharlto Copley', 'Patrick Wilson']","['plan', 'mexico', 'explosive', 'war crimes', 'secret mission', 'fear of flying', 'ex-lover', 'tank']"
9654,The Italian Job,"['Action', 'Crime']",6.787,5981,5.9216,2003-05-30,60000000,176070171,"['Mark Wahlberg', 'Charlize Theron', 'Edward Norton', 'Seth Green', 'Jason Statham', 'Yasiin Bey']","['gold', 'california', 'helicopter', 'hacker', 'venice, italy', 'chase', 'subway', 'master thief']"
4523,Enchanted,"['Comedy', 'Family', 'Fantasy', 'Romance']",6.8,5687,7.3683,2007-11-20,85000000,340487652,"['Amy Adams', 'Patrick Dempsey', 'James Marsden', 'Timothy Spall', 'Idina Menzel', 'Rachel Covey']","['princess', 'new york city', 'magic', 'fairy tale', 'poison', 'queen', 'prince', 'villain']"
676,Pearl Harbor,"['War', 'Romance', 'History', 'Action']",6.9,6972,7.0026,2001-05-21,140000000,449220945,"['Ben Affleck', 'Kate Beckinsale', 'Josh Hartnett', 'Cuba Gooding Jr.', 'Jon Voight', 'Tom Sizemore']","['army', 'airplane', 'nurse', 'patriotism', 'hawaii', 'world war ii', 'pilot', 'pearl harbor']"
1572,Die Hard: With a Vengeance,"['Action', 'Thriller']",7.278,6640,6.4996,1995-05-19,90000000,366101666,"['Bruce Willis', 'Jeremy Irons', 'Samuel L. Jackson', 'Larry Bryggman', 'Graham Greene', 'Anthony Peck']","['new york city', 'taxi', 'gold', 'helicopter', 'robbery', 'police', 'bomb', 'riddle']"
10022,The Pacifier,"['Comedy', 'Family', 'Action']",6.069,3243,7.629,2005-03-04,56000000,198636868,"['Vin Diesel', 'Lauren Graham', 'Faith Ford', 'Brittany Snow', 'Max Thieriot', 'Morgan York']","['mission', 'bodybuilder', 'body guard', 'scientist', 'family', 'u.s. soldier', 'death of husband', 'us military']"
7220,The Punisher,"['Action', 'Crime', 'Drama']",6.4,3111,7.2983,2004-04-15,33000000,54700105,"['Thomas Jane', 'John Travolta', 'Will Patton', 'Roy Scheider', 'Laura Harring', 'Ben Foster']","['undercover', 'submachine gun', 'chain', 'superhero', 'twin brother', 'based on comic', 'revenge', 'vigilante']"
927,Gremlins,"['Fantasy', 'Horror', 'Comedy']",7.142,6956,6.9079,1984-06-08,11000000,153083102,"['Zach Galligan', 'Phoebe Cates', 'Hoyt Axton', 'Frances Lee McCain', 'Corey Feldman', 'Keye Luke']","['small town', 'monster', 'holiday', 'department store', 'pet', 'human animal relationship', 'bars and restaurants', 'sunlight']"
1469354,Border Hunters,"['Action', 'Thriller']",6.213,47,6.1523,2025-10-20,0,0,"['Dean Norris', 'Julio Macias', 'Danforth Comins', 'Ramón Medína', 'Pía Sanz', 'Eligio Meléndez']",['absurd']
51739,The Secret World of Arrietty,"['Fantasy', 'Animation', 'Family']",7.667,3146,6.9745,2010-07-16,23000000,149660003,"['Mirai Shida', 'Ryunosuke Kamiki', 'Tomokazu Miura', 'Keiko Takeshita', 'Kirin Kiki', 'Shinobu Otake']","['based on novel or book', 'cat', 'forest', ""based on children's book"", 'little people', 'dollhouse', 'nostalgic', 'anime']"
1355666,Love Untangled,"['Romance', 'Drama', 'Comedy']",8.277,195,6.4958,2025-08-28,0,0,"['Shin Eun-soo', 'Gong Myoung', 'Cha Woo-min', 'Youn Sang-hyun', 'Kang Mi-na', 'Choi Gyu-ri']","['romcom', 'hair', 'nostalgic', 'transfer student', '1990s', 'charming']"
9480,Daredevil,"['Fantasy', 'Action']",5.296,5444,7.5494,2003-02-14,78000000,179179718,"['Ben Affleck', 'Jennifer Garner', 'Colin Farrell', 'Michael Clarke Duncan', 'Jon Favreau', 'Scott Terra']","['blindness and impaired vision', 'narration', 'superhero', 'based on comic', 'blind', 'daredevil', 'hazardous waste', 'mob hit']"
9532,Final Destination,['Horror'],6.634,6636,7.8921,2000-03-17,23000000,112880294,"['Devon Sawa', 'Ali Larter', 'Kerr Smith', 'Kristen Cloke', 'Daniel Roebuck', 'Roger Guenveur Smith']","['airport', 'time travel', 'omen', 'premonition', 'airplane accident', 'airplane crash', 'corpse', 'death']"
11635,Old School,['Comedy'],6.627,2097,7.5265,2003-02-21,24000000,87100000,"['Luke Wilson', 'Will Ferrell', 'Vince Vaughn', 'Jeremy Piven', 'Ellen Pompeo', 'Juliette Lewis']","['infidelity', 'group sex', 'college', 'male friendship', 'beer', 'fraternity', 'dean', 'sex doll']"
630586,Wrong Turn,"['Horror', 'Thriller']",5.946,1309,7.5689,2021-01-26,0,4829926,"['Charlotte Vega', 'Adain Bradley', 'Bill Sage', 'Emma Dumont', 'Dylan McTee', 'Daisy Head']","['secret society', 'gore', 'forest', 'community', 'revenge', 'interracial relationship', 'slasher', 'backwoods']"
37958,Immortals,"['Fantasy', 'Action', 'Drama']",6.045,2796,7.3564,2011-11-10,75000000,226904017,"['Henry Cavill', 'Mickey Rourke', 'Stephen Dorff', 'Freida Pinto', 'Luke Evans', 'John Hurt']","['army', 'poison', 'mythology', 'zeus', 'sword fight', 'minotaur', 'poseidon', 'spear']"
10764,Quantum of Solace,"['Adventure', 'Action', 'Thriller']",6.335,8508,6.2491,2008-10-29,200000000,589593688,"['Daniel Craig', 'Olga Kurylenko', 'Mathieu Amalric', 'Judi Dench', 'Giancarlo Giannini', 'Gemma Arterton']","['undercover', 'spy', 'killing', 'secret agent', 'austria', 'mi6', 'british secret service', 'james bond']"
68724,Elysium,"['Science Fiction', 'Action', 'Drama', 'Thriller']",6.519,9548,6.6915,2013-08-07,115000000,286140700,"['Matt Damon', 'Jodie Foster', 'Sharlto Copley', 'Diego Luna', 'Wagner Moura', 'Alice Braga']","['future', 'capitalism', 'dystopia', 'space station', 'class conflict', 'late stage capitalism', 'health inequality', 'social inequality']"
132232,Mama,['Horror'],6.291,4396,6.7173,2013-01-17,15000000,146428180,"['Jessica Chastain', 'Nikolaj Coster-Waldau', 'Megan Charpentier', 'Isabelle Nélisse', 'Daniel Kash', 'Melina Matthews']","['musician', 'supernatural', 'haunted house', 'feral child', 'car crash', 'woods', 'tragedy', 'cabin']"
4233,Scream 2,"['Horror', 'Mystery']",6.515,4708,6.774,1997-12-12,24000000,172363301,"['Neve Campbell', 'Courteney Cox', 'David Arquette', ""Jerry O'Connell"", 'Timothy Olyphant', 'Jamie Kennedy']","['mask', 'college', 'campus', 'sequel', 'slaughter', 'serial killer', 'slasher', 'university']"
451048,Jungle Cruise,"['Fantasy', 'Adventure', 'Action']",7.296,6146,6.971,2021-07-28,200000000,220889446,"['Dwayne Johnson', 'Emily Blunt', 'Edgar Ramírez', 'Jack Whitehall', 'Jesse Plemons', 'Paul Giamatti']","['jungle', 'riverboat', '1910s', 'amazon river', 'based on theme park ride']"
1376434,Predator: Killer of Killers,"['Animation', 'Action', 'Science Fiction', 'Thriller']",7.792,1166,6.6611,2025-06-05,0,0,"['Lindsay LaVanchy', 'Louis Ozawa', 'Rick Gonzalez', 'Michael Biehn', 'Doug Cockle', 'Damien C. Haas']","['florida', 'japan', 'predator', 'world war ii', 'harpoon', 'pilot', 'cryogenics', 'vikings (norsemen)']"
308266,War Dogs,"['Comedy', 'Crime', 'Drama']",6.942,5457,7.5491,2016-08-18,50000000,86234523,"['Miles Teller', 'Jonah Hill', 'Ana de Armas', 'Bradley Cooper', 'Kevin Pollak', 'Patrick St. Esprit']","['corruption', 'smuggling (contraband)', 'iraq', 'rise and fall', 'drugs', 'american exceptionalism']"
35,The Simpsons Movie,"['Animation', 'Comedy', 'Family']",7.022,8522,7.4725,2007-07-25,75000000,527068851,"['Dan Castellaneta', 'Julie Kavner', 'Nancy Cartwright', 'Yeardley Smith', 'Hank Azaria', 'Harry Shearer']","['garbage', 'pollution', 'quarantine', 'environmental protection agency', 'parent child relationship', 'villain', 'dysfunctional family', 'dysfunctional marriage']"
762975,Purple Hearts,"['Romance', 'Drama']",8.044,2861,6.3548,2022-07-29,0,0,"['Sofia Carson', 'Nicholas Galitzine', 'John Harlan Kim', 'Chosen Jacobs', 'Anthony Ippolito', 'Linden Ashby']","['military life', 'assertive']"
776797,The Sadness,"['Horror', 'Thriller']",6.817,1101,6.5695,2021-01-22,0,0,"['Berant Zhu', 'Regina Lei', 'Wang Tzu-chiang', 'Apple Chen', 'Lan Wei-hua', 'Ralf Chiu']","['rape', 'mass murder', 'cruelty', 'virus', 'pandemic', 'depraved', 'cannibalism', 'fight for survival']"
1010600,The Strangers: Chapter 1,"['Horror', 'Thriller']",5.678,751,5.9368,2024-05-15,8500000,48166448,"['Madelaine Petsch', 'Froy Gutierrez', 'Gabriel Basso', 'Ema Horvath', 'Ella Bruccoleri', 'Richard Brake']","['mask', 'remake', 'murder', 'slasher', 'home invasion', 'reboot', 'cliché']"
779782,The School for Good and Evil,"['Fantasy', 'Comedy', 'Adventure']",7.028,1374,6.4684,2022-10-19,0,0,"['Sofia Wylie', 'Sophia Anne Caruso', 'Kerry Washington', 'Charlize Theron', 'Laurence Fishburne', 'Jamie Flatters']","['school of witchcraft', 'school', 'based on young adult novel', 'good versus evil', 'teenager']"
18334,Guinea Pig: Devil's Experiment,['Horror'],4.784,160,6.3534,1985-09-04,0,0,"['Shigeru Saiki', 'Mari Somei']","['snuff', 'gore', 'torture', 'short film', 'ambiguous']"
137,Groundhog Day,"['Romance', 'Fantasy', 'Comedy']",7.629,8848,6.511,1993-02-11,14600000,71108778,"['Bill Murray', 'Andie MacDowell', 'Chris Elliott', 'Stephen Tobolowsky', 'Brian Doyle-Murray', 'Marita Geraghty']","['deja vu', 'groundhog', 'weather forecast', 'telecaster', 'pennsylvania, usa', 'alarm clock', 'winter', 'time warp']"
324544,In the Lost Lands,"['Action', 'Fantasy', 'Western']",6.351,795,6.9694,2025-02-27,55000000,4755330,"['Milla Jovovich', 'Dave Bautista', 'Arly Jover', 'Amara Okereke', 'Fraser James', 'Simon Lööf']","['witch', 'dystopia', 'sorcery', 'betrayal', 'based on short story', 'macabre', 'sorceress', 'high fantasy']"
59053,The Raffle,['Drama'],6.756,197,6.5149,1991-11-15,0,0,"['Monica Bellucci', 'Giulio Scarpati', 'Massimo Ghini', ""Paolo Busiri Vici D'Arcevia"", 'Elena Cantarone', 'Carla Cassola']",[]
33,Unforgiven,['Western'],7.907,4925,6.8494,1992-08-07,14400000,159157447,"['Clint Eastwood', 'Gene Hackman', 'Morgan Freeman', 'Jaimz Woolvett', 'Richard Harris', 'Saul Rubinek']","['prostitute', 'sheriff', 'right and justice', 'regret', 'wyoming, usa', 'kansas, usa', 'revenge', 'mutilation']"
420634,Terrifier,['Horror'],6.314,2940,7.1645,2018-01-25,35000,421798,"['David Howard Thornton', 'Jenna Kanell', 'Samantha Scaffidi', 'Catherine Corcoran', 'Pooya Mohseni', 'Matt McAllister']","['halloween', 'clown', 'gore', 'slasher', 'maniac', 'killer clown', 'evil clown', 'based on short film']"
914,The Great Dictator,"['Comedy', 'War']",8.28,3686,6.6958,1940-10-15,2000000,11000000,"['Charlie Chaplin', 'Paulette Goddard', 'Jack Oakie', 'Reginald Gardiner', 'Henry Daniell', 'Billy Gilbert']","['amnesia', 'nazi', 'hairdresser', 'propaganda', 'world war i', 'dictator', 'jewish ghetto', 'fascism']"
10999,Commando,"['Action', 'Adventure', 'Thriller']",6.699,3115,7.0444,1985-10-03,10000000,57500000,"['Arnold Schwarzenegger', 'Rae Dawn Chong', 'Dan Hedaya', 'Vernon Wells', 'James Olson', 'David Patrick Kelly']","['daughter', 'fight', 'kidnapping', 'mercenary', 'lone wolf', 'rescue mission', 'father', 'us army']"
27582,The Mechanic,"['Action', 'Thriller', 'Crime']",6.527,3575,6.6817,2011-01-13,40000000,51070807,"['Jason Statham', 'Ben Foster', 'Donald Sutherland', 'Mini Anden', 'Tony Goldwyn', 'Christa Campbell']","['chicago, illinois', 'research', 'martial arts', 'assassin', 'prostitute', 'airport', 'mentor', 'new orleans, louisiana']"
13971,Wild Child,"['Comedy', 'Drama', 'Romance']",6.7,1916,7.001,2008-08-15,20000000,22000000,"['Emma Roberts', 'Alex Pettyfer', 'Natasha Richardson', 'Kimberley Nixon', 'Juno Temple', 'Johnny Pacar']","['diving', 'england', 'boarding school', ""girls' boarding school"", 'malibu', 'spoiled child', 'teen movie', 'lacrosse']"
28339,Hard to Die,"['Action', 'Comedy', 'Thriller']",6.1,67,7.0565,1990-10-09,0,0,"['Gail Harris', 'Karen Mayo-Chandler', 'Deborah Dutch', 'Melissa Moore', 'Bridget Carney', 'Peter Spellos']","['high rise', 'erotic comedy']"
1397364,La Grazia,['Drama'],7.422,335,6.285,2025-12-05,24500000,68995,"['Toni Servillo', 'Anna Ferzetti', 'Massimo Venturiello', 'Milvia Marigliano', 'Orlando Cinque', 'Giuseppe Gaiani']","['moral crisis', 'presidency']"
9738,Fantastic Four,"['Action', 'Fantasy', 'Science Fiction']",5.806,9954,6.9802,2005-06-29,100000000,333535934,"['Ioan Gruffudd', 'Jessica Alba', 'Chris Evans', 'Michael Chiklis', 'Julian McMahon', 'Hamish Linklater']","['mask', 'friendship', 'marriage proposal', 'fire', 'sibling relationship', 'flying', 'radiation', 'missile']"
9738,Fantastic Four,"['Action', 'Fantasy', 'Science Fiction']",5.806,9954,6.9802,2005-06-29,100000000,333535934,"['Ioan Gruffudd', 'Jessica Alba', 'Chris Evans', 'Michael Chiklis', 'Julian McMahon', 'Hamish Linklater']","['mask', 'friendship', 'marriage proposal', 'fire', 'sibling relationship', 'flying', 'radiation', 'missile']"
36955,True Lies,"['Action', 'Thriller']",7.1,4546,6.6638,1994-07-15,115000000,378900000,"['Arnold Schwarzenegger', 'Jamie Lee Curtis', 'Tom Arnold', 'Bill Paxton', 'Tia Carrere', 'Art Malik']","['florida', 'horseback riding', 'gun', 'kidnapping', 'spy', 'florida keys', 'secret agent', 'terrorism']"
1069497,Suspicious Married Woman Telekura Report,"['Romance', 'Drama']",6.0,1,5.8168,1996-09-02,0,0,"['Hitoe Ootake', 'Yōsuke Nakajima', 'Misa Jono', 'Hiromi Tokunaga', 'Tetsu Watanabe']",[]
2675,Signs,"['Thriller', 'Science Fiction', 'Horror']",6.698,6232,6.5161,2002-08-02,72000000,408200000,"['Mel Gibson', 'Joaquin Phoenix', 'Rory Culkin', 'Abigail Breslin', 'Cherry Jones', 'M. Night Shyamalan']","['farm', 'faith', 'symbolism', 'miracle', 'family relationships', 'alien', 'grief', 'rural area']"
2300,Space Jam,"['Family', 'Animation', 'Science Fiction', 'Fantasy', 'Comedy']",6.809,6394,6.9294,1996-11-15,80000000,250200000,"['Michael Jordan', 'Wayne Knight', 'Theresa Randle', 'Manner Washington', 'Eric Gordon', 'Penny Bae Bridges']","['sports', 'cartoon', 'villain', 'basketball', 'slapstick comedy', 'alien', 'doctor', 'alien invasion']"
8769,Christine,['Horror'],6.877,2221,6.718,1983-12-09,9700000,21200000,"['Keith Gordon', 'John Stockwell', 'Alexandra Paul', 'Robert Prosky', 'Harry Dean Stanton', 'Christine Belford']","['plymouth', 'anthropomorphism', 'detroit, michigan', 'bulldozer', 'overprotective parent', 'vexed', 'inanimate objects come to life', 'playful']"
10585,Child's Play,['Horror'],6.744,3320,7.4872,1988-11-09,9000000,44196684,"['Catherine Hicks', 'Chris Sarandon', 'Alex Vincent', 'Brad Dourif', 'Dinah Manoff', 'Tommy Swerdlow']","['chicago, illinois', 'birthday', 'gun', 'voodoo', 'stalker', 'evil doll', 'murder', 'killer doll']"
743814,Serve the People,['Drama'],6.49,50,6.8057,2022-02-23,0,547758,"['Yeon Woo-jin', 'Ji an', 'Cho Seong-ha', 'Jeong Gyu-su', 'Kim Ji-chul', 'Kim Byeong-man']",['korean army']
433,Mary Poppins,"['Comedy', 'Family', 'Fantasy']",7.543,4993,7.8543,1964-12-17,4650000,103100000,"['Julie Andrews', 'Dick Van Dyke', 'David Tomlinson', 'Glynis Johns', 'Hermione Baddeley', 'Karen Dotrice']","['banker', 'london, england', 'sibling relationship', 'based on novel or book', 'parent child relationship', 'magic', 'nanny', 'musical']"
47933,Independence Day: Resurgence,"['Action', 'Adventure', 'Science Fiction']",5.357,6427,6.1806,2016-06-22,165000000,389681935,"['Liam Hemsworth', 'Jeff Goldblum', 'Jessie T. Usher', 'Bill Pullman', 'Maika Monroe', 'Travis Tope']","['alien', 'alien invasion']"
385128,F9,"['Action', 'Adventure', 'Crime']",7.007,7681,6.8248,2021-05-19,200000000,726229501,"['Vin Diesel', 'Michelle Rodriguez', 'Tyrese Gibson', 'Ludacris', 'John Cena', 'Nathalie Emmanuel']","['speed', 'family relationships', 'sequel', 'nostalgic', 'duringcreditsstinger', 'fast car', 'brother brother relationship', 'cars']"
1220522,Dacoit,"['Action', 'Romance', 'Thriller']",6.3,3,7.2116,2026-04-10,0,0,"['Adivi Sesh', 'Mrunal Thakur', 'Anurag Kashyap', 'Prakash Raj', 'Sunil Varma', 'Zayn Marie Khan']","['betrayal', 'false imprisonment']"
2899,Asterix & Obelix: Mission Cleopatra,"['Family', 'Fantasy', 'Comedy', 'Adventure']",7.4,3764,6.0025,2002-01-30,58500000,131116046,"['Gérard Depardieu', 'Christian Clavier', 'Jamel Debbouze', 'Monica Bellucci', 'Alain Chabat', 'Claude Rich']","['egypt', 'magic', 'palace', 'civil engineer', 'cleopatra', 'ancient rome', 'ancient world', ""based on children's book""]"
2108,The Breakfast Club,"['Comedy', 'Drama']",7.723,8510,6.9193,1985-02-15,1000000,51530442,"['Emilio Estevez', 'Judd Nelson', 'Molly Ringwald', 'Anthony Michael Hall', 'Ally Sheedy', 'Paul Gleason']","['high school', 'coming of age', 'teen angst', 'detention', 'teenage rebellion', 'stereotype', '1980s', 'teenager']"
1042834,Eden,"['Thriller', 'Drama']",6.688,637,6.6593,2025-04-03,50000000,1907486,"['Jude Law', 'Ana de Armas', 'Daniel Brühl', 'Sydney Sweeney', 'Vanessa Kirby', 'Felix Kammerer']","['relationship problems', 'survival', 'neighborhood', 'neighbor neighbor relationship', 'aggressive', 'isolated island', 'life on the margin', 'struggle for independence']"
1015606,Obi-Wan Kenobi: A Jedi's Return,['Documentary'],6.79,1011,5.5952,2022-09-07,0,0,"['Ewan McGregor', 'Hayden Christensen', 'Deborah Chow', 'Moses Ingram', 'Vivien Lyra Blair', 'Joby Harold']","['behind the scenes', 'filmmaking', 'making of']"
1017163,The Roundup 4: Punishment,"['Action', 'Crime', 'Thriller', 'Comedy']",7.146,236,5.6831,2024-04-24,0,83703350,"['Don Lee', 'Kim Moo-yul', 'Park Ji-hwan', 'Lee Dong-hwi', 'Lee Ju-bin', 'Lee Beom-soo']","['casino', 'police', 'detective', 'sequel', 'illegal gambling', 'manila philippines', 'online gambling', 'intense']"
527641,Five Feet Apart,"['Romance', 'Drama']",8.215,5903,6.2223,2019-03-14,7000000,92600000,"['Haley Lu Richardson', 'Cole Sprouse', 'Moisés Arias', 'Kimberly Hébert Gregory', 'Parminder Nagra', 'Claire Forlani']","['forbidden love', 'terminal illness', 'hospital', 'best friend', 'falling in love', 'cystic fibrosis', 'star crossed lovers', 'first date']"
11621,Porco Rosso,"['Animation', 'Adventure', 'Fantasy']",7.798,3703,7.057,1992-07-18,9200000,44600000,"['Shūichirō Moriyama', 'Tokiko Kato', 'Bunshi Katsura VI', 'Tsunehiko Kamijô', 'Akemi Okamura', 'Akio Otsuka']","['beach', 'mediterranean', 'italy', 'fascism', 'transformation', 'singer', 'war hero', 'air pirate']"
997265,Rule 34,['Drama'],5.3,21,5.5351,2023-01-19,0,0,"['Sol Miranda', 'Lucas Andrade', 'Lorena Comparato', 'Isabela Mariotto', 'Georgette Fadel', 'Márcio Vito']","['bdsm', 'camgirl']"
196,Back to the Future Part III,"['Adventure', 'Comedy', 'Science Fiction']",7.491,11480,5.998,1990-05-25,40000000,244527583,"['Michael J. Fox', 'Christopher Lloyd', 'Mary Steenburgen', 'Thomas F. Wilson', 'Lea Thompson', 'Elisabeth Shue']","['california', 'saloon', 'sports car', 'inventor', 'horseback riding', 'indian territory', 'locomotive', 'time travel']"
225886,Sex Tape,['Comedy'],5.409,4213,7.2409,2014-07-17,40000000,126069509,"['Cameron Diaz', 'Jason Segel', 'Rob Corddry', 'Ellie Kemper', 'Rob Lowe', 'Jolene Blalock']","['marriage', 'internet', 'relationship', 'family', 'sex tape']"
11674,101 Dalmatians,"['Family', 'Comedy']",5.94,3622,7.2693,1996-11-27,54000000,320689294,"['Glenn Close', 'Jeff Daniels', 'Joely Richardson', 'Joan Plowright', 'Hugh Laurie', 'Mark Williams']","['london, england', 'fur', 'fashion designer', 'puppy', 'fur coat', ""based on children's book"", 'dog', 'dalmatian']"
1012201,HAIKYU!! The Dumpster Battle,"['Animation', 'Comedy']",7.689,241,6.3932,2024-02-16,5000000,100255784,"['Ayumu Murase', 'Kaito Ishikawa', 'Yuki Kaji', 'Yuichi Nakamura', 'Satoshi Hino', 'Koki Uchiyama']","['high school', 'sports', 'training', 'volleyball', 'sequel', 'high school sports', 'slice of life', 'tournament']"
6557,27 Dresses,"['Comedy', 'Romance']",6.454,3401,5.9963,2008-01-10,30000000,160300000,"['Katherine Heigl', 'James Marsden', 'Malin Åkerman', 'Judy Greer', 'Edward Burns', 'Melora Hardin']","['newspaper', 'new love', 'lovesickness', 'sibling relationship', 'wedding planner', 'witness', 'bride', 'bridesmaid']"
1382406,Striking Rescue,"['Action', 'Crime', 'Thriller']",7.433,163,7.1306,2024-12-05,0,0,"['Tony Jaa', 'Eason Hung Chun-Ga', 'Xing Yu', 'Philip Keung Ho-Man', 'Chen Duoyi', 'Peng Bo']",['revenge']
339964,Valerian and the City of a Thousand Planets,"['Adventure', 'Science Fiction', 'Action']",6.633,7964,6.5222,2017-07-19,177200000,225973340,"['Dane DeHaan', 'Cara Delevingne', 'Clive Owen', 'Rihanna', 'Ethan Hawke', 'Herbie Hancock']","['future', 'shapeshifting', 'space travel', 'utopia', 'based on comic', 'alien', 'alien planet', 'energy']"
637920,Miracle in Cell No. 7,['Drama'],8.252,4548,7.6461,2019-10-10,0,28000000,"['Aras Bulut Iynemli', 'Nisa Sofiya Aksongur', 'İlker Aksum', 'Mesut Akusta', 'Yıldıray Şahinler', 'Yurdaer Okur']","['parent child relationship', 'prison cell', 'remake', 'wrongful imprisonment', 'based on movie', 'mentally challenged']"
9693,Children of Men,"['Science Fiction', 'Thriller', 'Action']",7.609,7805,7.1564,2006-09-22,76000000,70595464,"['Clive Owen', 'Clare-Hope Ashitey', 'Chiwetel Ejiofor', 'Julianne Moore', 'Michael Caine', 'Pam Ferris']","['future', 'government', 'police state', 'based on novel or book', 'hippie', 'england', 'faith', 'chaos']"
1174024,Maybe More,"['Comedy', 'Drama']",5.816,106,5.9789,2024-04-03,0,0,"['Bernard Campan', 'Isabelle Carré', 'Pablo Pauly', 'Julia Faure']",[]
705996,Decision to Leave,"['Thriller', 'Mystery', 'Romance']",7.319,1493,7.3646,2022-06-29,0,16914773,"['Tang Wei', 'Park Hae-il', 'Lee Jung-hyun', 'Go Kyung-pyo', 'Park Yong-woo', 'Kim Shin-young']","['sea', 'secret love', 'police', 'widow', 'detective', 'mountain', 'investigation', 'language barrier']"
1319895,Hostile Takeover,"['Action', 'Comedy', 'Thriller']",6.816,76,6.2828,2025-08-08,0,0,"['Michael Jai White', 'Aimee Stolte', 'Dawn Olivieri', 'Aleks Paunovic', 'Benjamin Joel Arcé', 'Alex Mallari Jr.']",[]
842675,The Wandering Earth II,"['Science Fiction', 'Action', 'Adventure']",7.299,712,6.6582,2023-01-22,73800000,665000000,"['Wu Jing', 'Andy Lau', 'Li Xuejian', 'Sha Yi', 'Ning Li', 'Wang Zhi']","['space travel', 'space station', 'earth in peril', 'global threat', 'giant engine', 'global government', 'admiring']"
1571,Live Free or Die Hard,"['Action', 'Thriller']",6.641,6317,6.0383,2007-06-20,110000000,383531464,"['Bruce Willis', 'Timothy Olyphant', 'Justin Long', 'Cliff Curtis', 'Mary Elizabeth Winstead', 'Jonathan Sadowski']","['helicopter', 'washington dc, usa', 'hostage', 'detective', 'fbi', 'genius', 'sarcasm', 'parkour']"
341174,Fifty Shades Darker,"['Drama', 'Romance']",6.472,7923,6.4676,2017-02-08,55000000,381545846,"['Dakota Johnson', 'Jamie Dornan', 'Eric Johnson', 'Eloise Mumford', 'Bella Heathcote', 'Rita Ora']","['based on novel or book', 'boat', 'eroticism', 'kiss', 'sequel', 'bdsm', 'dreary']"
13885,Sweeney Todd: The Demon Barber of Fleet Street,"['Drama', 'Horror']",7.178,6315,6.5304,2007-12-21,50000000,153384272,"['Johnny Depp', 'Helena Bonham Carter', 'Alan Rickman', 'Timothy Spall', 'Sacha Baron Cohen', 'Jamie Campbell Bower']","['widow', 'asylum', 'confession', 'razor', 'villain', 'musical', 'beggar', 'based on play or musical']"
1064307,Spermageddon,"['Animation', 'Adventure', 'Fantasy', 'Comedy']",6.412,130,6.6366,2024-12-28,3000000,1333332,"['Christian Mikkelsen', 'Nasrin Khusrawi', 'Aksel Hennie', 'Mathilde Storm', 'Christian Rubeck', 'Bjørn Sundquist']","['sperm', 'musical', 'romcom', 'interracial romance', 'teenage girl', 'teenage boy', 'adult animation', 'multiple storylines']"
812225,Black Clover: Sword of the Wizard King,"['Animation', 'Fantasy', 'Action', 'Adventure']",8.079,372,6.8574,2023-06-16,0,0,"['Gakuto Kajiwara', 'Nobunaga Shimazaki', 'Junichi Suwabe', 'Kana Yuuki', 'Toshihiko Seki', 'Toshiyuki Morikawa']","['magic', 'based on manga', 'demon', 'wizard', 'shounen', 'anime']"
1791,The Piano Teacher,"['Drama', 'Romance']",7.259,1268,6.3183,2001-09-05,6200000,6766708,"['Isabelle Huppert', 'Annie Girardot', 'Benoît Magimel', 'Susanne Lothar', 'Udo Samel', 'Anna Sigalevitch']","['concert', 'based on novel or book', 'music teacher', 'fetish', 'conservatory', 'masochism', 'victim', 'piano lessons']"
6844,The Ten Commandments,"['Drama', 'History']",7.771,1844,6.3432,1956-10-05,13000000,122700000,"['Charlton Heston', 'Yul Brynner', 'Anne Baxter', 'Edward G. Robinson', 'Yvonne De Carlo', 'Debra Paget']","['egypt', 'israel', 'moses', 'ten commandments', 'christianity', 'slavery', 'miracle', 'bible']"
7551,Déjà Vu,"['Action', 'Thriller', 'Science Fiction']",6.88,5256,6.1496,2006-11-22,75000000,180557550,"['Denzel Washington', 'Paula Patton', 'Val Kilmer', 'Jim Caviezel', 'Adam Goldberg', 'Elden Henson']","['deja vu', 'technology', 'fbi', 'patriotism', 'new orleans, louisiana', 'time travel', 'wormhole', 'terrorism']"
322,Mystic River,"['Thriller', 'Crime', 'Drama', 'Mystery']",7.743,7416,6.6322,2003-10-08,25000000,156800000,"['Sean Penn', 'Tim Robbins', 'Kevin Bacon', 'Laurence Fishburne', 'Marcia Gay Harden', 'Laura Linney']","['child abuse', 'sexual abuse', ""workers' quarter"", 'based on novel or book', 'loss of loved one', 'suppressed past', 'boston, massachusetts', 'repayment']"
774370,Dog Man,"['Family', 'Comedy', 'Adventure', 'Animation', 'Action']",7.4,353,6.2118,2025-01-24,40000000,145603415,"['Peter Hastings', 'Pete Davidson', 'Lil Rel Howery', 'Isla Fisher', 'Lucas Hopkins Calderon', 'Ricky Gervais']","['villain', ""based on children's book"", 'spin off', 'police dog', 'human animal hybrid', 'amused']"
76757,Jupiter Ascending,"['Science Fiction', 'Fantasy', 'Action']",5.465,7089,6.9496,2015-02-04,176000000,184000000,"['Channing Tatum', 'Mila Kunis', 'Sean Bean', 'Eddie Redmayne', 'Douglas Booth', 'Tuppence Middleton']","['jupiter', 'space', 'space opera', 'woman director', 'interspecies romance']"
10112,The Aristocats,"['Animation', 'Comedy', 'Family', 'Adventure']",7.298,5348,7.934,1970-12-24,4000000,191000000,"['Phil Harris', 'Eva Gabor', 'Sterling Holloway', 'Scatman Crothers', 'Paul Winchell', 'Lord Tim Hudson']","['paris, france', 'return', 'butler', 'cartoon', 'villain', 'suspension', 'inheritance', 'cartoon cat']"
26389,From Paris with Love,"['Action', 'Crime', 'Thriller']",6.382,2304,5.8216,2010-02-04,52000000,52800000,"['John Travolta', 'Jonathan Rhys Meyers', 'Kasia Smutniak', 'Richard Durden', 'Bing Yin', 'Amber Rose Revah']","['central intelligence agency (cia)', 'ambassador', 'paris, france', 'undercover', 'explosive', 'anti hero', 'pimp', 'firearm']"
189,Sin City: A Dame to Kill For,"['Action', 'Crime', 'Thriller']",6.402,4144,6.6134,2014-08-20,65000000,39407616,"['Jessica Alba', 'Bruce Willis', 'Mickey Rourke', 'Josh Brolin', 'Joseph Gordon-Levitt', 'Eva Green']","['detective', 'dystopia', 'dominatrix', 'murder', 'twins', 'based on graphic novel', 'neo-noir']"
1372,Blood Diamond,"['Drama', 'Thriller', 'Action']",7.557,8291,6.3886,2006-12-08,100000000,171720398,"['Leonardo DiCaprio', 'Djimon Hounsou', 'Jennifer Connelly', 'Kagiso Kuypers', 'Arnold Vosloo', 'Antony Coleman']","['bootlegger', 'journalist', 'smuggling (contraband)', 'loss of loved one', 'africa', 'rwandan genocide', 'rebel', 'journalism']"
30494,Top Model,['Drama'],5.233,30,5.9614,1988-01-28,0,0,"['Jessica Moore', 'James Sutterfield', 'Ale Dugas', 'Laura Gemser', 'Jason Saucier', 'Lin Gathright']",['erotic movie']
20453,3 Idiots,"['Drama', 'Comedy']",7.997,2688,6.8888,2009-12-23,9000000,70000000,"['Aamir Khan', 'R. Madhavan', 'Sharman Joshi', 'Kareena Kapoor Khan', 'Boman Irani', 'Omi Vaidya']","['challenge', 'middle class', 'slapstick comedy', 'coming of age', 'flashback', 'teacher', 'friends', 'engineering']"
39514,RED,"['Action', 'Adventure', 'Comedy', 'Crime', 'Thriller']",6.705,7124,9.0118,2010-10-13,58000000,199006387,"['Bruce Willis', 'John Malkovich', 'Morgan Freeman', 'Helen Mirren', 'Mary-Louise Parker', 'Karl Urban']","['assassin', 'central intelligence agency (cia)', 'undercover agent', 'kidnapping', 'assault rifle', 'affectation', 'based on comic', 'shootout']"
454983,The Kissing Booth,"['Romance', 'Comedy']",7.164,7438,6.8462,2018-05-11,0,0,"['Joey King', 'Joel Courtney', 'Jacob Elordi', 'Molly Ringwald', 'Stephen Jennings', 'Carson White']","['based on novel or book', 'crush', 'los angeles, california', 'high school student', 'based on young adult novel']"
2907,The Addams Family,"['Comedy', 'Fantasy']",7.066,5024,5.9642,1991-11-22,30000000,191502426,"['Raúl Juliá', 'Anjelica Huston', 'Christopher Lloyd', 'Dan Hedaya', 'Elizabeth Wilson', 'Judith Malina']","['dancing', 'dead wish', 'secret passage', 'fencing', 'black humor', 'uncle', 'eccentric', 'mansion']"
1355140,Janur Ireng,"['Horror', 'Thriller']",6.333,6,6.0932,2025-12-24,0,0,"['Rio Dewanto', 'Marthino Lio', 'Nyimas Ratu Rafa', 'Tora Sudiro', 'Masayu Anastasia', 'Karina Suwandi']","['snake', 'tradition', 'mystic', 'goat', 'prequel', 'tragedy', 'slaughter', 'ghost']"
458376,Neo Chinpira 2: Zoom Goes the Bullet,[],0.0,0,6.3183,1991-04-12,0,0,"['Show Aikawa', 'Shiori Sakura', 'Chikako Aoyama', 'Rikiya Yasuoka', 'Tatsuo Yamada', 'Ren Osugi']",['v-cinema']
548,Rashomon,"['Crime', 'Drama', 'Mystery']",8.0,2505,6.059,1950-08-26,250000,117668,"['Toshirō Mifune', 'Machiko Kyō', 'Takashi Shimura', 'Masayuki Mori', 'Minoru Chiaki', 'Kichijirō Ueda']","['dying and death', 'japan', 'samurai', 'rape', 'court case', 'court', 'truth', 'rain']"
713607,Mom's Friend 2020,['Romance'],2.5,2,6.3753,2020-06-05,0,0,"['Kim Ji-ah', 'Lee Eun-mi', 'Han Seok-bong', 'Min Do-yoon']",['softcore']
9056,Police Story,"['Action', 'Crime', 'Comedy']",7.526,1035,9.3714,1985-12-14,500000,18724000,"['Jackie Chan', 'Brigitte Lin', 'Maggie Cheung', 'Bill Tung Biu', 'Chor Yuen', 'Charlie Cho Cha-Lee']","['martial arts', 'kung fu', 'undercover', 'chase', 'gangster', 'fistfight', 'car crash', 'sword fight']"
9804,Waterworld,"['Adventure', 'Action', 'Science Fiction']",6.226,4059,6.2094,1995-07-28,175000000,264218220,"['Kevin Costner', 'Dennis Hopper', 'Jeanne Tripplehorn', 'Tina Majorino', 'R. D. Call', 'Gerard Murphy']","['sailboat', 'human evolution', 'tattoo', 'ocean', 'mutant', 'pirate gang', 'pirate', 'melting ice caps']"
956,Mission: Impossible III,"['Adventure', 'Action', 'Thriller']",6.762,7586,6.4521,2006-04-25,150000000,398479497,"['Tom Cruise', 'Philip Seymour Hoffman', 'Ving Rhames', 'Billy Crudup', 'Michelle Monaghan', 'Jonathan Rhys Meyers']","['mask', 'mission', 'berlin, germany', 'central intelligence agency (cia)', 'computer', 'the white house', 'shanghai, china', 'funeral']"
9804,Waterworld,"['Adventure', 'Action', 'Science Fiction']",6.226,4059,6.2094,1995-07-28,175000000,264218220,"['Kevin Costner', 'Dennis Hopper', 'Jeanne Tripplehorn', 'Tina Majorino', 'R. D. Call', 'Gerard Murphy']","['sailboat', 'human evolution', 'tattoo', 'ocean', 'mutant', 'pirate gang', 'pirate', 'melting ice caps']"
956,Mission: Impossible III,"['Adventure', 'Action', 'Thriller']",6.762,7586,6.4521,2006-04-25,150000000,398479497,"['Tom Cruise', 'Philip Seymour Hoffman', 'Ving Rhames', 'Billy Crudup', 'Michelle Monaghan', 'Jonathan Rhys Meyers']","['mask', 'mission', 'berlin, germany', 'central intelligence agency (cia)', 'computer', 'the white house', 'shanghai, china', 'funeral']"
9373,The Texas Chainsaw Massacre,['Horror'],6.3,2885,6.525,2003-05-21,9500000,107385515,"['Jessica Biel', 'Jonathan Tucker', 'Andrew Bryniarski', 'Erica Leerhsen', 'Eric Balfour', 'Mike Vogel']","['suicide', 'sheriff', 'psychopath', 'trauma', 'telephone', 'gore', 'stalker', 'friends']"
854804,Movida,[],0.0,0,7.2386,2020-06-25,0,0,[],[]
777443,The Electric State,"['Science Fiction', 'Adventure', 'Action']",6.485,1637,6.7718,2025-03-07,320000000,0,"['Millie Bobby Brown', 'Chris Pratt', 'Ke Huy Quan', 'Jason Alexander', 'Woody Norman', 'Giancarlo Esposito']","['man vs machine', 'artificial intelligence (a.i.)', 'based on novel or book', 'robot', '1990s', 'quest for identity', 'young', 'missing brother']"
4614,The Sum of All Fears,"['Thriller', 'Action', 'Drama']",6.372,1942,3.2374,2002-05-31,68000000,193921372,"['Ben Affleck', 'Morgan Freeman', 'James Cromwell', 'Liev Schreiber', 'Bridget Moynahan', 'Alan Bates']","['central intelligence agency (cia)', 'usa president', 'based on novel or book', 'atomic bomb', 'spy', 'cold war', 'intelligence', 'chechnya']"
9362,Tremors,"['Horror', 'Action', 'Science Fiction', 'Comedy']",6.933,3542,6.4955,1990-01-19,11000000,48572000,"['Kevin Bacon', 'Fred Ward', 'Finn Carter', 'Michael Gross', 'Reba McEntire', 'Victor Wong']","['small town', 'nevada', 'old town', 'stranded', 'rural area', 'creature', 'tentacle', 'graboids']"
11220,Fallen Angels,"['Action', 'Romance', 'Crime']",7.7,1291,6.273,1995-09-06,0,0,"['Leon Lai Ming', 'Michele Reis', 'Takeshi Kaneshiro', 'Charlie Yeung Choi-Nei', 'Karen Mok Man-Wai', 'Chan Man-Lei']","['assassin', 'hitman', 'gambling', 'cigarette', 'surreal', 'beer', 'love', 'hong kong']"
524,Casino,"['Crime', 'Drama']",8.0,6506,6.6359,1995-11-22,50000000,116112375,"['Robert De Niro', 'Sharon Stone', 'Joe Pesci', 'James Woods', 'Don Rickles', 'Alan King']","['drug abuse', 'casino', 'based on novel or book', 'poker', 'italian american', 'gambling', '1970s', 'fbi']"
3049,Ace Ventura: Pet Detective,"['Comedy', 'Mystery', 'Crime']",6.579,6360,6.5103,1994-02-04,15000000,107217396,"['Jim Carrey', 'Courteney Cox', 'Sean Young', 'Tone Loc', 'Dan Marino', 'Noble Willingham']","['miami, florida', 'dolphin', 'detective', 'human animal relationship', 'stupidity', 'mascot', 'slapstick comedy', 'animals']"
1466115,Even If This Love Disappears Tonight,"['Romance', 'Drama']",8.276,156,6.2949,2025-12-24,0,5516015,"['Choo Young-woo', 'Shin Sia', 'Cho Yu-jung', 'Jin Ho-eun', 'Cho Han-cheul', 'Lee Chae-kyung']","['amnesia', 'based on novel or book', 'remake', 'tearjerker', 'reflective', 'high school romance', 'slow burn', 'pure love']"
1885,The Karate Kid,"['Action', 'Drama', 'Family']",7.219,4688,6.9777,1984-06-22,8000000,91138075,"['Ralph Macchio', 'Pat Morita', 'Elisabeth Shue', 'William Zabka', 'Martin Kove', 'Randee Heller']","['high school', 'friendship', 'martial arts', 'fight', 'painting', 'karate', 'bullying', 'sensei']"
77950,Turbo,"['Animation', 'Family']",6.268,3665,6.402,2013-07-11,135000000,282570682,"['Ryan Reynolds', 'Paul Giamatti', 'Michael Peña', 'Samuel L. Jackson', 'Luis Guzmán', 'Bill Hader']","['underdog', 'dreams', 'car race', 'sports', 'speed', 'villain', 'fast', 'anthropomorphism']"
1278101,Big World,"['Drama', 'Family']",8.066,76,7.1249,2024-12-27,7000000,109500000,"['Jackson Yee', 'Diana Lin Xiaojie', 'Jiang Qinqin', 'Zhou Yutong', 'Liao Xueqiu', 'Yue Xiaojun']","['coming of age', 'disability', 'cerebral palsy', 'woman director', 'jackson yee', 'grandma-grandson relationship']"
1412113,Squid Game: Making Season 2,['Documentary'],8.373,449,7.1426,2025-01-02,0,0,"['Hwang Dong-hyuk', 'Lee Jung-jae', 'Lee Byung-hun', 'Chae Kyoung-sun', 'Kim Ji-yong', 'Gong Yoo']",['making of']
594767,Shazam! Fury of the Gods,"['Comedy', 'Action', 'Fantasy']",6.4,3624,6.3414,2023-03-15,110000000,134221819,"['Zachary Levi', 'Asher Angel', 'Jack Dylan Grazer', 'Rachel Zegler', 'Adam Brody', 'Ross Butler']","['superhero', 'end of the world', 'super power', 'aftercreditsstinger', 'duringcreditsstinger', 'dc extended universe (dceu)', 'teenager', 'joyous']"
1126166,Flight Risk,"['Action', 'Thriller']",5.938,1145,6.5876,2025-01-22,25000000,48703174,"['Mark Wahlberg', 'Michelle Dockery', 'Topher Grace', 'Leah Remini', 'Maaz Ali', 'Paul Ben-Victor']","['pilot', 'u.s. marshal', 'fugitive', 'airplane accident', 'anchorage, alaska', 'cessna', 'accountant', 'airplane pilot']"
757725,Shadow Force,"['Action', 'Thriller']",6.334,292,6.9253,2025-05-01,40000000,5416976,"['Kerry Washington', 'Omar Sy', 'Jahleel Kamara', 'Mark Strong', ""Da'Vine Joy Randolph"", 'Method Man']","['espionage', 'spy', 'son', 'special forces', 'hunter are hunted', 'action thriller', 'bounty', 'husband and wife']"
9374,Death Becomes Her,"['Comedy', 'Fantasy', 'Horror']",6.78,2951,6.5745,1992-07-30,55000000,149000000,"['Meryl Streep', 'Goldie Hawn', 'Bruce Willis', 'Isabella Rossellini', 'Ian Ogilvy', 'Adam Storke']","['jealousy', 'immortality', 'beauty', 'rivalry', 'potion', 'drinking', 'body horror']"
1232546,Until Dawn,"['Horror', 'Mystery']",6.28,1384,7.4766,2025-04-23,15000000,54105064,"['Ella Rubin', 'Michael Cimino', 'Belmont Cameli', 'Maia Mitchell', 'Peter Stormare', ""Odessa A'zion""]","['witch', 'haunting', 'abandoned house', 'survival', 'memory loss', 'time loop', 'bear trap', 'slasher']"
10851,Revolver,"['Drama', 'Thriller', 'Crime', 'Mystery']",6.347,1532,6.3622,2005-09-11,27000000,7164778,"['Jason Statham', 'Ray Liotta', 'Vincent Pastore', 'André 3000', 'Terence Maynard', 'Andrew Howard']","['cash', 'wrong diagnosis', 'foretelling', 'waterboarding', 'safe box', 'reload', 'pinstripe suit', 'driving cap']"
1593282,SONE-852結婚式間近の花嫁、新郎との愛あるSEXよりも男性ウェディングプランナーから無理やり犯●れるほうがま●こビチャ濡れでイキまくる,[],0.0,0,5.6528,2025-07-22,0,0,['Riri Nanatsumori'],[]
938,For a Few Dollars More,['Western'],8.0,4412,5.9968,1965-12-18,600000,15000000,"['Clint Eastwood', 'Lee Van Cleef', 'Gian Maria Volonté', 'Luigi Pistilli', 'Klaus Kinski', 'Joseph Egger']","['bounty hunter', 'pot smoking', 'rural area', 'spaghetti western', 'right hand man', 'piano', 'excited', 'techniscope']"
1370,Rambo III,"['Action', 'Adventure', 'Thriller', 'War']",6.199,3460,6.8143,1988-05-24,63000000,189015611,"['Sylvester Stallone', 'Richard Crenna', 'Marc de Jonge', 'Kurtwood Smith', 'Spiros Focás', 'Sasson Gabai']","['submachine gun', 'competition', 'machinegun', 'liberation', 'soviet union', 'soviet military', 'thailand', 'freedom fighter']"
846422,The Old Guard 2,"['Action', 'Fantasy']",5.912,948,5.9302,2025-07-01,0,0,"['Charlize Theron', 'KiKi Layne', 'Matthias Schoenaerts', 'Marwan Kenzari', 'Luca Marinelli', 'Veronica Ngô']","['immortality', 'based on comic', 'interracial romance', 'lgbt', 'found family', 'queer', 'gay theme', 'body horror']"
1365683,Primavera,"['Music', 'Drama', 'History']",7.205,60,7.6154,2025-12-05,0,2861049,"['Tecla Insolia', 'Michele Riondino', 'Fabrizia Sacchi', 'Andrea Pennacchi', 'Valentina Bellè', 'Stefano Accorsi']","['venice, italy', 'orphanage', 'violin', 'orphan', '18th century', 'based on real person']"
14324,Virgin Territory,"['Adventure', 'Action', 'Comedy', 'Romance']",4.95,368,7.0497,2007-12-17,38000000,5410749,"['Hayden Christensen', 'Mischa Barton', 'Kate Groombridge', 'Rosalind Halstead', 'Tim Roth', 'Matthew Rhys']","['tuscany, italy', 'sex comedy', 'black death', 'plague', '14th century']"
688,The Bridges of Madison County,"['Drama', 'Romance']",7.705,2361,7.1652,1995-06-02,24000000,182000000,"['Meryl Streep', 'Clint Eastwood', 'Annie Corley', 'Victor Slezak', 'Jim Haynie', 'Sarah Zahn']","['adultery', 'secret love', 'husband wife relationship', 'based on novel or book', ""love of one's life"", 'unsociability', 'marriage crisis', 'photographer']"
1677,Ray,"['Drama', 'Music']",7.451,2197,6.7976,2004-10-29,40000000,124700000,"['Jamie Foxx', 'Kerry Washington', 'Regina King', 'Harry Lennix', 'Clifton Powell', 'Bokeem Woodbine']","['blindness and impaired vision', 'country music', 'jazz', 'loss of loved one', 'overdose', 'bus ride', 'georgia', 'melancholy']"
263472,Knock Knock,"['Horror', 'Thriller', 'Crime']",5.387,3466,6.6732,2015-06-26,10000000,6341684,"['Keanu Reeves', 'Lorenza Izzo', 'Ana de Armas', 'Aaron Burns', 'Colleen Camp', 'Ignacia Allamand']","['adultery', 'infidelity', 'sadism', 'cake', 'disc jockey', 'eroticism', 'rain', 'architect']"
7443,Chicken Run,"['Animation', 'Comedy', 'Family']",6.84,5385,6.4548,2000-06-23,45000000,224834564,"['Julia Sawalha', 'Mel Gibson', 'Imelda Staunton', 'Jane Horrocks', 'Lynn Ferguson', 'Miranda Richardson']","['farm', 'northern england', 'escape', 'raf (royal air force)', 'freedom', 'chicken', 'villain', 'yorkshire']"
159824,Hotel Transylvania 2,"['Animation', 'Comedy', 'Family', 'Fantasy']",6.764,6108,6.543,2015-09-21,80000000,473200000,"['Adam Sandler', 'Andy Samberg', 'Selena Gomez', 'Kevin James', 'Steve Buscemi', 'David Spade']","['hotel', 'witch', 'skeleton', 'magic', 'transylvania', 'technology', 'marriage', 'mummy']"
1215921,Last Train to Fortune,"['Drama', 'Western']",6.0,2,6.3711,2025-11-08,0,0,"['Malcolm McDowell', 'James Paxton', 'Mary Steenburgen', 'Bernadette Peters', 'Laura Marano']",[]
1542995,Bonolota Express,"['Drama', 'Comedy', 'Family']",8.8,5,7.4026,2026-03-21,0,0,"['Mosharraf Karim', 'Chanchal Chowdhury', 'Sabila Nur', 'Sariful Razz', 'Zakia Bari Mamo', 'Shamol Mawla']",[]
43949,Flipped,"['Romance', 'Drama']",8.007,3310,8.4946,2010-08-06,14000000,4324817,"['Madeline Carroll', 'Callan McAuliffe', 'Rebecca De Mornay', 'Anthony Edwards', 'John Mahoney', 'Penelope Ann Miller']","['based on novel or book', 'shyness', 'family relationships', 'unrequited love', 'neighbor', 'teenage boy', 'first crush', 'nostalgic']"
820067,The Quintessential Quintuplets Movie,"['Animation', 'Comedy', 'Romance']",8.279,439,6.8952,2022-05-20,0,17288993,"['Yoshitsugu Matsuoka', 'Kana Hanazawa', 'Ayana Taketatsu', 'Miku Ito', 'Ayane Sakura', 'Inori Minase']","['adolescence', 'twin sister', 'harem', 'sister', 'romance', 'slice of life', 'school', 'based on manga']"
1480382,The Voice of Hind Rajab,"['Drama', 'History']",8.062,283,5.5556,2025-09-10,0,5058441,"['Hind Rajab', 'Motaz Malhees', 'Saja Kilani', 'Amer Hlehel', 'Clara Khoury', 'Nesbat Serhan']","['palestinian-israeli conflict', 'palestine', 'war crimes', 'zionism', 'based on true story', 'child in peril', 'gaza strip', 'gaza']"
1158166,A Big Gay Hairy Hit! Where the Bears Are: The Documentary,"['Documentary', 'Comedy']",9.0,3,4.0891,2023-09-23,0,0,"['Ben Zook', 'Rick Copp', 'Joe Dietl', 'Ian Parks', 'Scott Beauchemin', 'Karamo Brown']","['lgbt', 'gay bears', 'gay theme']"
825228,Molester Diary: A Man Who Kept Stroking Ass 6,[],0.0,0,6.0704,1998-12-20,0,0,"['Hanako Kikuchi', 'Hitoe Ootake', 'Mao Misaki', 'Yukijiro Hotaru', 'Miyako Yamaguchi', 'Yoichi Nukumizu']",[]
58574,Sherlock Holmes: A Game of Shadows,"['Adventure', 'Mystery', 'Crime']",7.144,10904,5.8038,2011-11-22,125000000,334615000,"['Robert Downey Jr.', 'Jude Law', 'Noomi Rapace', 'Jared Harris', 'Rachel McAdams', 'Eddie Marsan']","['london, england', 'paris, france', 'detective', 'detective inspector', 'steampunk', 'buddy', 'criminal mastermind', '19th century']"
44741,Malicious,['Comedy'],7.304,354,6.199,1973-03-29,0,109133,"['Laura Antonelli', 'Turi Ferro', 'Alessandro Momo', 'Tina Aumont', 'Lilla Brignone', 'Pino Caruso']","['virgin', 'blackmail', 'underwear', 'taboo', 'housekeeper', 'voyeur', 'father son relationship']"
303991,Demolition,"['Comedy', 'Drama']",6.845,2486,7.5202,2016-04-06,10000000,4366460,"['Jake Gyllenhaal', 'Naomi Watts', 'Chris Cooper', 'Judah Lewis', 'C.J. Wilson', 'Polly Draper']","['infidelity', 'new york city', 'loss of loved one', 'pregnancy', 'dark comedy', 'carousel ', 'father-in-law', 'car crash']"
1116201,Iron Lung,"['Horror', 'Mystery', 'Science Fiction']",7.3,136,6.6189,2026-01-29,3000000,51226173,"['Mark Fischbach', 'Caroline Kaplan', 'Troy Baker', 'Elsie Lovelock', 'Elle LaMont', 'Mick Lauer']","['future', 'moon', 'submarine', 'expedition', 'post-apocalyptic future', 'hallucination', 'gore', 'space']"
9603,Clueless,"['Comedy', 'Romance']",7.25,4782,6.1347,1995-07-19,12000000,56631572,"['Alicia Silverstone', 'Stacey Dash', 'Brittany Murphy', 'Paul Rudd', 'Donald Faison', 'Elisa Donovan']","['puberty', 'high school', 'based on novel or book', 'make a match', 'spoiled child', 'coming of age', 'matchmaking', 'conflict']"
522627,The Gentlemen,"['Comedy', 'Crime', 'Action']",7.663,6561,6.8804,2020-01-01,22000000,115171795,"['Matthew McConaughey', 'Charlie Hunnam', 'Michelle Dockery', 'Jeremy Strong', 'Lyne Renee', 'Colin Farrell']","['london, england', 'robbery', 'businessman', 'gangster', 'dark comedy', 'betrayal', 'marijuana', 'business']"
44048,Unstoppable,"['Action', 'Thriller']",6.61,3871,5.8616,2010-11-04,100000000,167805466,"['Denzel Washington', 'Chris Pine', 'Rosario Dawson', 'Kevin Dunn', 'Kevin Corrigan', 'Lew Temple']","['pennsylvania, usa', 'locomotive', 'freight train', 'evacuation', 'based on true story', 'train', 'train conductor', 'runaway train']"
881,A Few Good Men,['Drama'],7.545,4127,6.7957,1992-12-11,40000000,243240178,"['Tom Cruise', 'Jack Nicholson', 'Demi Moore', 'Kevin Bacon', 'Kiefer Sutherland', 'Kevin Pollak']","['underdog', 'dying and death', 'suicide', 'navy', 'right and justice', 'court case', 'suspicion of murder', 'guantanamo bay']"
793602,Favorite Concubine,['Drama'],5.0,2,6.0405,2020-12-24,0,0,"['Rika', 'Min Do-yoon', 'James']","['softcore', '리카', '한국에로', '성애영화']"
1669061,Pasakalye,"['Drama', 'Action']",1.0,1,5.8287,2026-05-05,0,0,"['Marco Gumabao', 'Andrew Muhlach', 'Denise Esteban', 'Angelica Hart', 'Jeric Raval']",['sexy']
1241693,Do Deewane Seher Mein,"['Romance', 'Drama', 'Comedy']",6.111,9,6.3074,2026-02-20,0,0,"['Siddhant Chaturvedi', 'Mrunal Thakur', 'Ila Arun', 'Joy Sengupta', 'Ayesha Raza Mishra', 'Viraj Ghelani']",[]
251783,Pleasure or Pain,"['Drama', 'Thriller']",4.832,92,6.6664,2013-09-05,0,0,"['Malena Morgan', 'Christos Vasilopoulos', 'Daniel Sobieray', 'Kayla Jane', 'Elle Alexandra', 'Hayden Hawkens']","['designer', 'seduction', 'erotic movie']"
334541,Manchester by the Sea,['Drama'],7.554,6388,6.944,2016-11-17,9000000,79000000,"['Casey Affleck', 'Lucas Hedges', 'Michelle Williams', 'Kyle Chandler', 'C.J. Wilson', 'Gretchen Mol']","['funeral', 'boston, massachusetts', 'brother', 'boat', 'sadness', 'massachusetts', 'melancholy', 'loss']"
1907,The Beach,"['Drama', 'Adventure', 'Romance', 'Thriller']",6.483,4693,6.5986,2000-02-03,40000000,144056873,"['Leonardo DiCaprio', 'Virginie Ledoyen', 'Guillaume Canet', 'Tilda Swinton', 'Staffan Kihlbom', 'Paterson Joseph']","['exotic island', 'beach', 'based on novel or book', 'hippie', 'map', 'commune', 'delusion', 'shark attack']"
4561,The Story of O,['Drama'],5.5,178,6.4456,1975-08-27,0,0,"['Corinne Cléry', 'Udo Kier', 'Alain Noury', 'Anthony Steel', 'Jean Gaven', 'Christiane Minazzoli']","['bondage', 'based on novel or book', 'eroticism', 'sadomasochism', 'fashion photographer', 'subjection', 'bdsm', 'kinky sex']"
6145,Fracture,['Thriller'],7.26,4292,6.7472,2007-04-19,10000000,91354215,"['Anthony Hopkins', 'Ryan Gosling', 'David Strathairn', 'Rosamund Pike', 'Embeth Davidtz', 'Billy Burke']","['perfect crime', 'prosecution', 'legal thriller']"
18405,The Last House on the Left,"['Crime', 'Thriller', 'Horror', 'Drama']",6.497,1944,6.2454,2009-03-13,15000000,32721635,"['Tony Goldwyn', 'Monica Potter', 'Sara Paxton', 'Garret Dillahunt', 'Aaron Paul', 'Spencer Treat Clark']","['lake', 'rape', 'kidnapping', 'psychopath', 'sadistic', 'forest', 'dysfunctional family', 'remake']"
399402,Hunter Killer,"['Action', 'Adventure', 'Thriller']",6.902,2389,5.6291,2018-10-19,40000000,31672678,"['Gerard Butler', 'Gary Oldman', 'Toby Stephens', 'Common', 'Linda Cardellini', 'David Gyasi']","['washington dc, usa', 'covert operation', 'russian army', 'russian president', 'rescue operation', 'submarine warfare', 'international crisis', 'post‑cold‑war tension']"
1669,The Hunt for Red October,"['Action', 'Thriller']",7.382,3608,5.2559,1990-03-02,30000000,200512643,"['Sean Connery', 'Alec Baldwin', 'Scott Glenn', 'Sam Neill', 'James Earl Jones', 'Joss Ackland']","['based on novel or book', 'submarine', 'cold war', 'intelligence', 'u.s. navy', 'defection', 'jack ryan', 'ex military']"
447404,Pokémon Detective Pikachu,"['Action', 'Adventure', 'Fantasy']",6.906,7327,6.8643,2019-05-03,150000000,450063166,"['Ryan Reynolds', 'Justice Smith', 'Kathryn Newton', 'Bill Nighy', 'Ken Watanabe', 'Chris Geere']","['amnesia', 'detective', 'car crash', 'whodunit', 'based on video game', 'missing person', 'missing parent', 'buddy comedy']"
376867,Moonlight,['Drama'],7.357,7517,7.2339,2016-10-21,4000000,65046687,"['Trevante Rhodes', 'André Holland', 'Janelle Monáe', 'Ashton Sanders', 'Jharrel Jerome', 'Alex R. Hibbert']","['drug dealer', 'high school', 'florida', 'drug abuse', 'miami, florida', 'parent child relationship', 'fight', 'homophobia']"
3782,Ikiru,['Drama'],8.3,1338,7.3148,1952-10-09,0,55240,"['Takashi Shimura', 'Haruo Tanaka', 'Nobuo Kaneko', 'Bokuzen Hidari', 'Miki Odagiri', 'Shinichi Himori']","['dying and death', 'japan', 'bureaucracy', 'age difference', 'praise', 'office', 'night life', 'sense of life']"
22894,Legion,"['Action', 'Fantasy', 'Horror']",5.895,2846,6.9474,2010-01-21,26000000,67918658,"['Paul Bettany', 'Dennis Quaid', 'Lucas Black', 'Kate Walsh', 'Tyrese Gibson', 'Adrianne Palicki']","['angel', 'supernatural', 'diner', 'religion', 'apocalypse', 'demon', 'desert', 'dark fantasy']"
1170608,Dune: Part Three,"['Science Fiction', 'Adventure', 'Action']",0.0,0,6.8732,2026-12-16,0,0,"['Timothée Chalamet', 'Zendaya', 'Jason Momoa', 'Florence Pugh', 'Rebecca Ferguson', 'Isaach de Bankolé']","['based on novel or book', 'space sci-fi', 'dune']"
1147710,Hijack 1971,"['Action', 'Thriller', 'Crime']",6.682,146,7.0657,2024-06-21,0,14602614,"['Ha Jung-woo', 'Yeo Jin-goo', 'Sung Dong-il', 'Chae Soo-bin', 'Moon You-kang', 'Kim Sun-young']","['airplane', '1970s', 'hijacking', 'based on true story', 'airplane hijacking', 'terrorist bombing', 'inter-korean relations']"
83542,Cloud Atlas,"['Drama', 'Science Fiction']",6.9,7500,5.8904,2012-10-26,102000000,130482868,"['Tom Hanks', 'Halle Berry', 'Jim Broadbent', 'Hugo Weaving', 'Jim Sturgess', 'Bae Doona']","['future', 'artificial intelligence (a.i.)', 'based on novel or book', 'san francisco, california', 'clone', 'dystopia', 'lgbt', 'multiple storylines']"
923667,Twilight of the Warriors: Walled In,"['Action', 'Crime', 'Thriller']",7.005,439,7.3993,2024-05-01,38400000,95399186,"['Raymond Lam Fung', 'Louis Koo', 'Sammo Hung Kam-Bo', 'Richie Jen', 'Terrance Lau Chun-Him', 'Kenny Wong Tak-Ban']","['martial arts', 'kung fu', 'based on comic', 'absurd', 'based on manhwa', 'first part']"
1445276,A Love Too Captivating,"['Romance', 'Animation']",7.4,5,6.1039,2025-04-06,0,0,"['Chiaki Kobayashi', 'Takeo Otsuka']","['friendship', 'delinquent', 'based on manga', 'lgbt', 'anime', ""boys' love (bl)""]"
532153,Amazon Hot Box,"['Horror', 'Action', 'Drama']",3.9,21,6.5324,2018-06-15,0,0,"['Ellie Church', 'Tristan Risk', 'Kelsey Carlisle', 'Jett Bryant', 'Kris Donta', 'Janine Cygan']","['selva', 'women in prison']"
931102,Ride On,"['Action', 'Comedy', 'Drama']",7.205,409,7.5032,2023-04-07,0,36232675,"['Jackie Chan', 'Liu Haocun', 'Guo Qilin', 'Wu Jing', 'Yu Ailei', 'Joey Yung Jo-Yee']","['horse', 'stuntman', 'animals', 'viral video', 'father daughter relationship', 'skilled fighter']"
338970,Tomb Raider,"['Action', 'Adventure', 'Fantasy']",6.365,8328,6.8672,2018-03-05,94000000,274650803,"['Alicia Vikander', 'Dominic West', 'Walton Goggins', 'Daniel Wu', 'Kristin Scott Thomas', 'Derek Jacobi']","['island', 'treasure hunt', 'remake', 'female protagonist', 'heiress', 'based on video game', 'bicycle courier', 'missing person']"
531428,Portrait of a Lady on Fire,"['Drama', 'Romance']",8.1,2912,6.8243,2019-09-06,5740000,9923127,"['Noémie Merlant', 'Adèle Haenel', 'Luàna Bajrami', 'Valeria Golino', 'Christel Baras', 'Armande Boulanger']","['island', 'fire', 'beach', 'arranged marriage', 'classical music', 'painting', 'painter', 'greek mythology']"
5503,The Fugitive,"['Action', 'Thriller', 'Drama']",7.477,4766,6.5157,1993-08-06,44000000,353808222,"['Harrison Ford', 'Tommy Lee Jones', 'Joe Pantoliano', 'Jeroen Krabbé', 'Daniel Roebuck', 'L. Scott Caldwell']","['chicago, illinois', 'escape', 'chase', 'doomed man', 'surgeon', 'death sentence', 'u.s. marshal', 'flashback']"
14001,Dead Silence,['Horror'],6.447,2439,6.9106,2007-03-16,20000000,22382047,"['Ryan Kwanten', 'Amber Valletta', 'Donnie Wahlberg', 'Bob Gunton', 'Laura Regan', 'Michael Fairman']","['funeral', 'legend', 'tombstone', 'detective', 'supernatural', 'clown', 'flashback', 'ventriloquist']"
16366,Joseph: King of Dreams,"['Family', 'Animation', 'Drama']",6.9,1066,3.1942,2000-11-07,0,0,"['Ben Affleck', 'Mark Hamill', 'Richard Herd', 'Maureen McGovern', 'Jodi Benson', 'Judith Light']","['faith', 'bible', 'musical', 'ancient egypt', 'christian film']"
1185528,Legends of the Condor Heroes: The Gallants,"['Action', 'Drama', 'History']",6.853,85,6.682,2025-01-29,0,89406052,"['Xiao Zhan', 'Sabrina Zhuang', 'Tony Leung Ka-fai', 'Zhang Wenxin', 'Bayaertu', 'Alan Aruna']","['based on novel or book', 'absurd']"
613,Downfall,"['Drama', 'History', 'War']",7.861,4284,6.4558,2004-09-16,16000000,92181574,"['Bruno Ganz', 'Alexandra Maria Lara', 'Corinna Harfouch', 'Ulrich Matthes', 'Juliane Köhler', 'Heino Ferch']","['dying and death', 'based on novel or book', 'nazi', 'clerk', 'dictator', 'poison', 'despair', 'traitor']"
68735,Warcraft,"['Action', 'Adventure', 'Fantasy']",6.402,7234,7.0486,2016-05-25,160000000,433677183,"['Travis Fimmel', 'Paula Patton', 'Ben Foster', 'Dominic Cooper', 'Ben Schnetzer', 'Toby Kebbell']","['elves', 'dwarf', 'magic', 'betrayal', 'king', 'guardian', 'based on video game', 'wizard']"
1392796,Diary of a Wimpy Kid: The Last Straw,"['Animation', 'Family', 'Comedy']",6.758,33,6.6658,2025-12-04,0,0,"['Aaron D. Harris', 'Chris Diamantopoulos', 'Erica Cerra', 'Hunter Dillon', 'Jude Zarzaur', 'Gracen Newton']","['based on novel or book', 'sequel', 'christmas']"
126963,Dragon Ball Z: Battle of Gods,"['Animation', 'Action', 'Science Fiction']",6.818,1640,6.4008,2013-03-30,0,50461371,"['Masako Nozawa', 'Koichi Yamadera', 'Masakazu Morita', 'Ryo Horikawa', 'Hiromi Tsuru', 'Joji Yanami']","['martial arts', 'god', 'battle', 'destruction', 'shounen', 'anime', 'adventure']"
392044,Murder on the Orient Express,"['Mystery', 'Drama', 'Crime']",6.707,10514,6.2518,2017-11-03,55000000,352800000,"['Kenneth Branagh', 'Tom Bateman', 'Michelle Pfeiffer', 'Johnny Depp', 'Josh Gad', 'Willem Dafoe']","['princess', 'based on novel or book', 'venice, italy', 'professor', 'detective', 'investigation', 'orient express', 'knife']"
392044,Murder on the Orient Express,"['Mystery', 'Drama', 'Crime']",6.707,10514,6.2518,2017-11-03,55000000,352800000,"['Kenneth Branagh', 'Tom Bateman', 'Michelle Pfeiffer', 'Johnny Depp', 'Josh Gad', 'Willem Dafoe']","['princess', 'based on novel or book', 'venice, italy', 'professor', 'detective', 'investigation', 'orient express', 'knife']"
1241983,Train Dreams,['Drama'],7.319,974,6.8778,2025-11-05,10000000,0,"['Joel Edgerton', 'Felicity Jones', 'Nathaniel Arcand', 'Clifton Collins Jr.', 'John Diehl', 'Paul Schneider']","['husband wife relationship', 'based on novel or book', 'slice of life', 'lumberjack', 'logger', 'railroad worker', 'pacific northwest', 'poetic']"
218746,Young Mother,"['Comedy', 'Romance']",5.0,20,6.3096,2013-07-31,0,0,"['Joo In-cheol', 'Lee Eun-mi', 'Yeon Hee', 'Kim Min-jeong', 'Jae Hoon Jeong', 'Jeong Bong-jae']","['mother', 'teacher', 'softcore']"
799882,The Bluff,"['Drama', 'Action', 'Thriller']",6.505,107,7.9685,2026-02-17,0,0,"['Priyanka Chopra Jonas', 'Karl Urban', 'Safia Oakley-Green', 'Ismael Cruz Cordova', 'Temuera Morrison', 'Vedanten Naidoo']","['pirate', 'sister-in-law', 'caribbean sea', '19th century', 'female pirate', 'old grudge', 'caribbean', 'running from the past']"
337401,Mulan,"['Adventure', 'Fantasy', 'Action']",6.83,7025,7.4159,2020-09-04,200000000,69965374,"['Liu Yifei', 'Donnie Yen', 'Gong Li', 'Jet Li', 'Jason Scott Lee', 'Yoson An']","['martial arts', 'hero', 'china', 'fake identity', 'honor', 'east asian lead', 'heroine', 'based on myths, legends or folklore']"
11690,Bloodsport,"['Action', 'Thriller', 'Drama']",7.028,2129,7.5849,1988-02-26,1500000,63500000,"['Jean-Claude Van Damme', 'Donald Gibb', 'Leah Ayres', 'Norman Burton', 'Forest Whitaker', 'Bolo Yeung']","['martial arts', 'sports', 'biography', 'fistfight', 'sensei', 'mixed martial arts (mma)', 'hong kong', 'tournament']"
1317512,The World of Love,['Drama'],7.5,13,5.9034,2025-10-22,0,1084077,"['Seo Su-bin', 'Jang Hye-jin', 'Kim Jeong-sik', 'Kang Chae-yun', 'Lee Jae-hee', 'Park Ji-yun']",['high school']
927254,The Twits,"['Animation', 'Comedy', 'Family', 'Fantasy']",5.921,101,6.0816,2025-10-17,0,0,"['Margo Martindale', 'Johnny Vegas', 'Maitreyi Ramakrishnan', 'Ryan Anderson Lopez', 'Emilia Clarke', 'Natalie Portman']","[""based on children's book"", 'duringcreditsstinger']"
1571470,The Rats: A Witcher Tale,"['Fantasy', 'Drama', 'Adventure']",5.417,151,6.5791,2025-10-29,0,0,"['Christelle Elwin', 'Ben Radcliffe', 'Fabian McCallum', 'Aggy K. Adams', 'Connor Crawford', 'Juliette Alexandra']","['witch', 'monster', 'based on novel or book', 'magic', 'mutant', 'supernatural', 'prequel', 'spin off']"
75,Mars Attacks!,"['Comedy', 'Fantasy', 'Science Fiction']",6.422,5856,6.3117,1996-12-13,70000000,101371017,"['Jack Nicholson', 'Glenn Close', 'Annette Bening', 'Pierce Brosnan', 'Danny DeVito', 'Martin Short']","['usa president', 'the white house', 'planet mars', 'saving the world', 'cataclysm', 'total destruction', 'laser gun', 'ambassador']"
492188,Marriage Story,['Drama'],7.733,7389,6.3861,2019-09-28,18000000,333686,"['Adam Driver', 'Scarlett Johansson', 'Laura Dern', 'Alan Alda', 'Ray Liotta', 'Julie Hagerty']","['infidelity', 'new york city', 'husband wife relationship', 'parent child relationship', 'theatre group', 'theater director', 'lawyer', 'los angeles, california']"
375846,Bad Sister,"['Thriller', 'TV Movie']",6.558,243,6.1135,2015-08-24,0,0,"['Alyshia Ochse', 'Devon Werkheiser', 'Ryan Whitney', 'Helen Eigenberg', 'Robert Leeshock', 'Lise Simms']",['erotic thriller']
276907,Legend,"['Crime', 'Thriller']",7.056,4254,6.504,2015-09-09,25000000,42972994,"['Tom Hardy', 'Emily Browning', 'Christopher Eccleston', 'David Thewlis', 'Taron Egerton', 'Chazz Palminteri']","['gangster', 'biography', 'based on true story', 'twins', 'aggressive', 'cautionary', 'dramatic', 'foreboding']"
763164,Apex,"['Action', 'Thriller', 'Science Fiction']",5.15,607,5.9052,2021-11-12,0,0,"['Neal McDonough', 'Bruce Willis', 'Corey Large', 'Alexia Fast', 'Nels Lennarson', 'Megan Peta Hill']","['prisoner', 'hologram', 'decapitation', 'hunting', 'land mine', 'decapitated head', 'near future', 'explosions']"
23168,The Town,"['Crime', 'Drama', 'Thriller']",7.22,5608,7.0576,2010-09-15,37000000,154026136,"['Ben Affleck', 'Jeremy Renner', 'Rebecca Hall', 'Jon Hamm', 'Blake Lively', 'George Carroll']","['drug dealer', 'based on novel or book', 'ambulance', 'boston, massachusetts', 'money laundering', 'irish-american', 'bank manager', 'massachusetts']"
363676,Sully,"['Drama', 'History']",7.203,7691,7.0396,2016-09-07,60000000,240800000,"['Tom Hanks', 'Aaron Eckhart', 'Anna Gunn', 'Holt McCallany', ""Mike O'Malley"", 'Jamey Sheridan']","['rescue', 'new york city', 'airplane', 'investigation', 'pilot', 'based on true story', 'emergency landing', 'flight']"
1196656,Sugar Baby,['Romance'],5.2,10,6.2303,2023-11-24,0,0,"['Azi Acosta', 'Robb Guinto', 'Jeffrey Hidalgo', 'Josef Elizalde', 'Ralmon Mendoza', 'Kian Co']",[]
76025,Shame,['Drama'],6.925,3396,6.5862,2011-10-02,6500000,3909002,"['Michael Fassbender', 'Carey Mulligan', 'James Badge Dale', 'Nicole Beharie', 'Lucy Walters', 'Mari-Ange Ramirez']","['new york city', 'pornography', 'sex addiction', 'co-workers relationship', 'internet porn', 'self-loathing', 'brother sister relationship']"
63,Twelve Monkeys,"['Science Fiction', 'Thriller', 'Mystery']",7.607,9082,6.7721,1995-12-29,29000000,168841459,"['Bruce Willis', 'Madeleine Stowe', 'Brad Pitt', 'Christopher Plummer', 'David Morse', 'Jon Seda']","['biological weapon', 'philadelphia, pennsylvania', 'schizophrenia', 'stockholm syndrome', 'airplane', 'world war i', 'underground', 'insanity']"
10096,13 Going on 30,"['Comedy', 'Fantasy', 'Romance']",6.771,5521,6.2975,2004-04-13,37000000,96458118,"['Jennifer Garner', 'Mark Ruffalo', 'Judy Greer', 'Andy Serkis', 'Kathy Baker', 'Phil Reeves']","['new york city', 'photographer', 'editor-in-chief', 'time travel', 'wish', 'beautiful woman', 'child as an adult', 'friends in love']"
4488,Friday the 13th,['Horror'],6.4,3319,6.1221,1980-05-09,550000,39925100,"['Adrienne King', 'Betsy Palmer', 'Kevin Bacon', 'Jeannine Taylor', 'Harry Crosby', 'Laurie Bartram']","['lake', 'new jersey', 'drowning', 'summer camp', 'sadism', 'villain', 'woods', 'revenge']"
1189518,Vaazha,"['Comedy', 'Drama']",6.6,24,7.161,2024-08-15,0,0,"['Siju Sunny', 'Joemon Jyothir', 'Saaf', 'Amith Mohan Rajeswari', 'Ajin Joy', 'Azees Nedumangad']",[]
167,K-PAX,"['Science Fiction', 'Drama', 'Mystery']",7.209,2732,4.6235,2001-10-26,48000000,50315140,"['Jeff Bridges', 'Kevin Spacey', 'Mary McCormack', 'Alfre Woodard', 'David Patrick Kelly', 'Saul Williams']","['dreams', 'robbery', 'investigation', 'hypnosis', 'alien', 'murder', 'hospital', 'planet']"
7446,Tropic Thunder,"['Action', 'Comedy', 'Adventure', 'War']",6.713,6927,7.6912,2008-08-09,92000000,195702811,"['Ben Stiller', 'Robert Downey Jr.', 'Jack Black', 'Jay Baruchel', 'Brandon T. Jackson', 'Brandon Soo Hoo']","['vietnam', 'movie business', 'satire', 'parody', 'jungle', 'movie star', 'southeast asia', 'land mine']"
109689,I Want You,"['Drama', 'Romance']",7.449,1956,6.9316,2012-06-22,0,24016152,"['María Valverde', 'Mario Casas', 'Clara Lago', 'Álvaro Cervantes', 'Diego Martín', 'Marina Salas']","['friendship', 'based on novel or book', 'rebel', 'sequel', 'motor sport', 'street race', 'love', 'teenage love']"
1933,The Others,"['Horror', 'Mystery', 'Thriller']",7.617,7134,6.4994,2001-08-02,17000000,210002906,"['Nicole Kidman', 'Alakina Mann', 'James Bentley', 'Fionnula Flanagan', 'Christopher Eccleston', 'Eric Sykes']","['nightmare', 'suicide attempt', 'shotgun', 'servant', 'cemetery', 'world war ii', 'nanny', 'haunted house']"
448119,Dolittle,"['Family', 'Comedy', 'Fantasy', 'Adventure']",6.6,3861,6.4917,2020-01-02,175000000,251410631,"['Robert Downey Jr.', 'Harry Collett', 'Michael Sheen', 'Jim Broadbent', 'Antonio Banderas', 'Rami Malek']","['ship', 'island', 'based on novel or book', 'victorian england', 'doctor', ""based on children's book"", 'animals', 'veterinary']"
766,Army of Darkness,"['Fantasy', 'Horror', 'Comedy']",7.263,3494,5.9678,1992-10-31,11000000,21502976,"['Bruce Campbell', 'Embeth Davidtz', 'Marcus Gilbert', 'Ian Abercrombie', 'Richard Grove', 'Michael Earl Reid']","['witch', 'skeleton', 'swordplay', 'supermarket', 'prophecy', 'castle', 'time travel', 'catapult']"
8247,Jumper,"['Action', 'Adventure', 'Science Fiction']",6.16,6209,7.4388,2008-02-13,85000000,222231186,"['Hayden Christensen', 'Jamie Bell', 'Samuel L. Jackson', 'Rachel Bilson', 'Michael Rooker', 'Diane Lane']","['adolescence', 'based on novel or book', 'loss of loved one', 'motherly love', 'super power', 'identity conflict', 'teleportation ability', 'global chase']"
146451,Private Number 91-Karlsson,['Comedy'],7.2,15,5.7204,1946-09-02,0,0,"['Gus Dahlström', 'Holger Höglund', 'Fritiof Billquist', 'Siv Thulin', 'Douglas Håge', 'Thor Modéen']",[]
28178,Hachi: A Dog's Tale,"['Drama', 'Family']",8.006,7155,7.6392,2009-06-08,16000000,46800000,"['Richard Gere', 'Joan Allen', 'Sarah Roemer', 'Cary-Hiroyuki Tagawa', 'Erick Avari', 'Robbie Sublett']","['friendship', 'loyalty', 'pet', 'human animal relationship', 'family relationships', 'friends', 'dog', 'newspaper reporter']"
449443,Den of Thieves,"['Crime', 'Thriller', 'Action']",6.9,3383,6.4416,2018-01-18,30000000,80509622,"['Gerard Butler', 'Pablo Schreiber', ""O'Shea Jackson Jr."", '50 Cent', 'Meadow Williams', 'Maurice Compte']","['police brutality', 'detective', 'fbi', 'assault rifle', 'deputy sheriff', 'investigation', 'strip club', 'donut']"
112160,Sexual Chronicles of a French Family,"['Comedy', 'Drama', 'Romance']",5.379,402,7.1704,2012-05-09,0,0,"['Mathias Melloul', 'Valérie Maës', 'Stephan Hersoen', 'Pierre Perrier', 'Yan Brian', 'Adeline Rebeillard']","['virgin', 'husband wife relationship', 'sexual frustration', 'parent child relationship', 'grandparent grandchild relationship', 'sexuality', 'loss of virginity', 'family relationships']"
146,"Crouching Tiger, Hidden Dragon","['Adventure', 'Drama', 'Action', 'Romance']",7.435,3545,6.5665,2000-07-06,17000000,213978518,"['Chow Yun-Fat', 'Michelle Yeoh', 'Zhang Ziyi', 'Chang Chen', 'Lung Sihung', 'Cheng Pei-Pei']","['martial arts', 'kung fu', 'based on novel or book', 'flying', 'taskmaster', 'sword', 'tiger', 'villainess']"
2322,Sneakers,"['Comedy', 'Crime', 'Drama']",6.914,1049,6.7225,1992-09-09,23000000,105232691,"['Robert Redford', 'Sidney Poitier', 'David Strathairn', 'Dan Aykroyd', 'River Phoenix', 'Ben Kingsley']","['hacker', 'mathematician', 'assignment', 'calm', 'relaxed', 'sympathetic']"
532794,Sex Plate 17,"['Comedy', 'Drama', 'Romance']",6.192,13,5.6851,2017-11-13,0,0,"['Choi Jae-hwan', 'Park Kyoung-hee', 'Kim Nam-soo', 'Park Ha-on', 'Jo Ah-rang', 'Han Sang-gyoo']","['softcore', 'sex']"
196867,Annie,"['Comedy', 'Drama', 'Family']",6.238,1351,7.2406,2014-12-18,65000000,136853506,"['Quvenzhané Wallis', 'Jamie Foxx', 'Rose Byrne', 'Cameron Diaz', 'Bobby Cannavale', 'Adewale Akinnuoye-Agbaje']","['new york city', 'child abuse', 'helicopter', 'musical', 'based on play or musical', 'based on comic', 'billionaire', 'orphan']"
36586,Blade II,"['Fantasy', 'Horror', 'Action', 'Thriller']",6.558,5179,6.2642,2002-03-22,54000000,155010032,"['Wesley Snipes', 'Kris Kristofferson', 'Ron Perlman', 'Leonor Varela', 'Norman Reedus', 'Thomas Kretschmann']","['martial arts', 'mutation', 'vampire', 'lasersight', 'superhero', 'katana', 'supernatural', 'based on comic']"
9655,She's the Man,"['Comedy', 'Romance']",6.812,3273,6.3627,2006-03-17,20000000,57194667,"['Amanda Bynes', 'Channing Tatum', 'Laura Ramsey', 'Vinnie Jones', 'David Cross', 'Julie Hagerty']","['high school', 'sports', 'boarding school', 'roommates', 'twin sister', 'fake identity', 'mistaken identity', 'twin brother']"
1333100,Attack on Titan: THE LAST ATTACK,"['Animation', 'Action', 'Adventure', 'Drama']",8.721,192,6.5795,2024-03-20,0,21525687,"['Yuki Kaji', 'Yui Ishikawa', 'Marina Inoue', 'Hiroshi Kamiya', 'Yu Shimamura', 'Romi Park']","['dystopia', 'giant monster', 'compilation', 'based on manga', 'aftercreditsstinger', 'edited from tv series', 'shounen', 'anime']"
893694,Eva,"['Drama', 'Romance']",5.208,24,7.7268,2021-12-24,0,0,"['Angeli Khang', 'Ava Mendez', 'Marco Gomez', 'Ivan Padilla', 'Angelica Cervantes', 'Quinn Carrillo']",[]
10543,Fear,['Thriller'],6.605,1016,6.8882,1996-04-12,0,0,"['Mark Wahlberg', 'Reese Witherspoon', 'William L. Petersen', 'Alyssa Milano', 'Amy Brenneman', 'Tracy Fraim']","['psychopath', 'father', 'loss of virginity', 'teenage girl', 'psychological thriller', 'home invasion', 'split personality', 'ax']"
244761,The Captive,"['Drama', 'Thriller', 'Crime']",5.839,1162,4.1245,2014-09-05,0,1075178,"['Ryan Reynolds', 'Mireille Enos', 'Rosario Dawson', 'Scott Speedman', 'Kevin Durand', 'Alexia Fast']","['canada', 'kidnapping', 'suspicion', 'video surveillance', 'hidden camera', 'niagara falls', 'police detective', 'missing child']"
774825,The Ice Age Adventures of Buck Wild,"['Animation', 'Comedy', 'Family', 'Adventure']",6.568,1818,5.3304,2022-01-28,0,0,"['Simon Pegg', 'Vincent Tong', 'Aaron Harris', 'Utkarsh Ambudkar', 'Justina Machado', 'Sean Kenin']","['ice age', 'snow', 'spin off', 'polar adventure']"
9475,Scent of a Woman,['Drama'],7.787,3917,6.2761,1992-12-23,31000000,134100000,"['Al Pacino', ""Chris O'Donnell"", 'James Rebhorn', 'Gabrielle Anwar', 'Philip Seymour Hoffman', 'Richard Venture']","['vietnam veteran', 'new york city', 'blindness and impaired vision', 'scholarship', 'boarding school', 'tango', 'thanksgiving', 'limousine']"
169,Predator 2,"['Science Fiction', 'Action', 'Thriller']",6.303,3804,5.9545,1990-11-21,35000000,57120318,"['Danny Glover', 'Gary Busey', 'Rubén Blades', 'María Conchita Alonso', 'Bill Paxton', 'Robert Davi']","['predator', 'war on drugs', 'extraterrestrial technology', 'alien', 'los angeles, california', 'creature', 'alien invasion', 'invisible']"
2756,The Abyss,"['Adventure', 'Thriller', 'Science Fiction']",7.3,3409,6.3806,1989-08-09,43000000,90000098,"['Ed Harris', 'Mary Elizabeth Mastrantonio', 'Michael Biehn', 'Leo Burmester', 'Todd Graff', 'John Bedford Lloyd']","['sea', 'flying saucer', 'submarine', 'ocean', 'diving suit', 'secret mission', 'insanity', 'nuclear missile']"
599,Sunset Boulevard,['Drama'],8.3,2919,7.1917,1950-08-10,1752000,5000000,"['William Holden', 'Gloria Swanson', 'Erich von Stroheim', 'Nancy Olson', 'Fred Clark', 'Lloyd Gough']","[""new year's eve"", 'jealousy', 'loss of sense of reality', 'screenwriter', 'butler', 'delusion', 'diva', 'film noir']"
1035048,Elevation,"['Action', 'Science Fiction', 'Thriller']",6.421,955,6.5093,2024-11-07,18000000,3300000,"['Anthony Mackie', 'Morena Baccarin', 'Maddie Hasson', 'Danny Boyd Jr.', 'Rachel Nicks', 'Shauna Earp']","['mine', 'colorado', 'alien', 'hospital', 'alien invasion', 'ski lift', 'abandoned mine', 'monsters']"
531309,Brightburn,"['Horror', 'Science Fiction']",6.148,3446,7.1774,2019-05-09,6000000,33224654,"['Jackson A. Dunn', 'Elizabeth Banks', 'David Denman', 'Matt Jones', 'Meredith Hagner', 'Becky Wahlstrom']","['husband wife relationship', 'countryside', 'child murder', 'country life', 'kansas, usa', 'super power', 'super villain', 'father son relationship']"
46738,Incendies,"['Drama', 'War', 'Mystery']",8.102,3253,6.3156,2010-09-17,6800000,6788659,"['Lubna Azabal', 'Mélissa Désormeaux-Poulin', 'Maxim Gaudette', 'Rémy Girard', 'Allen Altman', 'Abdelghafour Elaaziz']","['middle east', 'militia', 'orphanage', 'family secrets', 'massacre', 'twins', 'will', 'dark secret']"
1581,The Holiday,"['Comedy', 'Romance']",7.098,5617,6.6911,2006-12-05,85000000,205233866,"['Cameron Diaz', 'Kate Winslet', 'Jude Law', 'Jack Black', 'Eli Wallach', 'Edward Burns']","['london, england', 'holiday', 'movie business', 'christmas party', 'country house', 'vacation', 'surrey', 'romance']"
10501,The Road to El Dorado,"['Family', 'Adventure', 'Animation', 'Comedy', 'Fantasy']",7.257,4025,7.8175,2000-03-31,95000000,76400000,"['Kenneth Branagh', 'Kevin Kline', 'Rosie Perez', 'Armand Assante', 'Edward James Olmos', 'Jim Cummings']","['gold', 'horse', 'cartoon', 'musical', 'con artist', 'sword fight', 'adventurer', '16th century']"
508,Love Actually,"['Comedy', 'Romance', 'Drama']",7.096,7364,6.4555,2003-09-07,40000000,250779876,"['Hugh Grant', 'Alan Rickman', 'Emma Thompson', 'Liam Neeson', 'Martine McCutcheon', 'Colin Firth']","['london, england', 'usa president', 'rock star', 'school performance', 'love at first sight', 'holiday', 'war on terror', 'marseille, france']"
9543,Prince of Persia: The Sands of Time,"['Adventure', 'Fantasy', 'Action']",6.299,7141,6.469,2010-05-19,200000000,336365676,"['Jake Gyllenhaal', 'Gemma Arterton', 'Ben Kingsley', 'Alfred Molina', 'Steve Toussaint', 'Toby Kebbell']","['persia', 'sandstorm', 'brother against brother', 'armageddon', 'based on video game']"
2164,Stargate,"['Action', 'Adventure', 'Science Fiction']",7.017,3776,6.1534,1994-10-28,55000000,196567262,"['James Spader', 'Kurt Russell', 'Jaye Davidson', 'Viveca Lindfors', 'Alexis Cruz', 'Mili Avital']","['egypt', 'teleportation', 'pyramid', 'space travel', 'uprising', 'space', 'androgyny', 'space western']"
1522377,Two Worlds One Wish,"['Romance', 'Drama']",7.348,46,6.3768,2025-11-24,0,0,"['Hande Erçel', 'Metin Akdülger', 'Serkan Tınmaz', 'Eylül Su Sapan', 'Nazlıcan Demir', 'Hüseyin Avni Danyal']",[]
536554,M3GAN,"['Science Fiction', 'Horror']",7.025,4785,7.2369,2022-12-28,12000000,181796517,"['Allison Williams', 'Violet McGraw', 'Amie Donald', 'Jenna Davis', 'Ronny Chieng', 'Brian Jordan Alvarez']","['android', 'artificial intelligence (a.i.)', 'killer robot', 'aunt niece relationship', 'evil doll', 'slasher', 'orphan', 'car accident']"
228165,The SpongeBob Movie: Sponge Out of Water,"['Adventure', 'Animation', 'Comedy', 'Family', 'Fantasy']",6.099,2520,5.4788,2015-01-28,74000000,325186032,"['Tom Kenny', 'Bill Fagerbakke', 'Rodger Bumpass', 'Clancy Brown', 'Mr. Lawrence', 'Carolyn Lawrence']","['sea', 'ocean', 'villain', 'sequel', 'computer animation', 'based on cartoon', 'pirate', 'superhero team']"
951491,Saw X,"['Horror', 'Mystery']",7.163,2350,6.6178,2023-09-27,13000000,125319714,"['Tobin Bell', 'Shawnee Smith', 'Synnøve Macody Lund', 'Steven Brand', 'Renata Vaca', 'Joshua Okamoto']","['mexico', 'mexico city, mexico', 'sadism', 'riddle', 'gore', 'sequel', 'con artist', 'cancer']"
853376,Villa Maids,['Drama'],2.5,2,7.4115,2021-05-21,0,0,"['Joo Ah', 'Rika', 'Kim Ji-ah', 'Sae Bom', 'Seung Ha', 'Lim Ji-yeong']",['softcore']
1155281,Creation of the Gods II: Demon Force,"['Action', 'Fantasy', 'War']",6.372,133,6.4089,2025-01-29,120000000,172619925,"['Huang Bo', 'Yu Shi', 'Nashi', 'Chen Muchi', 'Kris Phillips', 'Narana Erdyneeva']","['monster', 'based on novel or book', 'sequel', 'mythological beast', 'high fantasy', 'physical immortality', 'chinese mythology', 'god warrior']"
34433,Dragon Ball Z: Broly - The Legendary Super Saiyan,"['Animation', 'Science Fiction', 'Action']",7.227,989,6.8354,1993-03-06,0,21658982,"['Bin Shimada', 'Masako Nozawa', 'Ryo Horikawa', 'Iemasa Kayumi', 'Takeshi Kusao', 'Mayumi Tanaka']","['mind control', 'martial arts', 'legend', 'superhero', 'transformation', 'space travel', 'based on manga', 'martial artist']"
1379963,Tell Me Softly,"['Romance', 'Drama']",6.158,158,6.9561,2025-12-11,0,0,"['Alícia Falcó', 'Fernando Lindez', 'Diego Vidales', 'Jan Buxaderas', 'Eve Ryan', 'Fernando Nagore']","['based on novel or book', 'love triangle', 'amused', 'romance drama']"
425909,Ghostbusters: Afterlife,"['Fantasy', 'Comedy', 'Adventure']",7.325,5124,6.8162,2021-11-18,75000000,204445747,"['Mckenna Grace', 'Finn Wolfhard', 'Carrie Coon', 'Bokeem Woodbine', 'Paul Rudd', 'Logan Kim']","['small town', 'afterlife', 'ghostbuster', 'nostalgia', 'sequel', 'ghost', 'nostalgic', 'aftercreditsstinger']"
576004,Porno,"['Comedy', 'Horror']",5.978,415,5.5345,2019-06-28,0,0,"['Evan Daves', 'Larry Saperstein', 'Jillian Mueller', 'Glenn Stott', 'Robbie Tann', 'Katelyn Pearce']",['porno']
1236814,Swapping Workshop for Middle-aged Couples,['Romance'],9.0,1,5.8602,2023-04-21,0,0,"['Dal Rae', 'Do Hee', 'Jang Mi', 'Han Seok-bong', 'Hun-i', 'Woo Yeol']","['softcore', 'nudity']"
1104844,BLUE LOCK THE MOVIE -EPISODE NAGI-,"['Animation', 'Action', 'Drama']",7.421,228,6.0961,2024-04-19,0,14291561,"['Nobunaga Shimazaki', 'Yuma Uchida', 'Kazuyuki Okitsu', 'Kazuki Ura', 'Tasuku Kaito', 'Yuki Ono']","['sports', 'bromance', 'football (soccer)', 'based on manga', 'shounen', 'anime']"
41154,Men in Black 3,"['Action', 'Comedy', 'Science Fiction']",6.542,10950,6.5427,2012-05-23,225000000,654213485,"['Will Smith', 'Tommy Lee Jones', 'Josh Brolin', 'Jemaine Clement', 'Emma Thompson', 'Michael Stuhlbarg']","['time travel', 'time machine', 'based on comic', 'alien', 'buddy cop', 'fictional government agency', 'seeing the future', 'changing history']"
657654,Senior Couple and Exchange Sex,['Romance'],6.1,8,6.0936,2019-12-23,0,0,"['Min Do-yoon', 'Kang Min-woo', 'Kim Choi He', 'Tae Joo']",['softcore']
115724,Do You Know Me,"['Crime', 'Mystery', 'Thriller']",4.6,17,5.8679,2009-05-17,0,0,"['Rachelle Lefevre', 'Jeremy London', 'Ted Whittall', 'Lynda Boyd', 'Victoria Duffield', 'Adrien Dorval']",[]
1137350,The Phoenician Scheme,"['Comedy', 'Adventure', 'Crime']",6.495,886,5.9938,2025-05-23,30000000,40566381,"['Benicio del Toro', 'Mia Threapleton', 'Michael Cera', 'Riz Ahmed', 'Tom Hanks', 'Bryan Cranston']","['nun', 'espionage', 'dark comedy', 'arms dealer', 'industrialist', 'international organization', 'family abandonment', 'public works']"
8871,How the Grinch Stole Christmas,"['Family', 'Comedy', 'Fantasy']",6.8,8253,6.4482,2000-11-17,123000000,345800000,"['Jim Carrey', 'Taylor Momsen', 'Jeffrey Tambor', 'Christine Baranski', 'Bill Irwin', 'Molly Shannon']","['new love', 'based on novel or book', 'holiday', 'christmas party', 'village', 'santa claus', 'surrealism', 'thief']"
1422227,Aşk Sadece Bir An,"['Romance', 'Drama']",6.6,12,6.1714,2025-02-14,0,2500000,"['Emirhan Çakal', 'Nilsu Berfin Aktaş', 'Tuba Ünsal', 'Tuana Naz Tiryaki', 'Emre Kınay', 'Burcu Kara']",['affectation']
2503,The Bourne Ultimatum,"['Action', 'Drama', 'Mystery', 'Thriller']",7.437,8328,6.2783,2007-08-03,70000000,442824138,"['Matt Damon', 'Julia Stiles', 'David Strathairn', 'Scott Glenn', 'Paddy Considine', 'Edgar Ramírez']","['assassin', 'central intelligence agency (cia)', 'corruption', 'paris, france', 'based on novel or book', 'madrid, spain', 'espionage', 'prosecution']"
39513,Paul,"['Adventure', 'Comedy', 'Science Fiction']",6.738,6243,8.0261,2011-02-14,40000000,98000000,"['Simon Pegg', 'Nick Frost', 'Seth Rogen', 'Jason Bateman', 'Kristen Wiig', 'Bill Hader']","['san diego, california', 'alien', 'burlesque', 'area 51', 'alien space craft', 'duringcreditsstinger', '1980s', 'ambivalent']"
1305194,My Cousin the Sexologist 2,"['Comedy', 'Drama']",7.127,118,6.1964,2024-05-15,0,0,"['Stephanie Herela', 'Milena Granados', 'Andrés Salvatierra', 'Majelo Quiróz', 'David Ramírez']","['psychology', 'cousin', 'sequel', 'cousin relationship', 'sexual education', 'erotic comedy']"
8337,They Live,"['Science Fiction', 'Action', 'Thriller']",7.297,3443,6.0679,1988-11-04,4000000,13000000,"['Roddy Piper', 'Keith David', 'Meg Foster', 'George Buck Flower', 'Peter Jason', 'Raymond St. Jacques']","['capitalism', 'dystopia', 'villainess', 'alien', 'social commentary', 'los angeles, california', 'alien invasion', 'sunglasses']"
1429738,Tee Yai: Born to Be Bad,"['Crime', 'Action', 'Drama']",5.49,48,5.6512,2025-11-12,0,0,"['Nattawin Wattanagitiphat', 'Witsarut Himmarat', 'Supassara Thanachart', 'Sadanont Durongkhaweroj', 'Ongart Cheamcharoenpornkul', 'Patara Eksangkul']",[]
41446,Scream 4,"['Horror', 'Mystery']",6.5,4155,6.8059,2011-04-13,40000000,97231420,"['David Arquette', 'Neve Campbell', 'Courteney Cox', 'Emma Roberts', 'Hayden Panettiere', 'Nico Tortorella']","['rescue', 'mask', 'sheriff', 'jealousy', 'dark comedy', 'victim', 'knife', 'self-inflicted injury']"
1034716,People We Meet on Vacation,"['Comedy', 'Romance', 'Drama']",7.0,577,5.879,2026-01-06,1000000,0,"['Emily Bader', 'Tom Blyth', 'Sarah Catherine Hook', 'Jameela Jamil', 'Miles Heizer', 'Tommy Do']","['friendship', 'based on novel or book', 'romcom', 'grief', 'summer vacation', 'trust', 'second chance', 'feelgood']"
9335,Transporter 2,"['Action', 'Thriller', 'Crime']",6.327,3929,6.2524,2005-08-03,32000000,89100000,"['Jason Statham', 'Amber Valletta', 'Alessandro Gassmann', 'Kate Nauta', 'Matthew Modine', 'Jason Flemyng']","['martial arts', 'chauffeur', 'miami, florida', 'workaholic', 'war on drugs', 'kidnapping', 'conference', 'sequel']"
319,True Romance,"['Action', 'Crime', 'Romance']",7.537,3045,6.3397,1993-09-09,12500000,12600000,"['Christian Slater', 'Patricia Arquette', 'Dennis Hopper', 'Val Kilmer', 'Gary Oldman', 'Brad Pitt']","['hotel', 'parent child relationship', 'movie business', 'detective', 'mexican standoff', 'pimp', 'cocaine', 'ex-cop']"
241259,Alice Through the Looking Glass,"['Adventure', 'Family', 'Fantasy']",6.563,6760,6.8592,2016-05-25,170000000,299457024,"['Mia Wasikowska', 'Johnny Depp', 'Anne Hathaway', 'Helena Bonham Carter', 'Sacha Baron Cohen', 'Matt Lucas']","['based on novel or book', 'clock', 'queen', 'time travel', 'time', 'sequel', ""based on children's book"", 'dark fantasy']"
479718,The Outlaws,"['Action', 'Crime', 'Thriller']",7.66,536,7.2698,2017-10-03,5900000,52946454,"['Don Lee', 'Yoon Kye-sang', 'Jo Jae-yun', 'Choi Gwi-hwa', 'Lim Hyung-jun', 'Jin Sun-kyu']","['police', 'detective', 'gang', 'illegal alien', '2000s', 'korean chinese', 'seoul, south korea']"
39857,The Untold Story,"['Comedy', 'Crime', 'Horror']",6.265,149,7.7006,1993-05-13,0,0,"['Danny Lee Sau-Yin', 'Anthony Wong Chau-Sang', 'Emily Kwan Bo-Wai', 'Lau Siu-Ming', 'Shing Fui-On', 'Eric Kei Ka-Fat']",['series of murders']
710,GoldenEye,"['Adventure', 'Action', 'Thriller']",6.901,4310,6.4947,1995-11-16,60000000,352194034,"['Pierce Brosnan', 'Sean Bean', 'Izabella Scorupco', 'Famke Janssen', 'Joe Don Baker', 'Judi Dench']","['computer virus', 'cuba', 'falsely accused', 'secret intelligence service', 'secret identity', 'secret base', 'kgb', 'satellite']"
950891,The Sales Girl,['Drama'],0.0,0,6.1022,2023-11-15,0,0,"['Bayartsetseg Bayarjargal', 'Enkhtuul Oidovjamts', 'Bayarmaa Khuselbaatar', 'Sarantuya Daaganbat', 'Bazarragchaa Byambajav', 'Ganbayar Gantogtokh']",['sex shop']
859630,Corruption at a Summer Resort － Beautiful Married Woman Falls into Dark Desires,['Drama'],0.0,0,7.5934,2017-11-20,0,0,['Reiko Kobayakawa'],[]
1658217,Sawsawan,['Drama'],5.0,1,5.9322,2026-04-10,0,0,"['Karen Lopez', 'Rhian Rivera', 'Amor Lapus', 'Allen Legazpi', 'Jio Yoshida', 'Aeron Henry Cruz']",['sexy']
64084,Scorned,"['Drama', 'Thriller']",5.3,46,7.0074,1993-07-14,0,0,"['Shannon Tweed', 'Andrew Stevens', 'Kim Morgan Greene', 'Daniel McVicar', 'Michael D. Arenz', 'Stephen Young']","['widow', 'seduction', 'death', 'erotic movie', 'pretending to be gay']"
9462,The Way of the Dragon,"['Action', 'Crime']",7.375,1283,6.3022,1972-12-30,130000,27000000,"['Bruce Lee', 'Nora Miao', 'Chuck Norris', 'Wei Ping-Ao', 'Huang Tsung-Hsun', 'Robert Wall']","['martial arts', 'kung fu', 'rome, italy', 'colosseum', 'fight', 'culture clash', 'italy', 'gangster']"
37136,The Naked Gun: From the Files of Police Squad!,"['Comedy', 'Crime']",7.276,4473,6.0935,1988-12-02,12000000,152356177,"['Leslie Nielsen', 'Priscilla Presley', 'Ricardo Montalban', 'George Kennedy', 'O. J. Simpson', 'Susan Beaubian']","['assassination', 'police', 'aquarium', 'baseball', 'parody', 'slapstick comedy', 'los angeles, california', 'terrorism']"
930564,Saltburn,"['Drama', 'Comedy', 'Thriller']",6.957,2912,7.131,2023-11-16,20000000,21013738,"['Barry Keoghan', 'Jacob Elordi', 'Rosamund Pike', 'Richard E. Grant', 'Alison Oliver', 'Archie Madekwe']","['suicide', 'karaoke', 'obsession', 'country house', 'maze', 'college', 'dark comedy', 'birthday party']"
20504,The Book of Eli,"['Action', 'Thriller', 'Science Fiction']",6.797,6653,5.8946,2010-01-14,80000000,157107755,"['Denzel Washington', 'Gary Oldman', 'Mila Kunis', 'Ray Stevenson', 'Jennifer Beals', 'Michael Gambon']","['martial arts', 'faith', 'chaos', 'dystopia', 'post-apocalyptic future', 'bible', 'survival', 'gunfight']"
509,Notting Hill,"['Romance', 'Comedy']",7.27,6699,7.5938,1999-05-21,42000000,363889678,"['Julia Roberts', 'Hugh Grant', 'Gina McKee', 'Tim McInnerny', 'Rhys Ifans', 'Emma Chambers']","['new love', 'london, england', 'bookshop', 'roommates', 'press conference', 'paparazzi', 'interview', 'romcom']"
529203,The Croods: A New Age,"['Animation', 'Family', 'Adventure', 'Fantasy', 'Comedy']",7.442,4124,6.0104,2020-11-25,65000000,215905815,"['Nicolas Cage', 'Emma Stone', 'Ryan Reynolds', 'Catherine Keener', 'Cloris Leachman', 'Clark Duke']","['sequel', 'prehistory', 'aftercreditsstinger', 'duringcreditsstinger', 'candid', 'playful', 'joyous', 'admiring']"
800158,The Killer,"['Crime', 'Thriller']",6.6,2793,5.8731,2023-10-25,175000000,362113,"['Michael Fassbender', 'Tilda Swinton', 'Charles Parnell', 'Arliss Howard', ""Kerry O'Malley"", 'Sophie Charlotte']","['sniper', 'new york city', 'assassin', 'airport', 'paris, france', 'hitman', 'new orleans, louisiana', 'dark comedy']"
10483,Death Race,"['Action', 'Thriller', 'Science Fiction']",6.3,4112,7.1221,2008-08-22,45000000,76000000,"['Jason Statham', 'Joan Allen', 'Ian McShane', 'Tyrese Gibson', 'Natalie Martinez', 'Max Ryan']","['prison', 'martial arts', 'car race', 'dystopia', 'matter of life and death', 'car crash', 'prison guard', 'prison escape']"
395992,Life,"['Horror', 'Science Fiction', 'Mystery']",6.452,7902,5.99,2017-03-22,58000000,100541806,"['Jake Gyllenhaal', 'Ryan Reynolds', 'Rebecca Ferguson', 'Hiroyuki Sanada', 'Olga Dihovichnaya', 'Ariyon Bakare']","['planet mars', 'alien life-form', 'space', 'astronaut', 'space station', 'intelligent', 'trapped in space', 'extraterrestrial life']"
395992,Life,"['Horror', 'Science Fiction', 'Mystery']",6.452,7902,5.99,2017-03-22,58000000,100541806,"['Jake Gyllenhaal', 'Ryan Reynolds', 'Rebecca Ferguson', 'Hiroyuki Sanada', 'Olga Dihovichnaya', 'Ariyon Bakare']","['planet mars', 'alien life-form', 'space', 'astronaut', 'space station', 'intelligent', 'trapped in space', 'extraterrestrial life']"
1546855,It's OK,"['Drama', 'Comedy']",6.5,8,5.6969,2026-03-21,0,0,"['Wen Qi', 'Qin Hailu', 'White-K', 'Li Xueqin', 'Niu Li', 'Liu Jia']",[]
65754,The Girl with the Dragon Tattoo,"['Thriller', 'Crime', 'Mystery']",7.384,7575,6.6317,2011-12-14,90000000,232617430,"['Daniel Craig', 'Rooney Mara', 'Christopher Plummer', 'Stellan Skarsgård', 'Robin Wright', 'Yorick van Wageningen']","['journalist', 'island', 'rape', 'hacker', 'based on novel or book', 'nazi', 'journalism', 'sweden']"
705559,My Mother's Lovers,['Drama'],4.818,11,6.516,2020-05-29,0,0,"['César Acosta', 'Sandra Burgos', 'Alonso Esponda', 'Francisco Torres']","['lovers', 'lgbt', 'lgbt teen', 'mother son relationship', 'gay theme', 'short film']"
1948,Crank,"['Action', 'Thriller', 'Crime']",6.7,4187,6.1716,2006-08-31,12000000,42900000,"['Jason Statham', 'Amy Smart', 'Jose Pablo Cantillo', 'Efren Ramirez', 'Dwight Yoakam', 'Carlos Sanz']","['assassin', 'helicopter', 'hitman', 'poison', 'fistfight', 'swimming pool', 'revenge', 'shootout']"
254128,San Andreas,"['Action', 'Drama', 'Thriller']",6.243,8985,7.0878,2015-05-27,110000000,473990832,"['Dwayne Johnson', 'Alexandra Daddario', 'Carla Gugino', 'Ioan Gruffudd', 'Archie Panjabi', 'Paul Giamatti']","['california', 'san francisco, california', 'looting', 'earthquake', 'tsunami', 'disaster', 'los angeles, california', 'helicopter pilot']"
405871,On the Beach,['Drama'],5.571,21,6.5578,1985-08-24,0,0,"['Rei Akasaka', 'Aki Hayasaka', 'Hideaki Tezuka', 'Sadami Sakamoto', 'Ranko Mizuki', 'Rena Kuroki']","['softcore', 'pink film']"
504056,Big Brother,"['Action', 'Drama', 'Comedy']",7.439,254,6.036,2018-08-16,0,0,"['Donnie Yen', 'Joe Chen', 'Lok Ming-Kit', 'Yu Kang', 'Bruce Tong Kwan-Chi', 'Chris Kwan-Yiu Tong']",[]
974931,Totally Killer,"['Horror', 'Comedy', 'Science Fiction']",6.809,1098,6.1277,2023-09-28,0,0,"['Kiernan Shipka', 'Olivia Holt', 'Troy Leigh-Anne Johnson', 'Lochlyn Munro', 'Charlie Gillespie', 'Kelcey Mawema']","['halloween', 'time travel', 'carnival', 'serial killer', 'female protagonist', 'slasher', 'woman director', '1980s']"
1231914,Female Workers: Romance at Work 3,['Romance'],4.0,1,5.7502,2023-11-25,0,0,"['Soo Hee', 'Lee Chae-dam', 'Hae Il', 'Woo Yeol', 'Yoon Taek-seung']",['softcore']
93685,Swingers,"['Romance', 'Drama']",5.861,72,6.7408,2002-10-01,0,0,"['Ellen van der Koogh', 'Nienke Brinkhuis', 'Danny de Kok', 'Joep Sertons', 'Eleanore Merrill']","['husband wife relationship', 'sexploitation', 'swinger']"
411088,The Invisible Guest,"['Drama', 'Mystery', 'Thriller']",8.081,4950,6.8322,2017-01-06,4000000,30000000,"['Mario Casas', 'Ana Wagener', 'Jose Coronado', 'Bárbara Lennie', 'Francesc Orella', 'Paco Tous']","['barcelona, spain', 'businessman', 'falsely accused', 'manipulative lover', 'unreliable narrator', 'hidden truth', 'grieving father', 'accused of murder']"
628,Interview with the Vampire,"['Horror', 'Drama', 'Fantasy']",7.387,6401,6.3275,1994-11-11,60000000,223664608,"['Tom Cruise', 'Brad Pitt', 'Antonio Banderas', 'Christian Slater', 'Stephen Rea', 'Kirsten Dunst']","['paris, france', 'based on novel or book', 'san francisco, california', 'vampire', 'bite', 'new orleans, louisiana', 'plantation', 'louisiana']"
68734,Argo,"['Drama', 'Thriller']",7.3,8920,7.4716,2012-10-11,44500000,232300000,"['Ben Affleck', 'Bryan Cranston', 'Alan Arkin', 'John Goodman', 'Victor Garber', 'Tate Donovan']","['central intelligence agency (cia)', 'husband wife relationship', 'revolution', 'press conference', 'biography', 'american abroad', 'extraction', 'iran hostage crisis']"
646315,The Legendary Lighter,['Action'],5.8,5,9.265,2019-10-29,0,0,"['Kim Hae-joon', 'Park Sharon', 'Lee Dong-ju', 'Hong Dal-pyo']","['fighting', 'action hero']"
458723,Us,"['Horror', 'Mystery']",6.948,8032,7.2254,2019-03-14,20000000,256071218,"[""Lupita Nyong'o"", 'Winston Duke', 'Elisabeth Moss', 'Tim Heidecker', 'Shahadi Wright Joseph', 'Evan Alex']","['mask', 'boardwalk', 'murder', 'psychological thriller', 'fear', 'family vacation', 'home invasion', 'amusement park']"
2770,American Pie 2,"['Comedy', 'Romance']",6.252,5287,6.4388,2001-08-10,30000000,287553595,"['Jason Biggs', 'Thomas Ian Nicholas', 'Chris Klein', 'Seann William Scott', 'Eddie Kaye Thomas', 'Alyson Hannigan']","['summer', 'beach house', 'group of friends', 'tantra', 'superglue', 'sex comedy']"
4564,Sex and the City,"['Comedy', 'Drama', 'Romance']",6.548,2259,6.013,2008-05-12,65000000,418800000,"['Sarah Jessica Parker', 'Kim Cattrall', 'Kristin Davis', 'Cynthia Nixon', 'Chris Noth', 'Candice Bergen']","['hotel', ""new year's eve"", 'new york city', 'forgiveness', 'city portrait', 'fashion journal', 'saint louis', 'female friendship']"
2118,L.A. Confidential,"['Crime', 'Mystery', 'Thriller']",7.801,5513,5.9796,1997-09-19,35000000,126216940,"['Kevin Spacey', 'Russell Crowe', 'Guy Pearce', 'James Cromwell', 'Kim Basinger', 'Danny DeVito']","['corruption', 'based on novel or book', 'call girl', 'shotgun', 'detective', 'femme fatale', 'domestic violence', 'whodunit']"
663712,Terrifier 2,['Horror'],6.7,2476,6.415,2022-10-06,250000,15815602,"['David Howard Thornton', 'Lauren LaVera', 'Elliott Fullam', 'Sarah Voigt', 'Kailey Hyman', 'Casey Hartnett']","['halloween', 'clown', 'gore', 'resurrection', 'sequel', 'slasher', 'killer', 'macabre']"
51608,The Man from Nowhere,"['Action', 'Thriller', 'Crime']",7.686,1479,6.0523,2010-08-04,1255000,43059790,"['Won Bin', 'Kim Sae-ron', 'Kim Tae-hun', 'Kim Hie-won', 'Kim Seung-o', 'Lee Jong-pil']","['friendship', 'martial arts', 'assassin', 'hero', 'hitman', 'child labour', 'human trafficking', 'protection']"
652837,"Josee, the Tiger and the Fish","['Animation', 'Drama', 'Romance']",8.26,593,8.012,2020-12-25,0,0,"['Taishi Nakagawa', 'Kaya Kiyohara', 'Yume Miyamoto', 'Kazuyuki Okitsu', 'Lynn', 'Chiemi Matsutera']","['based on novel or book', 'paraplegic', 'love', 'slice of life', 'relationship', 'based on short story', 'disability', 'anime']"
1468057,GATAO: Big Brothers,"['Crime', 'Action']",6.25,12,6.6968,2025-08-21,0,0,"['Jack Kao', 'Tsai Chen-nan', 'Tai Bo', 'King Jieh-wen', 'Lung Tien-hsiang', 'Tsui Hao-jan']",[]
1160956,Panda Plan,"['Action', 'Comedy']",6.776,279,6.4078,2024-10-01,25000000,42238170,"['Jackie Chan', 'Shi Ce', 'Wei Xiang', 'Han Yanbo', 'Xu Juncong', 'Danny Ray']","['assistant', 'zoo', 'panda', 'superstar', 'rescue operation']"
8922,Jeepers Creepers,['Horror'],6.477,3262,6.1726,2001-07-01,10000000,59217789,"['Gina Philips', 'Justin Long', 'Jonathan Breck', 'Patricia Belcher', 'Eileen Brennan', 'Brandon Smith']","['monster', 'brother', 'mass murder', 'sister', 'aftercreditsstinger', 'cross country trip', 'rural', 'horrified']"
1566589,No Other Love,"['Crime', 'Drama', 'Romance']",5.0,5,4.9758,2026-03-21,0,0,"['Yuan Quan', 'Geng Le', 'Ning Jing', 'Yu Feihong', 'Qi Xi', 'Joan Chen']",['based on novel or book']
10897,The Little Rascals,"['Romance', 'Comedy', 'Family']",6.81,1316,5.9028,1994-08-05,0,67308282,"['Bug Hall', 'Brittany Ashton Holmes', 'Travis Tedford', 'Kevin Jamal Woods', 'Jordan Warkol', 'Zachary Mabry']","['friendship', 'shenanigan', 'group of friends', 'woman director']"
107846,Escape Plan,"['Action', 'Thriller']",6.721,5564,7.0231,2013-10-09,50000000,137328301,"['Sylvester Stallone', 'Arnold Schwarzenegger', 'Jim Caviezel', '50 Cent', 'Sam Neill', 'Vinnie Jones']","['ship', 'prison warden', 'prison escape', 'escape artist', 'maximum security prison']"
820525,After Everything,"['Romance', 'Drama']",6.888,993,6.4896,2023-09-13,14000000,10644463,"['Hero Fiennes Tiffin', 'Josephine Langford', 'Mimi Keene', 'Stephen Moyer', 'Louise Lombard', 'Arielle Kebbel']","['alcohol', 'forgiveness', 'lisbon, portugal', 'trauma', ""writer's block"", 'sequel', 'love', 'grief']"
22538,Scott Pilgrim vs. the World,"['Action', 'Comedy', 'Romance']",7.485,8545,6.8451,2010-08-12,73000000,51825248,"['Michael Cera', 'Mary Elizabeth Winstead', 'Ellen Wong', 'Kieran Culkin', 'Alison Pill', 'Mark Webber']","['video game', 'skateboarding', 'ex-boyfriend', 'ex-girlfriend', 'toronto, canada', 'animated scene', 'dating', 'guitar player']"
9325,The Jungle Book,"['Family', 'Animation', 'Adventure']",7.279,6646,6.4113,1967-10-18,4000000,378000000,"['Bruce Reitherman', 'Phil Harris', 'Sebastian Cabot', 'George Sanders', 'Sterling Holloway', 'Louis Prima']","['based on novel or book', 'narration', 'human animal relationship', 'cartoon', 'villain', 'musical', 'feral child', 'coming of age']"
53851,The Baroness and the Butler,"['Comedy', 'Drama', 'Romance']",5.281,16,7.7299,1938-02-18,0,0,"['William Powell', 'Annabella', 'Helen Westley', 'Henry Stephenson', 'Joseph Schildkraut', 'J. Edward Bromberg']","['butler', 'parliament']"
650,Boyz n the Hood,"['Crime', 'Drama']",7.62,2235,6.4986,1991-07-12,6500000,57504069,"['Cuba Gooding Jr.', 'Laurence Fishburne', 'Ice Cube', 'Morris Chestnut', 'Angela Bassett', 'Nia Long']","['street gang', 'gangster', 'rapper', 'ghetto', 'street war', 'violence in schools', 'coming of age', 'social commentary']"
337339,The Fate of the Furious,"['Action', 'Crime', 'Thriller']",6.9,10786,7.1999,2017-04-12,250000000,1236000000,"['Vin Diesel', 'Jason Statham', 'Dwayne Johnson', 'Michelle Rodriguez', 'Tyrese Gibson', 'Ludacris']","['new york city', 'submarine', 'rescue mission', 'sequel', 'street race', 'betrayal', 'criminal mastermind', 'mysterious woman']"
614934,Elvis,"['Music', 'History', 'Drama']",7.462,3866,6.6045,2022-06-22,85000000,288670284,"['Austin Butler', 'Tom Hanks', 'Olivia DeJonge', 'Helen Thomson', 'Richard Roxburgh', 'Kelvin Harrison Jr.']","[""rock 'n' roll"", 'biography', 'singer', 'music business', 'rock singer', '1950s', 'famous song', 'apathetic']"
9836,Happy Feet,"['Animation', 'Comedy', 'Family']",6.2,5438,7.144,2006-11-16,100000000,384335608,"['Elijah Wood', 'Robin Williams', 'Brittany Murphy', 'Hugh Jackman', 'Nicole Kidman', 'Hugo Weaving']","['fish', 'ocean', 'zoo', 'penguin', 'tap dancing', 'anthropomorphism', 'love', 'crush']"
260934,Canon (Fidelidad al límite),['Drama'],6.981,135,5.6769,2014-03-21,0,0,"['Mariana Seoane', 'Plutarco Haza', 'Humberto Zurita', 'Mónica Dionne', 'Rosita Bouchot', 'Carlos Corona']",[]
4032,My Girl,"['Comedy', 'Drama']",7.413,2280,7.0134,1991-11-27,17000000,59490000,"['Anna Chlumsky', 'Macaulay Culkin', 'Dan Aykroyd', 'Jamie Lee Curtis', 'Richard Masur', 'Griffin Dunne']","['friendship', '1970s', 'beehive', 'remarriage', 'neighbor', 'death', 'writing workshop', 'makeup artist']"
1263421,Baki Hanma VS Kengan Ashura,"['Animation', 'Action', 'Fantasy']",7.464,344,5.5695,2024-06-05,0,0,"['Nobunaga Shimazaki', 'Tatsuhisa Suzuki', 'Akio Otsuka', 'Takuya Eguchi', 'Kenta Miyake', 'Nobuyuki Hiyama']","['martial arts', 'fight', 'shounen', 'anime', 'original net animation (ona)']"
8078,Alien Resurrection,"['Science Fiction', 'Horror', 'Action']",6.168,5522,6.8916,1997-11-12,70000000,162000000,"['Sigourney Weaver', 'Winona Ryder', 'Dominique Pinon', 'Ron Perlman', 'Gary Dourdan', 'Michael Wincott']","['android', 'smuggling (contraband)', 'dystopia', 'mercenary', 'sequel', 'alien', 'betrayal', 'cloning']"
82675,Taken 2,"['Action', 'Crime', 'Thriller']",6.364,7084,7.8638,2012-09-27,45000000,376100000,"['Liam Neeson', 'Maggie Grace', 'Famke Janssen', 'Leland Orser', 'D. B. Sweeney', 'Jon Gries']","['kidnapping', 'fbi', 'turkey', 'police chase', 'teenage daughter', 'stealing a car', 'ex-husband ex-wife relationship', 'albanian']"
565770,Blue Beetle,"['Action', 'Science Fiction', 'Adventure']",6.633,3082,7.2393,2023-08-16,104000000,130788072,"['Xolo Maridueña', 'Bruna Marquezine', 'Susan Sarandon', 'Raoul Max Trujillo', 'Belissa Escobedo', 'Damián Alcázar']","['armor', 'superhero', 'family relationships', 'family', 'high tech', 'job hunting', 'mexican american', 'aftercreditsstinger']"
277,Underworld,"['Fantasy', 'Action', 'Thriller']",6.849,6573,5.9491,2003-09-19,22000000,95708457,"['Kate Beckinsale', 'Scott Speedman', 'Michael Sheen', 'Shane Brolly', 'Bill Nighy', 'Erwin Leder']","['budapest, hungary', ""love of one's life"", 'vampire', 'subway', 'hostility', 'bite', 'descendant', 'hybrid']"
12405,Slumdog Millionaire,"['Drama', 'Romance']",7.731,11288,5.9483,2008-11-12,15000000,378400000,"['Dev Patel', 'Freida Pinto', 'Madhur Mittal', 'Anil Kapoor', 'Mahesh Manjrekar', 'Saurabh Shukla']","['based on novel or book', 'slum', 'cheating', 'suspicion', 'mumbai (bombay), india', 'game show', 'quiz', 'orphan']"
76203,12 Years a Slave,"['Drama', 'History']",7.932,11952,6.0746,2013-10-18,20000000,187000000,"['Chiwetel Ejiofor', 'Michael Fassbender', ""Lupita Nyong'o"", 'Benedict Cumberbatch', 'Paul Dano', 'Sarah Paulson']","['slavery', 'plantation', 'based on memoir or autobiography', 'violin player', 'physical abuse', 'black slave', 'usa history', 'slave owner']"
3170,Bambi,"['Animation', 'Drama', 'Family']",7.009,6005,6.3321,1942-08-14,858000,267447150,"['Donnie Dunagan', 'Peter Behn', 'Stan Alexander', 'Cammie King', 'Will Wright', 'Hardie Albright']","['loss of loved one', 'cartoon', 'forest', 'coming of age', 'best friend', 'cartoon rabbit', 'forest fire', 'aggressive']"
496450,"Miraculous: Ladybug & Cat Noir, The Movie","['Animation', 'Fantasy', 'Action', 'Romance', 'Family']",7.6,947,6.1245,2023-07-05,86000000,40208268,"['Anouck Hautbois', 'Benjamin Bollen', 'Fanny Bloc', 'Alexandre Nguyen', 'Antoine Tomé', 'Marie Chevalot']","['paris, france', 'superhero', 'musical', 'interracial romance', 'teen superhero']"
151024,The Soldier with Great Maneuvers,['Comedy'],4.966,44,8.0763,1978-12-07,0,0,"['Edwige Fenech', 'Renzo Montagnani', 'Alvaro Vitali', 'Michele Gammino', 'Lucio Montanaro', 'Enzo Monteduro']","['italian', 'base', 'doctor', 'soldier', 'military', 'pretending to be gay']"
1290792,One Spoon of Chocolate,"['Action', 'Drama', 'Thriller']",5.25,4,6.1286,2026-05-01,0,0,"['Shameik Moore', 'Blair Underwood', 'RJ Cyler', 'Paris Jackson', 'Emyri Crutchfield', 'Michael Harney']",[]
3176,Battle Royale,"['Drama', 'Thriller', 'Action']",7.3,3798,6.3516,2000-12-16,4500000,30600000,"['Tatsuya Fujiwara', 'Aki Maeda', 'Takeshi Kitano', 'Taro Yamamoto', 'Masanobu Ando', 'Ko Shibasaki']","['high school', 'friendship', 'suicide', 'island', 'japan', 'based on novel or book', 'asia', 'dystopia']"
64688,21 Jump Street,"['Action', 'Comedy', 'Crime']",6.886,10982,5.8859,2012-03-14,42000000,201585328,"['Jonah Hill', 'Channing Tatum', 'Brie Larson', 'Dave Franco', 'Rob Riggle', 'DeRay Davis']","['drug dealer', 'high school', 'investigation', 'nerd', 'male friendship', 'parody', 'jock', 'crude humor']"
2268,The Golden Compass,"['Adventure', 'Fantasy']",6.084,4816,5.183,2007-12-04,180000000,372234864,"['Nicole Kidman', 'Daniel Craig', 'Dakota Blue Richards', 'Ben Walker', 'Freddie Highmore', 'Ian McKellen']","['compass', 'experiment', 'england', 'polar bear', 'airship', 'steampunk', 'animals', 'alternate universe']"
507244,Afterburn,"['Action', 'Science Fiction', 'Comedy']",6.227,280,6.508,2025-08-20,60000000,1319121,"['Dave Bautista', 'Olga Kurylenko', 'Kristofer Hivju', 'Samuel L. Jackson', 'Daniel Bernhardt', 'Simon Merrells']",['post-apocalyptic future']
1190511,Sitaare Zameen Par,"['Comedy', 'Drama']",7.0,44,6.4652,2025-06-20,0,3532430,"['Aamir Khan', ""Genelia D'Souza"", 'Dolly Ahluwalia', 'Brijendra Kala', 'Happy Ranajit', 'Deepraj Rana']","['basketball', 'remake', 'based on movie', 'intellectual disability', 'sports drama', 'family sports drama', 'sports comedy']"
131634,The Hunger Games: Mockingjay - Part 2,"['Action', 'Adventure', 'Science Fiction']",6.901,13311,6.4494,2015-11-18,160000000,653428261,"['Jennifer Lawrence', 'Josh Hutcherson', 'Liam Hemsworth', 'Woody Harrelson', 'Elizabeth Banks', 'Julianne Moore']","['strong woman', 'based on novel or book', 'revolution', 'dystopia', 'death match', 'based on young adult novel']"
1268,Mr. Bean's Holiday,"['Family', 'Comedy']",6.382,3101,6.0488,2007-03-22,25000000,232225908,"['Rowan Atkinson', 'Willem Dafoe', 'Maxim Baldry', 'Karel Roden', 'Emma de Caunes', 'Steve Pemberton']","['france', 'movie business', 'language barrier', 'clumsy fellow', 'to drop brick', 'misunderstanding', 'false accusations', 'filmmaking']"
1239134,Bhooth Bangla,"['Horror', 'Comedy']",6.5,9,5.6253,2026-04-16,14000000,20000000,"['Akshay Kumar', 'Wamiqa Gabbi', 'Paresh Rawal', 'Tabu', 'Jisshu Sengupta', 'Rajpal Yadav']","['haunted house', 'black magic', 'based on myths, legends or folklore', 'supernatural horror', 'indian mythology', 'comedy horror', 'supernatural comedy']"
10634,Friday,"['Comedy', 'Drama']",7.138,2001,5.8887,1995-04-26,3500000,28215918,"['Ice Cube', 'Chris Tucker', 'Nia Long', 'Tommy Lister Jr.', 'John Witherspoon', 'Anna Maria Horsford']","['drug dealer', 'rap music', 'parent child relationship', 'rapper', 'male friendship', 'urban life', 'slacker', 'pot smoking']"
252,Willy Wonka & the Chocolate Factory,"['Family', 'Fantasy', 'Comedy']",7.483,3934,6.3723,1971-06-29,3000000,4000000,"['Gene Wilder', 'Jack Albertson', 'Peter Ostrum', 'Roy Kinnear', 'Julie Dawn Cole', 'Leonard Stone']","['factory worker', 'factory', 'based on novel or book', 'chocolate', 'candy', 'overweight child', 'grandparent grandchild relationship', 'tv addicted person']"
17653,The Legend of Fong Sai-yuk,"['Adventure', 'Action', 'Comedy']",7.0,181,6.8736,1993-03-04,0,3956913,"['Jet Li', 'Josephine Siao Fong-Fong', 'Vincent Zhao Wenzhuo', 'Michele Reis', 'Paul Chu Kong', 'Sibelle Hu Hui-Chung']",['kung fu']
39391,Gypsy,"['Comedy', 'Drama', 'Music']",6.342,76,4.3427,1962-11-01,4000000,11076923,"['Rosalind Russell', 'Natalie Wood', 'Karl Malden', 'Paul Wallace', 'Betty Bruce', 'Parley Baer']","['biography', 'stripper', 'based on play or musical', 'domineering mother', 'burlesque']"
297761,Suicide Squad,"['Action', 'Adventure', 'Fantasy']",5.9,22048,6.9929,2016-08-03,175000000,749200054,"['Will Smith', 'Jared Leto', 'Margot Robbie', 'Joel Kinnaman', 'Viola Davis', 'Jai Courtney']","['secret mission', 'superhero', 'anti hero', 'villain', 'supervillain', 'dc extended universe (dceu)']"
1643729,Ishqa'n De Lekhe,"['Drama', 'Romance', 'Music']",10.0,1,6.5193,2026-03-06,0,0,"['Gurnam Bhullar', 'Isha Malviya', 'Rana Ranbir', 'Mintu Kapa', 'Balwinder Bullet', 'Mohini Toor']",[]
57165,Wrath of the Titans,"['Fantasy', 'Adventure', 'Action']",5.762,4493,6.2925,2012-03-28,150000000,301970083,"['Sam Worthington', 'Liam Neeson', 'Ralph Fiennes', 'Rosamund Pike', 'Bill Nighy', 'Edgar Ramírez']","['hades', 'mythology', 'greek mythology', 'zeus', 'god', 'perseus', 'ancient greece', 'ares']"
187,Sin City,"['Crime', 'Thriller']",7.463,8795,6.438,2005-04-01,40000000,158733820,"['Bruce Willis', 'Jessica Alba', 'Clive Owen', 'Mickey Rourke', 'Rutger Hauer', 'Benicio del Toro']","['dystopia', 'based on comic', 'anthology', 'black and white', 'held captive', 'based on graphic novel', 'mysterious killer', 'doing the right thing']"
419116,Russian Mom,"['Drama', 'Romance']",5.5,26,6.231,2016-07-28,0,0,"['Irina Griga', 'Kang Ye-na', 'Kim Do-hee', 'Yoon Se-hyeong', 'Jeon Ji-hak']",['softcore']
16996,17 Again,"['Comedy', 'Fantasy', 'Drama', 'Romance']",6.316,5410,6.4525,2009-03-11,20000000,136300000,"['Zac Efron', 'Leslie Mann', 'Thomas Lennon', 'Michelle Trachtenberg', 'Sterling Knight', 'Matthew Perry']","['high school', 'time travel', 'fake identity', 'bullying', 'basketball', 'high school sports', 'adult as a child', 'do over']"
14128,Cinderella II: Dreams Come True,"['Family', 'Animation', 'Romance', 'Fantasy']",6.121,1532,7.5182,2002-02-23,5000000,0,"['Jennifer Hale', 'Rob Paulsen', 'Corey Burton', 'Andre Stojka', 'Russi Taylor', 'Susanne Blakeslee']","['princess', 'magic', 'fairy', 'cartoon', 'musical', 'anthology', 'sequel', 'anthropomorphism']"
8856,The Karate Kid Part II,"['Adventure', 'Drama', 'Action', 'Romance', 'Family']",6.338,2465,6.6857,1986-06-18,13000000,115103979,"['Ralph Macchio', 'Pat Morita', 'Danny Kamekona', 'Nobu McCarthy', 'Yuji Okumoto', 'Tamlyn Tomita']","['underdog', 'martial arts', 'japan', 'sports', 'death of father', 'okinawa', 'sequel', 'feud']"
280092,Insidious: Chapter 3,"['Horror', 'Thriller']",6.284,3594,6.2595,2015-05-28,10000000,120453155,"['Stefanie Scott', 'Lin Shaye', 'Dermot Mulroney', 'Leigh Whannell', 'Angus Sampson', 'Steve Coulter']","['supernatural', 'medium', 'sequel', 'evil spirit', 'prequel', 'demon', 'other dimension', 'insidious']"
568,Apollo 13,"['Drama', 'History']",7.457,5878,6.5236,1995-06-30,52000000,355237933,"['Tom Hanks', 'Bill Paxton', 'Kevin Bacon', 'Gary Sinise', 'Ed Harris', 'Kathleen Quinlan']","['rescue', 'florida', 'race against time', 'moon', 'nasa', 'spaceman', 'based on true story', 'houston, texas']"
848538,Argylle,"['Action', 'Adventure', 'Comedy']",5.992,1725,5.85,2024-01-31,200000000,96221061,"['Henry Cavill', 'Bryce Dallas Howard', 'Sam Rockwell', 'Bryan Cranston', ""Catherine O'Hara"", 'Sofia Boutella']","['london, england', 'france', 'cat', 'spy', 'greece', 'secret organization', 'colorado', 'secret agent']"
570595,Russian Nymphet: Temptation,"['Drama', 'Romance']",5.6,27,6.6284,2004-11-28,0,0,"['Oleg Bilitsky', 'Valeria Nemchenko']",[]
42384,A Tale of Legendary Libido,"['Comedy', 'Fantasy', 'Drama']",5.8,47,5.9064,2008-04-30,0,0,"['Bong Tae-gyu', 'Kim Ye-won', 'Oh Dal-su', 'Youn Yuh-jung', 'Jeon Soo-kyeong', 'Kwon Byung-gil']","['legend', 'joseon dynasty (1392–1910)']"
274870,Passengers,"['Drama', 'Romance', 'Science Fiction']",6.953,14186,6.471,2016-12-21,110000000,303144152,"['Jennifer Lawrence', 'Chris Pratt', 'Michael Sheen', 'Laurence Fishburne', 'Andy Garcia', 'Vince Foster']","['android', 'spacecraft', 'asteroid', 'isolation', 'shower', 'hibernation', 'swimming pool', 'automation']"
33227,Tapas,"['Comedy', 'Drama']",5.838,37,5.0909,2006-07-06,0,0,"['Ángel de Andrés López', 'María Galiana', 'Elvira Mínguez', 'Rubén Ochandiano', 'Alberto de Mendoza', 'Darío Paso']",[]
364689,Ferdinand,"['Animation', 'Family', 'Adventure', 'Comedy']",7.211,3077,6.202,2017-12-09,111000000,295038508,"['John Cena', 'Kate McKinnon', 'Anthony Anderson', 'Bobby Cannavale', 'Peyton Manning', 'Gina Rodriguez']","['friendship', 'spain', 'madrid, spain', 'europe', 'anthropomorphism', 'remake', 'bull', ""based on children's book""]"
145341,Colonel Kwiatkowski,"['Comedy', 'History']",6.742,31,5.7474,1996-05-10,0,0,"['Marek Kondrat', 'Zbigniew Zamachowski', 'Renata Dancewicz', 'Adam Ferency', 'Artur Barciś', 'Andrzej Blumenfeld']",[]
745881,The Medium,"['Horror', 'Mystery']",6.998,740,5.8936,2021-07-14,0,7230000,"['Narilya Gulmongkolpech', 'Sawanee Utoomma', 'Sirani Yankittikan', 'Yasaka Chaisorn', 'Boonsong Nakphoo', 'Arunee Wattana']","['supernatural', 'medium', 'grave', 'thailand', 'shaman', 'occult', 'fake documentary', 'found footage']"
610150,Dragon Ball Super: Super Hero,"['Animation', 'Science Fiction', 'Action']",7.879,3008,6.0829,2022-06-11,0,86600000,"['Masako Nozawa', 'Toshio Furukawa', 'Yuko Minaguchi', 'Hiroshi Kamiya', 'Mamoru Miyano', 'Miyu Irino']","['android', 'martial arts', 'superhero', 'sequel', 'attack', 'based on manga', 'fighting', 'aftercreditsstinger']"
